N,P,K,pH,Humidity,Rainfall,Temp_Jan,Temp_Feb,Temp_Mar,Temp_Apr,Temp_May,Temp_Jun,Temp_Jul,Temp_Aug,Temp_Sep,Temp_Oct,Temp_Nov,Temp_Dec,Soil_Type,Target
93.71990685061068,37.73202365680631,46.69116087998805,5.971615840254379,72.48934192471658,211.80162351955548,18.3,22.7,27.0,34.9,32.5,34.1,31.9,32.6,31.7,26.6,25.1,18.0,Alluvial,rice
77.49722948723996,53.333729330786525,46.73734940273382,6.964437183163511,69.40973805420442,211.21367884314938,25.4,26.4,27.0,27.6,26.5,25.0,25.3,19.6,25.6,26.5,21.0,24.2,Laterite,maize
63.09849959242057,57.6042130129739,39.67834881369879,8.511791315681556,87.2963514145528,290.2686813899182,26.5,33.4,29.9,30.6,30.3,28.0,26.8,26.7,28.1,27.0,27.1,27.1,Laterite,jute
69.68446824170248,63.23438608957389,33.25657970848678,7.048260404826883,86.11847703707535,247.17923837220337,18.9,21.7,23.3,30.1,33.3,34.3,31.8,30.8,29.6,26.1,23.4,16.0,Alluvial,cotton
18.139429827417814,32.584217770471504,10.436842936089114,6.080403985375403,95.05522834405949,104.50208076017186,27.2,24.7,24.3,28.6,29.1,27.3,21.3,22.9,20.3,23.7,24.5,22.8,Alluvial,coconut
28.555434492841925,15.719471323334162,34.58070653776639,6.7183503369483875,100.23877545155965,105.54514791572554,16.2,19.9,27.6,36.8,37.1,32.3,34.4,31.1,31.3,28.9,26.8,19.9,Laterite,papaya
18.73024871888894,11.177925112416736,9.446196328076734,6.196383697679409,81.91788587513682,70.91240648882247,21.2,20.4,26.2,31.3,35.5,29.8,33.2,30.6,29.1,26.2,24.2,18.5,Laterite,orange
120.10367546475388,138.85707055217125,179.6930964433645,6.097857028058881,59.10007551566967,99.81961925579638,3.8,2.9,4.7,7.6,14.0,13.5,14.5,15.1,15.9,11.3,4.5,-0.7,Forest,apple
101.36461132224346,21.35430881661155,52.32434954872851,6.485517872061648,20.169183913177218,52.08075203589135,16.3,22.3,26.6,33.8,34.3,29.7,29.2,28.7,28.2,24.9,26.1,16.6,Forest,muskmelon
109.6934508885784,13.413517043892696,44.73476955899087,6.48864688050279,22.402448739848776,44.37710720296677,17.7,21.6,30.7,31.0,34.4,34.1,26.9,30.9,28.0,30.3,23.3,18.5,Laterite,watermelon
74.61883816307451,14.010968401215447,46.30752392013946,6.263334486168943,65.5965274817406,75.77621314618203,23.7,24.7,28.9,32.0,33.5,26.7,22.8,27.6,29.2,24.8,28.9,26.4,Black,grapes
8.827019198890673,9.314189636254916,13.502730350803052,6.382254423875839,67.04463856287612,166.39745774163586,22.4,26.2,26.0,27.7,27.4,23.6,21.9,23.4,21.2,24.8,22.5,24.4,Forest,mango
96.8524935316802,87.67939575645087,43.82697096146943,6.70890216188182,85.87038501517524,92.45998446864853,18.6,25.9,24.1,33.6,35.3,31.0,29.1,27.8,23.8,24.5,21.3,19.3,Forest,banana
19.08670218501402,20.721854437745684,37.66065965484846,6.0469049311979814,20.778159025404264,75.25138995074592,18.2,23.5,30.9,34.3,36.6,35.9,33.3,32.4,32.4,26.6,26.2,19.6,Arid,pomegranate
22.036232268773027,72.61653437763734,79.26906646163357,5.937910145227431,18.797010598892765,103.31260279387051,15.9,20.9,28.3,32.3,35.7,30.0,26.9,29.4,28.1,27.3,18.8,16.1,Black,lentil
42.90549269881869,59.72614174529995,77.83392341285017,6.249623532492357,57.03561415397837,94.91742014403823,18.4,18.8,25.8,24.5,32.9,34.8,31.9,31.2,28.6,27.6,23.1,18.1,Forest,blackgram
17.41678552094466,52.24993003852509,21.49650030919531,6.5906671532365255,35.5200599151783,47.61019185231895,16.1,19.1,26.4,31.9,32.6,30.2,27.9,28.5,31.4,26.1,24.5,14.9,Arid,mungbean
20.63282208789498,36.35892582336727,20.792125260706875,6.508532300158711,48.01278566299351,52.29217293342197,15.5,21.8,22.9,32.2,34.4,33.1,29.4,26.0,30.0,25.2,22.0,17.3,Arid,mothbeans
20.813632187311846,64.68856852166115,83.87241729962228,5.313312460142443,77.47630786999785,138.58608639308707,25.7,27.0,28.3,31.8,32.7,27.4,26.0,23.1,26.1,29.0,24.3,27.1,Arid,pigeonpeas
21.006565249894038,68.27127492647371,91.15917306437218,5.301715339453701,68.47173811631552,73.05640772445214,2.5,-0.2,8.5,10.9,12.4,15.5,13.6,10.4,12.6,6.7,5.8,0.2,Forest,kidneybeans
18.296563612359108,62.7071692334345,80.93781578553795,4.982308179982821,20.60388646817743,83.06831436191693,16.2,20.6,28.4,32.8,37.4,31.8,29.0,32.5,31.8,29.4,23.3,19.1,Black,chickpea
113.15183147961227,38.461484372711666,22.545459435313532,7.1589301447938425,59.446221812583815,147.08210596399627,13.6,22.1,26.9,30.5,35.5,32.3,28.1,26.2,31.1,24.1,22.8,18.4,Arid,coffee
79.85985502651164,39.50786145122164,39.67347636657066,6.033808001702549,77.50382227622391,175.4050603705575,13.4,18.8,27.0,33.8,35.4,32.2,30.4,28.5,26.7,26.5,26.7,19.7,Alluvial,rice
79.97427194014595,56.210924007300974,36.294306791992476,6.9318359378301455,73.9400715387947,224.3130909780331,22.9,25.2,26.9,26.8,25.5,20.5,16.9,17.4,21.3,25.6,22.1,24.9,Black,maize
57.19228096055764,51.32309103782384,43.604136988031364,8.797947114953311,91.72775711723159,238.1184068458574,18.8,20.2,27.0,34.9,37.4,34.4,31.8,30.8,29.1,28.4,25.2,20.0,Black,jute
80.49704217800274,55.67459436959901,43.11231994502121,6.394938326647021,73.72120497493111,265.69587247214434,6.8,2.1,8.6,8.3,17.2,21.0,15.2,11.3,12.8,11.0,5.7,5.0,Red,cotton
22.40752936222211,31.821642947919017,9.71643955015532,5.818316901949129,95.68415579316911,99.8132778461689,24.8,27.9,29.5,29.3,29.3,26.8,25.8,24.5,25.2,28.1,23.2,23.5,Laterite,coconut
27.22566529464488,16.39676916801613,33.62757049079358,7.624326215780345,98.6556969412331,116.84063209723249,0.3,-1.1,6.0,16.7,13.2,17.3,14.4,12.2,13.9,10.7,9.2,2.2,Black,papaya
17.224506560557337,10.5171706730008,9.191832718415649,7.042188226658878,76.74032568476855,90.56788668681942,15.0,21.0,24.2,32.0,32.9,32.5,31.5,29.2,31.3,29.5,23.8,12.6,Alluvial,orange
108.61322369283685,133.38270535972708,226.21682871263903,6.611322974481913,67.87331260773323,87.99597215539188,24.8,29.0,28.2,30.3,31.4,25.5,24.1,24.3,27.0,23.1,28.5,28.0,Arid,apple
102.818323761047,21.071730774459553,45.884265528232355,6.535005452162728,19.213515635768857,55.11454137665181,18.0,17.8,24.8,31.0,32.0,30.1,28.7,31.4,29.4,29.9,22.2,18.0,Laterite,muskmelon
106.41618163443238,13.746243381927425,53.198403930288954,6.171123611594336,27.892172232135092,56.95647398353083,13.5,26.7,26.4,30.3,36.2,33.2,30.0,32.4,28.3,24.3,22.7,19.5,Alluvial,watermelon
62.56821950915898,14.082494429695535,44.60580871653167,6.813745651269193,62.91489195577803,60.75132633093257,18.7,24.7,24.6,34.3,35.0,33.2,26.4,33.7,29.7,28.5,26.2,14.5,Alluvial,grapes
11.372788889023749,9.180459174587007,15.655405779526967,5.892173088671955,53.970451811321865,144.99545783025434,18.8,20.7,26.3,32.0,38.2,33.2,29.0,29.1,31.7,28.5,24.7,18.9,Arid,mango
93.91539004785783,80.18553464952191,54.81575811431999,5.561624037447459,77.51846294495901,98.85317723744632,18.1,16.1,25.3,31.2,34.8,28.1,24.8,28.9,27.1,28.5,23.8,12.8,Black,banana
20.010571266585337,18.067073901815593,39.22908832645013,5.473089820683173,21.08665148621622,76.1983106075899,13.7,20.8,24.2,32.6,31.7,30.2,25.3,26.3,27.9,26.8,22.4,15.7,Red,pomegranate
18.4670350626584,72.7285111210685,89.44978956187506,6.877899257444961,19.89379641959692,102.2606499883584,26.1,28.8,27.7,29.4,26.9,22.6,21.9,22.1,24.8,26.2,22.9,27.6,Red,lentil
36.56665565093246,66.28810294130285,70.061741254879,6.580081123630721,59.42748236439995,108.14181533145918,17.6,18.8,21.9,31.5,38.7,32.3,29.7,28.5,27.0,25.8,26.7,15.5,Alluvial,blackgram
21.870877247778836,48.42930295179701,22.0860060869132,7.9079723731396605,42.18986754057917,54.30067230354063,22.8,21.4,23.1,28.5,26.1,21.4,25.7,21.6,26.0,22.1,24.3,25.5,Laterite,mungbean
18.389232893276308,40.818151931302076,18.870724554467774,6.127174149466475,45.12943566397244,46.336192358266885,0.8,4.8,5.3,11.0,12.6,15.9,16.6,12.6,15.2,5.5,9.0,5.4,Red,mothbeans
22.17818772616182,60.324828629084685,86.63204408166155,5.7458864648909485,79.03074957313432,135.84319664052526,17.0,22.0,28.0,33.1,31.6,34.9,28.2,30.2,28.2,29.4,19.8,18.7,Black,pigeonpeas
20.734718879136857,77.4117764698661,82.66712535935989,5.00406766689078,65.59222355877704,71.57673645894762,-0.6,1.9,7.3,9.2,17.0,12.8,18.1,15.5,11.1,11.7,5.9,1.6,Forest,kidneybeans
18.70794186834178,73.89384809006918,83.12213290649227,5.032586173069758,17.27518674137352,88.74757844305921,23.8,25.0,31.8,26.1,28.8,25.3,21.2,20.9,21.0,27.0,22.1,24.6,Red,chickpea
92.07422687191679,41.76136536049795,21.07548665247045,5.731902784759963,53.29265474598305,163.12807163086748,23.9,26.6,24.5,28.5,27.7,21.8,22.0,22.1,23.4,24.0,23.2,23.7,Black,coffee
88.97643065901353,42.220888283194974,44.28138421687829,7.132843090514638,81.84118543448155,221.3412562015346,26.7,26.5,32.0,31.6,28.9,21.0,28.1,23.6,24.0,29.3,24.7,26.5,Laterite,rice
76.19400507211344,57.647817467667586,39.91033850785867,7.533564358716866,77.74505996597817,226.86499825073776,18.2,21.0,28.0,31.4,30.1,33.0,30.3,29.4,29.4,26.9,26.5,18.5,Forest,maize
57.89532082024238,54.10109994359763,44.148252412877426,8.302282937231194,93.32549635378383,268.1667986412837,25.4,26.7,28.4,28.8,32.0,25.6,23.5,29.3,23.0,25.4,27.9,28.5,Laterite,jute
83.5314887916464,65.1829635818095,42.07933533595769,6.861932612516291,78.96024732496001,236.4194658147878,21.1,19.4,19.2,33.1,30.9,31.2,29.2,31.9,30.3,25.0,21.5,21.0,Red,cotton
20.31518716245747,33.37536329347636,10.648843607017058,5.531681582884602,96.59975459545986,91.67925609932713,16.9,23.4,22.6,28.9,36.3,34.0,30.2,25.9,31.1,23.6,25.8,16.6,Alluvial,coconut
33.48253190560177,13.47909756897603,35.903895714930115,6.186529438667843,80.124163048533,99.23608546338707,20.5,22.8,28.6,35.6,39.9,34.9,27.3,36.5,34.8,26.7,26.7,18.6,Red,papaya
19.26125199040274,8.691772266809823,8.685574863898225,6.367086793585803,90.44156471445352,73.31889308250953,15.4,20.3,26.4,34.3,36.5,33.4,31.7,30.8,28.9,25.3,26.2,24.7,Red,orange
136.16629174776148,136.57035914226572,178.66326893468343,6.800051300907105,58.08179600148102,90.91907643898956,15.7,19.5,26.5,29.7,35.0,33.5,32.1,28.1,27.1,24.6,25.0,16.0,Laterite,apple
88.57506267919098,17.788186176142368,44.41689071302005,5.277282587225665,20.66647186078444,53.36802349529217,26.0,24.8,25.6,29.0,28.7,22.6,23.0,21.7,24.9,27.0,22.7,25.0,Arid,muskmelon
107.6376852593826,16.982355846466092,47.41038724394311,7.004665713738022,22.12596423367114,44.180080419650004,17.5,17.1,28.0,35.3,33.5,32.7,27.9,26.7,28.2,27.4,21.0,18.2,Forest,watermelon
69.33292812659306,16.767737986375906,42.43509977996263,6.3152960843577635,60.59221272063102,69.45927913025604,12.2,18.3,21.7,32.1,29.1,29.9,28.3,26.1,26.9,27.6,22.2,18.1,Alluvial,grapes
10.290555751376882,9.142514444208246,13.967055679592757,6.162514928345809,65.22336966335394,133.55356220290247,16.8,20.0,26.6,33.1,35.9,30.9,29.4,26.2,26.1,27.7,18.4,18.6,Red,mango
112.32781506722354,79.37744881785157,56.794906734117234,6.161694239045288,76.96884921424028,105.5000959150471,21.6,30.7,25.7,27.3,26.7,24.3,23.0,20.5,23.4,23.9,25.6,25.7,Black,banana
17.897191626224508,18.17021250256659,37.449520573667385,5.797080808003282,20.331852261559654,74.38360144121289,15.6,18.0,25.4,28.6,35.6,27.9,27.4,27.6,27.8,23.3,22.2,18.7,Forest,pomegranate
19.69753411271848,66.68403315279642,73.97898101888545,6.732777454117089,18.227981354811828,104.63206361672314,26.4,25.9,26.5,30.6,28.7,21.9,21.0,22.3,24.0,24.9,27.0,23.6,Laterite,lentil
41.634788360259634,56.04595110026272,71.8175923007795,6.994646563668865,63.40251321454407,86.7046019801409,26.1,26.2,30.0,24.8,31.2,25.4,27.9,21.8,23.8,27.9,21.3,25.7,Forest,blackgram
22.726172994402887,50.968329336417604,22.296552133862818,6.616937677298544,40.093332676948535,52.00079927220103,16.1,17.4,24.8,24.8,30.9,29.9,26.4,28.0,28.0,23.2,23.1,19.7,Forest,mungbean
20.957616261629333,45.15382509883581,17.224326194425036,6.416033018520991,56.6277759729129,44.11999656915964,16.2,22.8,29.9,33.9,34.3,30.3,28.5,30.2,29.2,31.0,19.4,20.7,Arid,mothbeans
19.065798281384907,71.95013903571011,69.45977487287341,6.464462479046094,72.28167408394218,162.9313934049361,23.8,30.4,29.3,28.0,28.1,23.6,27.9,22.7,25.2,24.8,25.3,24.6,Arid,pigeonpeas
20.17346268865993,69.46833945116715,83.2808689390059,4.998295095174656,68.46424482810387,87.6220837138356,14.1,20.5,26.7,30.8,32.5,29.4,28.8,27.9,26.2,24.0,25.3,17.0,Arid,kidneybeans
17.823375040140593,65.38648870779849,75.47089319647968,5.087496507287055,19.163778928587305,85.15051853445031,26.0,27.6,27.0,28.1,30.1,22.1,24.1,22.4,25.8,21.5,24.8,23.7,Alluvial,chickpea
111.05769985215208,45.41081765335292,21.649871776297584,6.109048491059937,54.373230018166126,144.59314020891125,1.2,3.1,9.9,7.6,15.4,14.9,10.6,14.6,12.1,10.8,4.5,1.2,Laterite,coffee
80.0097960533021,47.233821722601384,40.30722180611889,5.798643718556373,83.46449228020344,196.2611818423242,27.6,28.2,29.9,29.2,31.1,31.7,23.4,25.0,24.4,27.5,24.8,26.2,Forest,rice
77.29267863380026,51.69443689674236,42.600886345515875,7.797174953801926,91.31396180536285,240.3013058549215,20.0,22.1,26.9,31.5,33.6,34.9,28.6,32.5,28.3,27.9,24.3,22.6,Red,maize
60.32553537427518,55.93178457758437,44.168007072434754,7.925429009462724,84.7042156578074,241.4825703958067,-0.8,3.1,4.5,11.1,16.1,15.2,14.3,10.2,12.9,9.6,6.7,3.2,Black,jute
81.57689066199208,59.81513211276099,41.145966989294706,7.507661111682077,81.42076409843715,250.90937751866366,27.6,30.9,28.1,28.3,31.0,20.6,21.2,23.7,24.9,26.2,26.1,22.6,Laterite,cotton
21.779395673411873,32.253904927946024,8.609630740793389,5.167200734751217,74.63738129334789,93.75025813215346,19.3,20.6,27.3,34.8,34.4,31.7,30.2,29.8,32.6,28.0,23.4,19.8,Forest,coconut
27.193822281295414,16.445900391330824,37.218591817075634,7.5034628596911706,79.23134388389917,117.93339027968904,19.8,17.7,25.8,32.6,38.0,30.4,27.2,27.9,27.2,23.6,26.6,17.4,Alluvial,papaya
21.683366136470966,10.738017705889167,9.73939994143452,5.599354930870979,76.98198720080553,80.2348854985278,25.0,28.5,26.2,28.3,31.2,26.5,22.8,21.7,22.9,25.4,25.3,25.6,Arid,orange
123.02683149096113,118.8885930790722,194.54331629855028,6.594730630780211,53.93257011829283,102.68696714024541,15.9,21.6,29.0,31.3,31.5,33.1,29.5,26.2,29.4,22.5,20.9,17.2,Forest,apple
101.77723536942179,22.296096734532725,49.024899286122185,6.767265980970425,20.56809260767832,54.1836544275869,0.4,1.9,4.0,9.8,17.5,14.9,17.3,11.2,13.1,9.7,3.1,2.1,Black,muskmelon
108.67186749007669,15.150858744139699,54.88770631287312,5.745175702097626,22.786164599947416,50.36919308529737,17.9,21.8,29.5,31.4,36.2,31.2,30.5,31.8,29.4,23.2,28.0,19.7,Red,watermelon
61.991994612405065,13.301781478556661,41.45703477351732,5.940195756536063,61.563577294786384,73.3030273712001,15.7,19.6,28.5,32.9,36.2,31.8,28.8,31.5,27.0,25.2,23.3,16.4,Red,grapes
8.801443885552361,10.948491135995713,13.737342548675302,6.212251440872372,65.28229001351626,166.85018566317248,19.4,20.8,26.9,34.5,36.3,34.3,30.8,33.1,31.7,27.2,24.7,15.0,Black,mango
103.32962173438247,68.90801863377006,52.80696000530304,5.828271590595165,78.04288304775744,105.04343033952242,23.5,26.1,27.5,28.4,29.3,26.8,25.3,22.2,24.4,24.6,26.2,23.3,Arid,banana
22.24333127279184,20.61296030274817,37.409606577605864,5.867246250399214,20.30653681078367,60.72181161748473,22.8,23.3,26.3,29.2,27.1,22.9,22.8,22.2,23.5,24.8,19.5,20.5,Black,pomegranate
21.607591980678684,63.259187057305844,81.70567565702386,7.378943904137704,22.10299872670552,107.72159387455706,26.3,24.9,29.1,28.0,27.3,23.9,21.4,23.0,21.7,24.4,22.8,20.7,Red,lentil
35.53487018067264,64.92206569598498,88.10734468888836,5.9394751647191475,63.598233659663904,99.87479019598932,19.0,18.8,25.8,31.0,32.7,31.2,25.3,30.4,31.0,24.8,22.5,17.1,Black,blackgram
19.99742402092048,49.87035748570584,18.058035057588594,6.654897719080627,34.91961505426157,50.19396599947418,18.0,20.7,27.6,31.4,39.6,31.3,28.5,29.0,29.4,29.5,24.0,20.4,Laterite,mungbean
18.069134950724507,40.38592407648068,22.196417874309926,5.680441759381438,56.114155436907865,50.7429098589568,18.8,18.7,27.9,32.7,33.7,33.4,31.4,29.7,29.0,26.3,22.1,15.5,Forest,mothbeans
19.741061165707748,61.837735920867374,88.85574006054571,6.602078782807076,79.43472196225393,136.1581145037182,16.5,21.0,27.3,36.2,38.5,33.4,34.4,31.1,33.2,28.9,26.5,21.5,Black,pigeonpeas
17.988849465976024,73.0682467266402,77.71687932922889,5.594802860571516,73.83430335909334,84.04214776237465,19.2,22.2,24.4,35.3,33.2,37.6,28.1,30.8,32.3,24.9,27.2,19.4,Black,kidneybeans
19.885891647217782,61.552087256084384,78.29403104390833,6.2687482817595015,21.761841536595146,87.04525378693928,14.8,19.0,22.1,32.6,34.8,32.5,32.2,27.1,29.4,26.5,25.1,18.3,Alluvial,chickpea
93.45414879420285,44.96353745009257,21.92145198996046,6.936201903315114,52.74367376110903,148.78817690697701,17.5,23.9,29.1,31.4,35.4,32.0,32.8,28.8,29.0,26.6,26.1,17.9,Black,coffee
81.57874560052716,45.27132794494167,42.936948190610146,6.083495241269325,80.94647141035227,197.25539653550203,21.6,21.3,27.7,33.6,34.8,36.4,28.7,28.5,30.9,22.4,26.5,18.6,Red,rice
88.98345667644746,56.99139566939621,44.38027914224507,6.5079654363184405,83.59181465064452,254.00939244650732,1.6,3.4,4.8,9.7,14.0,11.7,9.8,16.3,12.6,10.4,7.1,1.7,Forest,maize
64.93741801158338,59.377447769158245,49.53508109243513,7.635087587872498,71.16467775995946,256.6748776791484,19.2,20.0,25.8,33.0,35.4,31.4,23.3,23.8,27.5,23.8,20.8,17.7,Black,jute
80.33697681853188,60.47533219840998,34.42596623272097,6.5073075320558456,71.4468520562002,222.95197942091164,28.4,29.2,29.4,29.4,30.8,29.4,23.1,27.1,25.2,24.1,24.3,27.4,Alluvial,cotton
20.4814659678646,29.288559370299623,9.589523306830253,6.212221131746164,80.3343367861243,89.79467288099126,18.5,20.5,23.6,29.8,32.8,33.9,27.1,26.5,28.4,23.5,26.1,17.4,Arid,coconut
27.495497450428534,15.04072231429267,33.676946124277954,6.898746238059534,80.07956188278231,117.84390258660171,16.0,20.4,20.7,28.2,30.8,28.6,30.3,27.8,29.9,24.4,22.1,15.7,Alluvial,papaya
22.219151611230743,11.165681944096256,11.012393549864921,7.097584944764266,90.78081623758584,81.21251716165266,28.9,29.0,30.7,30.8,32.4,27.0,28.2,21.9,24.5,26.3,26.9,24.2,Black,orange
116.9519540555049,118.20487171424861,174.3591342307767,5.678680501550996,64.4814696216968,108.49786257195358,1.2,3.5,4.8,10.5,15.2,13.7,12.0,11.1,12.8,5.0,7.1,4.0,Forest,apple
113.54400920664185,18.773711895810163,43.653204802690674,6.172776130450192,22.14262706960602,55.700084527189574,1.4,3.0,8.5,10.9,15.0,14.8,14.7,16.8,13.6,11.6,5.9,4.7,Arid,muskmelon
93.40510517335086,14.200985244073575,45.8835649608943,7.017305525894015,21.60033233547737,45.63618684930487,19.3,19.9,28.4,29.7,36.8,28.4,29.4,31.0,29.2,25.5,23.2,18.7,Laterite,watermelon
79.46789582394248,16.274968378930502,42.7621929639625,5.417110496181824,67.78760860774094,69.55562837870508,28.6,31.1,30.3,32.1,28.1,25.0,32.0,25.0,27.0,27.8,28.1,24.3,Alluvial,grapes
9.517720159542396,9.124186045271488,14.85982636080041,5.3632575615968445,57.73682566467775,162.27180632625272,18.7,22.2,27.3,29.0,37.4,33.5,27.9,28.4,29.4,25.0,23.6,14.9,Alluvial,mango
110.02996972789725,76.91646142822509,49.617322905973275,5.461962321105111,79.74187517741467,112.35991896269371,13.8,19.7,27.6,29.5,37.6,31.2,27.8,26.2,27.7,29.5,22.0,16.0,Forest,banana
17.66721479475694,21.084845425218603,44.15437048382684,6.647126303050535,19.54829725647641,63.24147433166213,27.2,22.8,28.9,29.3,29.1,24.2,29.1,23.5,28.1,24.1,22.3,27.1,Forest,pomegranate
20.729353404276367,70.20723626402291,84.25877990617667,6.248850010036581,20.192874266531934,91.23666173809544,17.2,19.8,29.2,30.6,36.3,32.9,29.6,30.6,29.6,26.7,25.4,19.5,Forest,lentil
34.801048016379305,64.94514530513334,85.6765744175861,5.793696425065657,63.779590317618,87.20946356295222,0.4,0.5,6.2,11.6,10.9,18.6,13.1,17.1,13.7,13.2,9.5,6.2,Laterite,blackgram
22.280481040864267,46.36721089900644,21.763220103267543,7.172265584623602,45.40203138715064,44.71476203705476,14.2,18.9,24.7,30.7,34.3,30.5,27.5,27.0,29.3,23.3,21.9,16.7,Black,mungbean
19.941743586416045,43.76910312896504,21.38930371921189,6.720802683154002,47.208326471942144,47.789097480934416,18.3,19.4,23.3,33.2,34.5,30.8,29.1,29.0,27.6,25.0,22.0,18.4,Forest,mothbeans
21.746556100316198,61.950066797266174,72.473254556781,6.554550658702868,68.61330447235129,165.62714972582137,15.4,17.4,22.3,31.5,32.8,27.1,29.1,29.7,29.9,23.6,25.1,19.5,Arid,pigeonpeas
21.68805136742792,68.53159032418512,77.27198394699884,6.214383317007277,61.89224162188905,82.89910198007789,25.9,26.8,27.7,26.1,34.0,22.9,24.4,24.3,25.2,23.1,22.3,24.9,Laterite,kidneybeans
17.752392549648228,74.23119388019745,84.7024035392682,5.001241733019639,19.52469899209091,78.9867929419649,18.2,22.6,25.8,29.0,37.6,33.2,28.9,32.2,27.8,28.1,23.3,18.6,Arid,chickpea
94.78603391361344,45.27163465286847,21.08058414540157,6.333078292209331,63.50952721225437,147.25746866823846,-0.0,0.1,8.0,13.2,14.1,14.1,15.3,16.2,17.6,9.2,4.1,4.2,Alluvial,coffee
80.45940372689645,45.411857550150344,45.98542279682915,6.245144619895162,76.81279367847289,208.16415131254203,20.5,25.1,27.0,27.0,28.5,24.6,26.4,26.4,26.2,23.9,20.9,27.5,Laterite,rice
79.94587124004394,61.610673047613886,38.59934251017102,6.856038954470488,81.14809053726088,218.0942152229578,-0.4,1.7,8.7,9.8,16.9,17.4,12.5,14.3,16.4,12.9,5.4,1.5,Laterite,maize
54.501704189137804,50.609359899016525,41.824225844902685,8.475158547285936,72.49846994615795,248.7310095877883,28.2,26.4,29.6,28.2,30.4,27.3,24.1,24.5,26.2,22.8,25.0,27.2,Red,jute
75.34943263745157,65.9893046616982,34.56605977507311,6.681505960620113,80.69673056805507,247.6658934200539,22.1,19.3,26.4,37.0,34.1,35.7,29.4,31.8,36.2,25.9,28.4,22.3,Forest,cotton
17.659441380440263,32.66028468153017,9.767070422415173,5.288673576155759,97.11229197436626,110.35870224186932,19.5,20.5,26.3,32.2,35.1,30.5,27.5,31.1,30.2,26.8,25.0,19.7,Laterite,coconut
31.257926306453495,13.324307942434174,31.927932866407755,6.403742659698528,85.23616558346558,120.15856506417242,22.3,21.8,25.5,34.4,38.4,34.9,28.2,32.1,32.7,23.2,30.7,14.9,Arid,papaya
20.624407672253415,10.127530651467625,9.096365143106087,5.419511453718651,84.35615302748737,81.52229092347875,24.6,27.2,25.7,31.5,29.4,25.8,20.7,22.8,21.1,23.8,19.9,27.0,Arid,orange
131.83765898183333,130.82427637373019,193.16632764565068,5.896928635186085,55.7850241449672,91.97046604169101,21.7,20.9,30.4,36.4,35.5,32.7,31.9,27.4,33.4,23.9,18.4,17.0,Arid,apple
110.66848050922755,18.769892759700454,54.101828723408914,6.572051940735957,18.24406020501714,51.375557890283886,0.6,2.5,8.7,10.1,12.1,17.1,12.4,11.9,13.5,10.1,4.4,4.8,Red,muskmelon
100.16270448623348,17.054907557914262,43.16107053854032,6.472247720906377,26.3720437770544,45.892406583764675,16.4,24.0,29.2,33.5,36.8,32.6,26.8,31.6,27.6,26.1,25.2,19.1,Arid,watermelon
67.13794507479932,15.096934796124946,39.88387367711296,6.342963542266496,68.91480804587712,60.97856355298757,19.2,18.6,30.4,36.3,38.9,31.9,31.2,29.1,29.4,28.5,26.8,17.6,Arid,grapes
49.42584857505392,48.23958927789207,62.305831505867324,12.637081076871045,11.660902132583884,647.2227851529831,23.2,26.0,27.8,28.4,28.3,22.4,23.7,22.3,24.9,24.8,22.9,25.8,Laterite,mango
92.40108672015161,89.10473985463216,54.72711336367701,5.407734307787157,87.99660343067124,100.46768207796984,27.6,27.9,28.4,31.6,30.6,30.6,21.8,23.7,25.6,26.9,27.1,23.0,Black,banana
18.625271589608822,22.772628113910216,36.354985779156415,6.092536039097533,19.396946632947557,78.39557457654695,17.2,18.6,18.8,31.5,35.9,31.8,30.8,30.1,28.0,27.2,20.7,15.1,Red,pomegranate
19.513361034191043,65.92349839295491,91.18573800343063,7.321669378762244,21.188841649976755,99.23457621267309,-0.9,1.2,7.1,13.6,12.9,16.9,15.5,16.8,13.1,12.8,3.5,0.1,Red,lentil
44.20762989401404,58.16923783838012,82.64026827676382,6.257299953622647,63.67732988223931,96.45041237052905,23.2,27.5,27.5,25.8,28.3,20.5,27.1,21.9,22.9,22.0,20.7,28.7,Alluvial,blackgram
20.814872342003966,44.88969726210597,20.588174896517582,6.914911932352414,37.025080890267134,52.26381789694206,19.3,22.1,28.5,28.5,33.9,33.4,30.0,31.2,28.8,28.2,23.7,20.3,Black,mungbean
19.154606058561093,36.779929591020945,20.728461062187705,6.467034477381154,51.58487545648129,48.53748333451542,20.5,20.7,26.5,32.8,36.4,32.9,28.9,26.3,29.1,24.6,24.9,14.3,Arid,mothbeans
22.267566546752843,381.51596153659733,81.379251123722,2.032109383737748,15.213651325933851,152.78906582315565,4.3,-0.4,7.0,9.3,14.5,17.2,15.9,14.6,13.0,11.8,5.7,4.3,Red,pigeonpeas
20.861560155019276,77.56780350220471,77.69909260840706,5.312810004775451,56.27064110081021,85.17925857569345,15.7,17.4,27.4,31.0,34.5,29.0,28.7,27.7,23.8,24.0,23.5,16.0,Forest,kidneybeans
18.716772730073412,66.03454355145847,88.05443007698379,6.221347824890607,21.61605653023621,83.72891718526421,16.7,21.6,24.2,36.2,36.3,29.3,29.4,32.7,34.2,27.2,26.2,17.4,Black,chickpea
104.41257159411003,42.51891311416745,20.09847387602004,7.184618235429741,65.9563572575587,170.63495551959184,16.4,21.4,26.6,29.4,33.2,31.6,28.3,31.5,30.9,27.3,24.9,17.9,Forest,coffee
82.87989270759601,36.86178787714697,42.4675502244422,7.272595326613352,74.71006335827327,225.97355223065452,23.9,24.0,27.4,26.0,28.4,24.1,22.0,24.3,27.1,23.0,22.7,20.4,Black,rice
89.33495400127154,55.416908469254615,43.26580425979222,6.895483078003614,85.36211937722473,229.9949621922368,20.2,18.9,27.8,36.0,41.1,37.8,34.3,28.4,28.6,24.7,25.6,16.8,Black,maize
66.10422893370416,50.378448783151335,43.47798080200731,7.533141590317042,84.83690491315242,242.11443441235863,15.0,22.8,29.7,35.7,34.4,36.1,29.2,27.5,27.4,26.0,22.2,18.2,Red,jute
68.0458274870561,54.261334780952865,38.90266133335868,6.923055826318283,85.65020245853252,224.38345926394283,15.6,22.1,27.5,32.4,34.8,32.2,27.7,30.1,28.5,28.2,22.7,17.7,Red,cotton
19.102637921433853,30.549898430954812,10.704746735919297,6.647071258752959,93.96848418317704,101.66728746671373,0.9,3.7,5.4,13.9,15.8,18.4,15.6,15.7,13.5,14.7,8.4,7.3,Arid,coconut
27.23597586831492,16.189449639545046,35.01986551037121,6.636747964749196,89.52056840596424,104.22430958752992,25.1,27.9,29.4,26.6,24.9,27.6,23.7,26.5,26.0,28.4,26.9,25.5,Alluvial,papaya
22.576892255445635,9.390331725873297,9.98146150916504,6.61187901986713,78.29833891525736,89.71525412140565,15.4,21.1,27.4,32.2,31.9,34.2,26.4,27.1,30.7,27.0,20.8,17.0,Laterite,orange
135.14132903518842,114.88318186014043,188.84319891349352,6.2832424892987,55.867476344477936,109.42982141452187,0.5,1.4,8.4,13.2,10.5,11.5,13.5,17.8,16.6,9.8,5.9,3.4,Forest,apple
90.85060699390132,19.24404968127243,45.22181969600771,6.422550926533784,21.147559302379477,56.71433345782232,5.0,4.9,6.8,10.7,16.2,16.6,15.2,17.6,13.6,10.8,5.9,-0.1,Forest,muskmelon
89.34306925575873,15.664461124297507,45.63667843451282,6.946924088518023,22.655784826250592,47.156823278399976,22.1,24.8,22.8,26.0,28.5,25.0,21.4,22.9,26.5,25.7,23.1,22.6,Forest,watermelon
65.74848342601359,13.34531141959239,50.419072125203655,6.3484931601332715,69.2179653690039,69.56714549308693,17.1,18.9,25.1,31.9,37.2,29.4,27.8,30.1,28.0,25.5,22.8,17.8,Black,grapes
9.86468630736134,8.693720008558314,13.805983422016176,6.02347896710823,67.09119159652555,154.62334063435728,16.2,21.3,26.2,31.1,35.5,31.2,28.2,27.9,26.5,23.9,19.7,13.6,Forest,mango
102.05237954542883,69.11557911989695,46.934540731855236,6.413364095686697,70.79276420255059,107.4542563788441,18.3,20.2,30.2,33.4,35.8,31.4,28.0,29.3,29.5,28.7,24.8,17.2,Laterite,banana
21.73453851713663,20.039327479279994,34.84888130189387,5.167157656523809,21.117932085487105,60.47502649894707,24.7,25.2,25.0,27.7,26.9,23.9,25.8,25.2,26.1,24.2,23.0,28.1,Arid,pomegranate
17.661156819299762,78.42108103202433,85.99294645077609,6.555877598133962,18.216454807050454,111.99638251222845,16.1,21.0,23.2,30.7,34.9,33.0,33.5,30.3,30.6,28.5,23.7,19.5,Red,lentil
40.77045993770773,62.6409844246231,86.93522433464844,6.464615761890087,57.614859526205926,92.4787677418225,2.7,3.7,6.5,10.1,12.4,11.6,12.4,13.8,13.9,9.3,5.8,3.4,Forest,blackgram
57.55438202754126,121.36409451436332,22.553716999597704,6.522250110178211,7.28788418885296,54.89261752920736,17.9,20.6,30.8,31.1,34.3,30.3,28.9,26.7,29.8,25.9,22.9,19.4,Black,mungbean
21.631636873238243,43.19833892000936,22.182853326266596,6.145643277020377,53.053183122472994,49.31830942775814,15.7,19.7,26.9,32.0,33.1,31.2,31.4,30.5,28.9,25.7,18.9,15.8,Forest,mothbeans
22.786796040203228,74.73916834206393,74.97579547763958,6.590685051342467,65.46132893349055,139.671093295351,19.6,22.6,29.1,34.1,36.6,30.5,31.1,31.3,33.5,27.0,24.6,17.3,Forest,pigeonpeas
18.567273627934988,71.41121140076567,81.388290976725,5.369118867915216,68.26600561369713,73.27940466071925,21.1,25.8,27.6,22.8,30.0,21.9,22.4,23.8,22.0,26.9,23.8,28.3,Black,kidneybeans
19.43155479092322,70.67015127584375,85.92292950299587,4.9967304639553465,19.02197426988421,73.9742914633587,2.0,0.8,7.3,9.5,18.3,14.9,13.3,15.1,13.0,7.1,5.0,1.9,Alluvial,chickpea
87.38507698191762,38.111940646376766,22.426000263838056,7.394441067575223,66.62809393391993,170.9242673535584,18.0,20.8,29.9,32.7,34.3,34.8,29.8,33.2,30.9,27.2,27.5,17.1,Red,coffee
92.93268957872398,39.893525976778555,48.4629918466955,6.44726294744701,88.80847723901246,202.69460716909703,21.8,22.4,24.6,31.9,34.8,31.8,30.9,28.1,27.2,25.5,22.5,18.3,Forest,rice
75.72869257300299,54.04269555260376,39.4588657535737,6.062423757408575,86.91804267720278,204.26547730178928,21.9,18.6,29.3,33.9,38.1,32.1,30.6,31.9,29.0,24.6,22.7,18.4,Arid,maize
67.0957178867283,51.41708742531327,42.26198290675139,7.589202370328753,84.73816768022894,298.3409631882141,14.8,18.5,24.4,33.0,35.9,29.8,28.0,29.3,27.1,24.8,24.0,16.2,Alluvial,jute
66.07799188463216,49.93048489849898,37.76533988313961,7.062068650643087,72.68145884774097,231.6966521238582,17.5,23.9,27.2,35.1,36.2,31.8,29.9,28.0,26.8,26.6,23.1,15.7,Arid,cotton
22.023695964827034,33.50173160187613,10.799826077728692,5.337283898100746,84.16716723800437,90.09253203540064,19.0,18.6,29.6,33.2,33.0,35.0,29.1,29.0,31.3,26.8,25.9,20.0,Alluvial,coconut
32.30588318631951,14.233594888453817,38.064439290596994,7.087628064950093,84.91525535320913,111.96978050227285,19.1,15.8,23.6,33.5,31.3,30.0,28.8,24.9,27.8,22.7,20.3,18.8,Laterite,papaya
19.410532832142437,11.002109242299607,10.002870724578246,5.841359843350552,91.13990584861972,77.91412897217202,18.5,18.5,29.4,32.5,39.7,31.8,30.7,31.1,29.9,31.3,24.4,21.8,Laterite,orange
104.83306854718141,141.23956403082593,199.28839160534554,6.350163262474466,60.1980370676608,101.63732505692921,21.5,19.3,23.0,31.8,35.8,29.9,28.0,27.6,28.1,24.6,20.2,18.2,Red,apple
105.49485457645866,17.23488834228921,47.66683852557691,6.739993815605315,17.913470892649983,47.0966001293204,24.9,29.2,31.8,30.5,29.2,23.5,27.0,21.9,27.6,26.0,23.2,28.9,Laterite,muskmelon
104.76280070125495,16.58696452513381,56.15894422007213,6.289424494126926,26.980279498949923,51.231781415130314,15.7,21.2,26.9,29.3,30.5,27.8,31.9,27.4,30.5,26.6,24.1,16.4,Black,watermelon
65.48913838902111,12.914355301283281,45.39284961766859,5.544617635101721,73.06197700724826,77.28799300020741,25.3,25.6,28.8,29.4,26.6,25.8,26.4,22.1,24.2,26.2,24.9,24.5,Alluvial,grapes
8.64443008561475,10.095679521303314,16.2776872368284,6.404514523638387,52.50266070124575,144.40977864972575,27.8,23.2,29.0,28.6,31.6,21.7,24.9,25.6,21.6,24.3,20.6,25.1,Forest,mango
89.5872138130131,81.37670935448023,47.8474616704652,5.770586578221701,83.41783634203338,101.42139049185303,17.3,20.4,23.4,30.5,35.1,29.5,31.3,30.4,31.2,23.6,21.7,16.1,Laterite,banana
20.475996941812053,18.03095119755024,37.735372758529174,6.297889414397292,21.219118901235813,61.91719765472333,14.9,19.2,22.0,30.9,32.3,33.9,30.5,25.4,29.2,26.8,20.6,17.9,Alluvial,pomegranate
18.817695141221215,70.59752667385986,71.03166778064262,6.489760285394639,22.32429321291559,95.15603402439736,18.8,20.1,25.2,25.5,29.2,20.6,21.5,20.9,22.6,20.8,26.8,22.2,Alluvial,lentil
41.097906910554215,57.86057359445351,82.42905974474304,6.8227842768494185,60.14059341148617,109.89194421612144,16.6,19.4,26.7,33.8,35.3,31.4,28.9,28.6,29.0,27.2,21.2,19.5,Laterite,blackgram
20.19158868852071,54.17109055928331,21.961685260481275,6.8041348530726715,34.7075222572484,52.18055882627319,20.2,21.9,26.1,32.4,36.5,32.9,33.3,30.3,27.3,25.5,22.1,17.0,Arid,mungbean
17.715781043032635,36.19268097787908,21.61213751962371,7.275387688520888,54.75557800830414,52.097117002677095,24.3,28.1,22.6,30.6,28.8,25.4,26.2,22.6,28.1,25.0,23.5,22.4,Forest,mothbeans
21.61102650167308,74.81302783933754,88.11661575914842,6.400103873668271,73.9893792930662,146.92121819050794,27.2,28.3,27.6,27.9,29.5,26.5,21.5,27.3,28.7,24.0,26.7,27.7,Alluvial,pigeonpeas
18.99053585656828,64.56857618942044,72.01433678578674,4.8150087216176445,62.368337440602446,75.67341936279979,22.2,25.4,25.3,28.3,28.7,24.0,21.6,25.5,25.7,23.8,22.8,26.5,Black,kidneybeans
18.250856437372263,385.3480184620147,352.2488050378786,5.8917584175707125,21.939288828752606,86.52147197269356,17.0,26.3,28.5,32.5,39.9,33.9,33.9,30.8,32.8,26.2,26.5,20.7,Red,chickpea
94.40016572987047,36.709247044616696,21.504629118996803,6.566586059060132,62.08584812443282,131.74159523074465,21.5,24.2,31.3,25.5,29.5,27.3,20.3,22.6,23.1,21.5,25.0,25.3,Forest,coffee
89.51680000114864,43.00589776907199,38.16564726795338,6.761177294998747,89.72878274671784,219.88792679121707,13.7,15.6,25.0,32.0,38.4,32.8,28.4,30.1,27.6,25.0,22.3,16.7,Arid,rice
86.66408915523526,51.941771879189176,44.629093113256616,7.860167161168905,72.21784229527705,217.98247429018735,25.1,25.1,29.2,27.9,29.3,24.1,23.0,26.9,25.2,26.5,29.0,26.1,Black,maize
66.48219489221572,56.11498075712252,46.20528831219756,7.7036927827992265,77.21838519840982,229.80205307068962,23.5,25.0,30.3,29.3,25.9,26.1,22.7,18.7,24.8,26.8,25.2,24.9,Black,jute
73.54234421672594,55.493564977941546,38.17403543963933,7.817654302833182,87.4352125834174,214.61759874680337,19.0,20.4,25.3,33.0,34.6,28.3,29.5,27.0,31.5,25.0,24.1,17.5,Forest,cotton
22.50226904512941,33.346713738620466,10.204415776996926,5.991710397851971,78.80536173477044,113.29352789843296,21.3,26.6,27.2,29.0,29.0,24.4,27.2,23.8,28.2,20.8,29.2,26.4,Red,coconut
28.66672471214305,16.72469850740554,35.639627053241796,5.864388642070042,90.85503966206895,104.12673527860035,22.9,26.9,28.8,27.2,27.6,22.2,25.5,22.5,23.2,23.9,24.4,23.5,Alluvial,papaya
21.204572182537227,10.042261165673082,9.556150409786374,6.640533137289911,87.29465299812398,70.65061057595945,14.9,23.0,27.4,33.4,34.5,34.5,28.2,29.4,28.5,23.4,23.9,16.3,Red,orange
134.45871232065963,115.9020558352068,193.62911083191437,6.786994437743601,54.918597575988954,89.4179060993188,15.8,24.5,25.9,31.6,35.0,33.6,25.8,28.4,31.6,25.8,23.5,15.8,Arid,apple
97.61309920232358,20.013083016444114,52.450220621290924,6.378957418811901,19.335238696068288,50.27798122554075,25.1,24.5,25.8,27.1,28.1,27.1,25.2,23.9,24.8,23.0,20.3,26.1,Forest,muskmelon
110.3431515963811,13.554371439665783,52.06716842129768,7.244644685164764,26.219193340814588,51.864829416055805,16.7,21.2,25.0,31.9,35.1,37.0,31.7,29.6,28.6,24.0,24.8,17.5,Laterite,watermelon
61.25074602699353,13.218391838407427,43.464845180002186,5.3123040156582135,69.52981459803706,65.74340622887944,26.9,20.6,27.0,26.9,27.0,25.7,24.6,23.8,27.0,21.6,22.9,22.6,Black,grapes
10.777094324536655,8.925660548711816,16.027368793285454,6.345275361881352,64.24680417539096,139.00687207159837,30.0,28.7,31.0,32.3,28.4,27.5,28.3,24.9,26.3,23.3,22.4,25.9,Forest,mango
101.0488059626593,71.42048407191297,54.935616343414495,6.733981212230681,70.6240912143599,112.62563828450867,-1.7,1.5,6.6,9.5,13.5,16.0,14.7,14.7,16.7,11.9,7.5,-0.8,Laterite,banana
20.71478818402496,19.243767160548355,37.29813026558964,6.617481804811687,17.41779810111963,73.56034871635286,-1.0,4.9,5.7,12.4,16.6,15.5,14.1,13.7,16.0,9.4,6.2,5.0,Forest,pomegranate
20.330569666653332,63.53421858111774,74.04260131591032,6.292331233226258,17.79976124968431,103.32685281295764,18.7,24.1,27.4,35.3,37.0,32.9,31.0,34.1,27.2,26.8,24.1,15.9,Forest,lentil
40.68472507868141,56.10082091809092,71.43173742750622,7.392646838359155,68.15034256975515,100.38935838715466,18.5,21.2,26.6,33.6,36.7,33.8,33.1,33.1,31.6,26.2,25.1,22.9,Arid,blackgram
22.61483769699062,52.91375898363777,18.77185213929794,6.916506872823081,38.30886940305623,47.58648456107594,26.6,25.0,28.2,28.2,29.8,27.8,23.7,28.5,26.8,25.4,25.3,27.2,Forest,mungbean
19.241043604780717,39.46897453009368,17.25384496876226,5.911830600291758,45.71984330718539,50.3972095044309,25.4,29.3,25.6,29.9,24.4,23.1,23.7,22.0,25.6,23.2,24.9,21.0,Alluvial,mothbeans
18.33054524142319,75.62419678053045,77.86261045665165,6.282572958968386,74.21131315728447,166.02142577318574,15.7,22.7,26.5,33.6,38.2,34.1,28.8,28.1,27.9,29.2,25.2,23.0,Red,pigeonpeas
20.10793249283544,76.45398267210845,79.02360554525177,4.978659201071381,73.84730492746183,76.20515151834663,21.3,22.9,27.6,32.8,34.6,32.7,28.4,32.4,31.8,25.2,26.6,19.3,Alluvial,kidneybeans
20.230203244662334,62.16988181109191,75.8131118851407,5.326521506945782,19.333804746639895,76.36949745363718,28.0,28.5,24.9,28.0,30.2,24.2,25.7,24.1,26.6,30.0,25.2,23.4,Laterite,chickpea
89.77042327357849,38.25745353079431,19.461692378299862,6.575016372999918,59.05145153719294,155.30784558522964,4.5,3.2,6.0,10.8,15.2,11.6,11.5,14.4,13.1,9.0,5.9,7.6,Forest,coffee
84.72945256538162,41.30990067432666,45.233188013632386,7.248350993314398,78.04164306290183,226.62651763457475,25.3,27.2,31.0,29.8,28.0,25.6,22.9,25.5,24.0,26.9,25.2,25.5,Forest,rice
89.0138552368578,59.342970958424026,36.124550527728836,7.596933693358564,86.99154043687489,236.25840416799977,20.0,20.3,28.0,31.9,35.9,29.9,24.9,27.3,32.9,24.3,21.9,17.8,Red,maize
59.29836156163075,58.65597506122078,40.980916054792324,7.286683641270683,88.80248706282052,232.60272705354615,0.7,1.2,7.0,13.4,13.2,14.1,10.8,15.3,12.4,9.9,4.0,2.1,Laterite,jute
81.88618258976422,65.63772502855278,40.85156291836963,7.256770132714561,70.602215802308,254.50775917591614,3.8,1.9,9.5,15.3,16.5,19.5,15.6,13.0,11.9,9.7,6.9,0.6,Laterite,cotton
19.39957895705622,33.27850502916174,10.127144384338449,5.308669185412346,94.96695110101491,103.59863406284295,23.8,25.2,27.0,27.6,25.6,23.6,21.6,20.9,25.4,24.6,24.3,26.2,Red,coconut
26.884446358019296,15.050099305769898,36.15168336490147,6.151656595621529,97.39609987369819,106.26778627545266,2.3,3.3,10.7,11.2,14.1,13.4,16.2,13.9,10.0,12.5,4.2,3.2,Arid,papaya
18.61834056755611,9.517868337602396,9.024789326112025,6.442362165371377,78.72284777587083,75.97111530893348,27.6,29.3,29.9,32.4,26.9,26.5,18.8,29.8,23.4,25.0,25.0,24.1,Red,orange
115.71629174517516,123.08618463144187,218.50472537529154,6.491576117010574,60.75139816936898,104.96173882179056,17.4,21.2,25.4,33.7,36.5,29.7,30.8,30.3,29.4,22.8,24.9,16.9,Laterite,apple
103.99401681126265,19.273368977950415,56.06725071748999,5.33323984940242,19.297022551502675,48.04444321896201,21.5,18.5,27.8,29.4,33.4,30.0,27.0,27.5,26.5,24.3,21.0,15.5,Arid,muskmelon
91.19546954519568,14.363654555115502,53.877810063948274,6.238599489993787,26.379533569040987,49.378860812049105,25.4,24.0,30.3,26.6,27.3,21.6,22.5,24.4,23.8,20.9,24.9,24.2,Forest,watermelon
75.57325716525428,16.361991910492332,47.446834270006455,6.023158564285285,59.58275614042771,65.35571346612294,27.3,25.6,24.3,29.2,25.7,22.4,24.5,20.8,21.5,23.1,21.9,18.5,Red,grapes
8.851208440886172,8.97355658341468,14.53344265520263,5.885488754923207,66.18845913536914,164.79702933788565,1.6,4.5,9.6,10.9,12.9,16.2,11.5,12.1,16.1,7.5,4.1,0.5,Alluvial,mango
86.03833221616748,83.3251521306772,50.295705766835496,6.617771045848494,86.58717796917523,92.34269707312251,1.7,4.2,6.8,7.4,13.2,16.5,16.4,14.2,12.6,10.6,3.8,2.2,Laterite,banana
17.376439719050648,17.829976115312277,40.71902721604316,6.669463522865866,17.345383040502494,63.58536676531785,18.8,21.2,25.4,34.1,38.1,32.8,33.8,29.9,28.4,26.4,23.6,14.0,Black,pomegranate
21.768588652616685,67.08825484624754,86.47829399863143,6.471115833667669,19.138682507737816,98.653038684755,27.0,28.4,30.2,30.8,33.8,24.8,26.7,25.2,26.4,24.2,25.1,30.9,Black,lentil
35.78453136886661,53.71282344425189,82.04665377485215,7.071604190192099,65.41891112592155,94.57800102707861,19.3,22.8,26.2,29.0,35.1,33.8,26.5,29.9,25.9,27.6,20.7,14.8,Arid,blackgram
20.699094026495565,54.37179498872382,22.110350076416026,6.2571680646740875,42.27365747389261,48.707931823826534,12.6,20.3,27.8,29.5,32.4,33.8,24.2,26.7,27.3,28.6,25.8,16.7,Alluvial,mungbean
19.10358037313823,40.49412860115978,18.52293250952176,7.006369682142378,46.16770475825106,54.41983447780614,16.2,21.9,29.0,32.2,36.4,35.4,29.5,29.4,32.6,28.2,26.1,16.1,Arid,mothbeans
19.931107526236982,67.01018926278654,71.95790606264016,6.299912156757008,62.75643876246087,130.76477694077101,16.7,21.1,22.5,33.4,33.1,29.7,28.2,31.0,27.8,25.6,23.3,17.9,Red,pigeonpeas
22.61869796351549,71.41347498133553,77.36733262875586,5.070954917627864,71.85202896223105,76.50508187684261,2.3,2.1,3.5,8.3,13.9,14.2,17.1,18.0,14.1,8.5,7.8,4.9,Red,kidneybeans
20.88421916483101,71.76353133428236,76.34570758559465,5.168356985653111,18.129614488782288,90.04751869277524,13.3,23.6,30.7,31.7,35.8,29.9,29.2,28.5,28.2,26.9,25.9,19.4,Forest,chickpea
94.27106146918732,37.956237222485875,20.114194916253012,7.169850565952967,63.10016907379135,137.74256101397407,26.3,29.4,25.6,27.6,28.3,24.9,23.3,23.0,25.9,25.9,24.8,23.8,Black,coffee
100.48923284733944,43.57503197353679,46.953022516167984,6.745068636391721,74.516248529198,893.5519330180321,17.3,21.2,31.2,37.5,38.3,32.6,30.3,33.9,32.2,26.2,26.2,19.3,Laterite,rice
74.76108499600005,56.353420700818084,41.3017238127333,7.270314781216089,81.96340417184426,235.8697274671091,26.1,31.3,29.9,31.7,29.6,25.5,25.8,24.9,22.1,25.9,25.4,22.2,Forest,maize
61.835460546182624,48.28207609461801,44.630583937381004,7.87881518678544,93.28197306569326,283.2156010692466,25.7,25.5,26.3,23.8,27.9,22.4,26.8,22.8,22.3,24.1,25.6,23.5,Black,jute
67.83428053707478,52.96217671577189,35.83753231455467,7.792394345206127,89.25909724594885,223.79007015502103,1.3,5.3,3.9,13.5,15.8,21.1,15.4,15.9,16.7,11.8,8.3,5.1,Alluvial,cotton
19.882054100003597,33.1407723518283,11.114919959510573,5.260965386599679,86.54742347492517,88.59823236924275,18.2,21.2,26.7,35.9,40.6,30.4,31.1,32.9,30.0,29.3,22.0,19.1,Black,coconut
33.29622504998417,14.443666399624927,38.88462568338215,6.788231306366129,92.49196671373804,105.46531854000881,13.7,18.6,26.0,32.5,36.6,32.6,26.1,32.3,27.8,23.2,21.3,17.7,Red,papaya
19.597819152634745,11.211327144123263,9.356612505339704,6.235018471601015,78.76032828178676,79.85792112523153,19.6,16.7,26.5,33.7,32.7,30.4,26.7,29.3,29.1,26.7,22.8,17.8,Black,orange
132.9200906800277,131.31594364391194,182.74058580343808,6.060592904780944,54.99418994874821,96.98416436237636,22.8,30.0,31.7,33.4,31.6,25.5,25.1,23.7,28.1,26.2,25.8,24.2,Alluvial,apple
100.71390193389263,22.770829044080273,55.033650567942374,6.8356067226349655,19.188550189986543,43.25950935829512,18.9,21.5,25.7,35.0,35.8,32.6,28.6,28.5,25.8,28.1,23.9,20.7,Forest,muskmelon
107.17078230558519,15.185360444179716,46.034193731393515,5.642342331882688,27.214746437922987,55.142288592790436,14.2,20.6,28.3,29.7,33.0,29.7,27.8,28.9,26.5,28.2,20.0,15.4,Red,watermelon
67.34108028175602,13.198480151624521,41.9440994376718,6.4430358012074365,68.59380742847715,63.106503591220346,18.4,23.4,28.6,37.5,35.4,33.8,31.4,27.7,31.4,27.7,23.1,19.8,Arid,grapes
8.810261124939187,10.426878912718413,16.002719693341806,6.7309646784188075,56.09253322944581,139.46107203801571,3.3,2.6,10.3,11.0,15.4,12.9,12.3,16.6,11.6,11.8,9.4,1.1,Arid,mango
86.01130131371451,74.08773060394331,53.020686829807296,6.335791466671287,77.7017926544954,96.01911246163064,24.5,24.6,29.8,29.6,28.7,24.0,23.7,28.1,25.4,24.2,24.9,26.3,Forest,banana
17.63262529865533,21.75725547285679,44.16342848798205,5.839271645955677,18.094474800265516,60.47784957996566,16.2,21.1,28.7,34.6,37.2,32.3,29.9,28.3,33.3,31.1,26.2,22.0,Red,pomegranate
22.01465781218573,78.86834058068602,78.68845129917564,5.996910504184063,20.238102509356608,103.75979407345584,13.0,20.1,27.0,33.5,30.5,31.7,29.2,27.7,28.0,25.4,24.4,17.4,Arid,lentil
41.28520921738684,53.137460805365706,76.10237983330066,5.986435002240139,64.54604412174533,109.41277525536672,16.2,17.6,22.7,29.6,37.9,33.0,31.5,27.1,28.2,27.8,22.4,17.0,Alluvial,blackgram
19.258008359869333,46.043464856549946,18.827416945095017,6.239425886090943,36.56138518460138,44.96691872435793,20.8,17.2,24.9,35.4,37.0,34.2,31.0,30.9,30.5,25.9,21.5,15.7,Laterite,mungbean
18.619674686951313,42.20838812414031,22.195596573451088,5.644872194574249,44.000761488828715,46.19207547017275,19.8,24.0,32.9,31.6,38.8,33.9,32.0,33.4,31.5,29.4,25.6,21.9,Black,mothbeans
20.447695326751155,76.39461581824081,70.7486788415059,5.84273564578415,63.5312195372425,133.88741720533264,26.8,24.9,29.4,32.8,27.8,23.7,22.8,27.5,27.1,28.5,25.6,28.4,Forest,pigeonpeas
17.496669702359558,73.95520108029935,70.51435285873261,6.10127578328948,69.17773952437705,90.72550936052633,19.1,22.6,28.5,33.0,35.1,34.2,31.5,27.2,26.8,22.5,23.8,16.1,Laterite,kidneybeans
17.415728034490947,70.54905441220005,81.13285342913298,6.164941017889244,17.85537731038923,83.84321087707545,24.8,30.2,26.8,30.1,26.9,23.1,22.1,21.6,25.7,29.2,27.6,25.7,Forest,chickpea
95.57398868861891,40.54978494696417,22.637178716035365,6.554710034159908,53.866869968301785,155.4615194332645,24.0,22.8,25.4,24.7,26.1,25.5,21.8,20.1,22.2,22.6,19.6,20.2,Forest,coffee
91.29922255242225,40.539215844493214,40.63126812279059,6.582067670590002,72.48587589493857,206.07365490201803,18.4,19.2,27.1,32.8,36.7,35.3,30.9,29.6,31.5,30.2,24.7,19.0,Arid,rice
79.58741431917262,53.11493823225407,43.012983776242976,7.672863988905926,73.47440805298628,206.03625451350288,27.4,27.8,27.8,30.9,29.3,28.4,24.9,26.7,26.3,22.0,22.6,27.6,Laterite,maize
52.881133215013186,58.71597552112136,49.38919561247534,7.787667446553459,76.26849921050949,261.936505046031,19.4,18.7,28.3,32.9,34.1,35.4,29.9,32.6,31.8,30.1,21.7,18.0,Alluvial,jute
70.61512005231445,58.67140298566459,39.656638585462645,7.2057826536289395,86.33679560512826,223.55962108644903,3.5,2.0,4.8,10.4,12.5,12.6,16.0,16.6,14.9,9.9,5.6,3.1,Red,cotton
17.246964593139385,29.65951142998077,8.767040788691492,6.055472166322627,88.87018021345877,111.54304482636402,25.2,26.2,33.1,30.7,33.3,27.1,23.5,22.8,26.7,30.7,27.1,26.0,Arid,coconut
32.298729260702956,13.937947828401395,32.0556530449879,5.971106413646843,89.65222569683185,102.89081841384308,13.9,21.6,28.2,33.5,33.5,32.4,28.4,27.6,28.7,27.2,21.6,12.8,Forest,papaya
19.92960316161458,9.5165171484693,8.979791857222168,6.514345770700344,91.2010874981398,80.93175768157967,17.3,17.9,24.3,32.3,34.9,33.4,28.0,30.3,22.9,27.2,23.1,17.4,Forest,orange
133.03316398707443,140.67509391542583,187.6898955273975,6.495716355224101,63.10557686659934,99.65582576811363,19.0,22.9,28.3,31.6,37.1,32.0,31.9,27.9,30.6,29.4,25.4,18.7,Black,apple
97.34829381195169,19.85236184621281,47.09867559106975,5.872263297528436,19.575866946507098,54.94169563193631,25.7,26.6,30.9,27.2,28.1,27.3,18.7,23.9,22.0,23.5,22.8,24.2,Alluvial,muskmelon
113.53477458075596,16.38230376286238,54.84751561498844,5.8885495728838295,21.822059544157348,46.625932234233076,24.3,27.8,30.5,33.0,32.4,23.8,24.7,22.1,29.4,25.1,28.4,25.7,Red,watermelon
66.927634946217,16.67596967564845,48.54404736876306,6.184735513751524,57.20357407715044,78.26840146536392,17.7,23.7,24.9,32.1,34.4,32.9,30.1,26.8,30.6,28.8,21.5,16.1,Forest,grapes
9.808510655935734,10.808290930199897,16.37556933895055,6.789345517476562,67.89717690012827,160.5815595118183,26.9,25.0,30.4,30.3,30.8,28.5,23.9,24.2,25.0,22.5,27.9,23.5,Arid,mango
86.98463511361705,73.37919437988899,52.07001154244545,5.652243996579394,71.27403194577583,101.90252077624216,25.2,24.5,28.5,28.0,31.9,26.2,24.5,22.1,25.8,25.4,25.5,26.2,Laterite,banana
22.774613756255434,17.486291958891165,40.222130025983,5.854790520841863,18.222678945513874,69.46028703313878,0.9,4.3,4.4,7.4,10.8,15.3,15.0,13.7,15.1,9.5,5.3,2.5,Alluvial,pomegranate
17.367858537119176,76.0310339506695,69.75819713860614,6.836522013388254,19.099346143306605,104.17330469170705,25.7,25.6,27.5,25.2,27.5,25.6,22.4,22.4,25.2,22.2,22.4,27.8,Red,lentil
45.0502598180982,63.28611057683157,81.21995007751556,6.411406321797399,65.6451485753339,89.72724376351118,15.7,18.5,25.2,36.3,38.0,34.5,35.1,31.2,30.0,28.0,23.3,17.7,Laterite,blackgram
18.05124635384146,49.40071301241096,21.968374149735162,6.117518866931055,36.70899320947641,47.77124093229789,28.2,28.9,26.5,29.5,31.7,25.8,29.0,21.7,29.7,27.4,24.7,24.1,Arid,mungbean
18.224401006134528,34.57456304548097,21.85469619207666,5.805099223115438,49.19384179444115,50.77119841770944,19.6,21.3,27.6,35.6,39.2,31.7,31.5,31.8,30.2,25.9,24.5,20.9,Alluvial,mothbeans
18.135686277986963,77.8377164611749,79.1448802661066,5.957911075406422,68.22190408815409,155.23136048441629,15.0,17.0,25.8,32.5,36.4,33.0,30.1,25.2,27.2,23.9,22.7,20.3,Alluvial,pigeonpeas
18.806554128492717,63.70593723947334,75.67408800574344,6.097827456488491,56.00703638828186,84.18850822006453,17.9,22.3,25.9,31.4,34.2,32.1,31.6,25.3,30.8,24.2,24.0,20.0,Red,kidneybeans
18.80555591115456,65.89907873837252,90.34979887787493,6.230311146010726,18.85965658398994,78.72050365416555,20.4,19.2,25.9,30.8,35.2,34.6,30.4,34.3,31.8,29.2,22.9,17.2,Red,chickpea
90.2490405675343,34.80843498349691,19.373229972020237,6.7747321779237515,57.4344458707728,168.168292818678,16.8,22.7,29.9,31.5,33.3,33.8,32.5,30.8,30.6,26.8,24.5,18.0,Red,coffee
82.79645581489515,42.92010807470855,47.66219474420238,6.953593573525204,80.19714020218171,221.86553962679383,24.3,26.6,26.2,28.0,30.2,25.5,25.3,24.3,26.1,24.0,23.5,27.5,Alluvial,rice
93.91073537600742,52.61075604953846,38.397319370420306,7.429040648840539,79.49318615630267,196.42838505751166,20.5,20.4,26.2,30.3,36.3,31.2,28.6,29.7,28.8,26.7,25.8,16.0,Red,maize
64.23102430662307,48.13121176632636,37.865561118101446,7.372120570131922,75.31216401366345,274.9497548047761,20.4,20.7,28.2,32.0,40.6,35.9,31.6,33.2,28.7,29.5,22.4,16.3,Alluvial,jute
66.23839352469037,55.56878525828379,41.541422825021336,6.974804240803031,84.35894673996341,244.49890050946712,20.6,24.4,28.3,33.6,32.9,26.6,30.0,31.2,28.1,29.3,25.2,21.2,Red,cotton
18.22967816017508,26.980078699712912,10.85259084535313,5.266947569986987,93.28229084682495,113.87754745818614,23.9,27.3,29.8,27.1,29.5,23.8,24.0,24.0,24.5,22.4,24.8,25.0,Red,coconut
32.57324059149227,16.236402755151765,38.17094987699985,6.815854299698443,91.35421591155624,121.45427806849514,17.6,18.4,25.4,30.7,33.0,36.1,31.2,32.3,30.9,27.7,24.6,16.5,Black,papaya
22.18252048007536,9.750568034269232,10.486300486400264,7.124878800995037,71.5038018495142,76.28190062936463,18.4,19.7,24.0,29.5,32.0,32.5,28.2,27.4,24.7,25.1,21.5,17.0,Laterite,orange
116.9727820038063,124.5895709028424,177.64931454077214,6.953113522358432,52.07651402962494,95.77858444908254,19.8,20.6,27.5,33.2,38.2,29.7,32.0,26.8,28.9,27.9,23.5,20.5,Alluvial,apple
88.54015731030455,19.754085080764174,49.22051954635792,6.652081145689488,22.602647106359658,55.45461112237861,17.7,19.4,26.7,33.5,34.3,35.3,30.2,32.2,30.5,29.3,25.7,16.2,Alluvial,muskmelon
94.97987650991068,13.068079542100044,49.771366695706895,6.868162326803087,22.250223003433657,45.2647828470406,18.0,20.3,31.3,33.8,38.2,31.1,31.8,30.0,32.3,21.2,21.4,18.2,Alluvial,watermelon
77.12203994709076,16.5633992640732,40.05066469419896,6.600111128799955,62.270829298771496,73.96455021649332,20.8,24.1,29.7,34.9,36.7,35.0,31.8,29.3,33.2,28.3,24.4,18.6,Forest,grapes
8.91762777991389,10.601226799274395,14.285188670735852,5.934895143978235,54.399440805727174,144.90129046446364,2.9,1.5,3.9,14.1,14.0,19.1,16.1,13.7,13.8,10.5,6.6,1.8,Arid,mango
108.64002352241167,70.23713423334704,48.00696405750401,6.042759225442628,82.3331449231985,91.52663634197978,26.4,23.5,27.6,30.2,30.2,23.8,25.6,20.4,26.1,25.4,23.1,30.8,Black,banana
21.71395440335258,21.166088029422202,37.78631796724617,5.304147768137186,20.603386745376557,71.23430528454435,19.2,19.8,30.3,31.6,38.7,31.1,27.8,31.3,32.6,29.9,26.1,17.1,Laterite,pomegranate
18.995063316565496,66.5155467292837,73.50544002337132,6.038332677762326,20.075329325998577,102.93550603254707,16.5,23.9,27.5,31.7,34.0,30.8,30.5,27.3,27.3,23.5,21.3,19.0,Alluvial,lentil
39.0670764677694,61.79534806784225,85.90105125959639,6.4997750871425755,52.72749180102318,103.59277481183568,0.8,1.4,8.4,12.9,16.3,18.9,14.3,11.4,15.0,8.5,4.9,4.5,Laterite,blackgram
17.355708319127096,50.014521493842935,21.928073674184553,6.182545076785365,37.768954939576886,56.495839882438844,0.6,4.2,5.9,13.7,11.9,16.1,13.8,14.2,13.9,7.2,6.3,2.5,Laterite,mungbean
21.44260068982664,42.63778242584471,20.90751428004633,5.806494095966825,47.2691792747092,48.71047496813513,16.9,18.8,25.7,28.6,30.2,30.3,32.0,28.2,29.5,24.0,20.5,19.5,Laterite,mothbeans
20.335119228747097,76.84664768242519,88.64483972004786,5.240556410954081,70.77854730346495,142.4876654840427,15.8,16.6,25.3,29.3,34.4,29.8,25.4,24.1,26.9,27.5,20.5,15.9,Black,pigeonpeas
22.217769144863368,65.12391588731649,72.98937920081174,5.8392771505784475,58.18589614716339,78.70363146685928,17.5,17.5,28.2,33.7,40.0,34.6,29.2,33.2,30.6,25.7,21.4,20.7,Laterite,kidneybeans
22.114585338509283,65.71570848865355,69.87498179233174,5.794687177080706,17.94626342745652,80.60381473264124,19.7,19.9,28.5,36.7,35.5,35.1,27.2,31.1,33.2,30.1,28.3,19.0,Laterite,chickpea
87.28514072091102,36.60614296790286,21.50966706951186,6.125671431019629,63.78115933508746,150.18450664897713,15.5,22.1,22.2,30.4,38.0,34.1,27.5,25.9,25.4,25.3,23.1,18.6,Laterite,coffee
92.11878178365971,47.48784587567709,47.7289323539484,6.041158362472739,71.00771087182261,192.78828612298992,2.8,3.8,5.1,13.4,12.4,14.0,13.7,13.3,12.0,13.8,5.3,5.4,Forest,rice
75.40859923883536,53.447979139985236,38.16377564189086,7.770845199970713,86.57883084529385,202.33606313593796,17.8,20.1,26.1,33.1,35.9,32.2,30.2,29.5,27.3,27.4,24.1,19.2,Forest,maize
67.45642771273458,47.331399294230856,46.290480493230206,7.361236955144946,74.45734140471815,239.22643775690202,17.2,23.4,29.9,33.5,34.9,37.1,31.4,31.8,30.4,27.6,22.6,22.3,Black,jute
72.55386447181846,55.93142916793943,34.181578728138774,7.012396138571817,83.8986810725128,238.6661821912997,16.2,23.9,24.5,30.8,35.5,33.3,31.5,28.5,29.8,23.9,20.7,21.0,Red,cotton
18.30039740013553,30.78821282903766,9.253819096929908,5.6349305202459785,85.08381888939849,107.16106097848136,27.6,21.9,31.8,31.9,29.5,24.7,24.5,23.1,28.6,25.1,23.4,26.3,Arid,coconut
28.533854173461908,14.306742335253764,33.83970792642098,5.99971204557125,88.46667318705641,103.55685417540805,18.3,17.3,27.7,30.1,33.8,30.0,29.8,26.6,26.6,23.0,22.3,16.1,Laterite,papaya
18.537580940494472,9.913623173888343,11.289376765671193,6.701260199907407,88.05930493188689,89.53498716824616,15.9,24.0,28.5,32.6,38.4,34.5,33.1,30.5,32.4,29.0,24.0,22.5,Red,orange
116.47799819772386,131.00789819030382,198.77705054003692,7.306754518764684,59.26044707030551,113.53166106400224,25.3,25.6,26.7,30.3,28.6,26.1,24.5,23.7,28.7,22.2,29.2,27.1,Red,apple
95.71195784869283,20.413408075983433,54.11493179939091,6.526734193940406,20.029225560806523,46.044499494536815,15.9,21.2,26.5,28.9,36.2,28.0,27.6,29.1,27.0,25.5,21.8,12.9,Arid,muskmelon
103.53978864474823,16.16627294510142,48.98246803189566,6.142811361476658,25.213974045703193,50.29973740237862,23.6,22.1,24.7,27.2,25.8,24.2,20.4,23.0,21.9,18.9,26.7,23.2,Red,watermelon
67.46766421535514,14.462425043403671,40.5492847203884,6.158318985525202,64.37102170734347,68.4180259272443,2.0,3.7,6.1,9.4,12.4,15.6,11.0,14.8,15.1,8.6,9.5,3.4,Forest,grapes
10.91742630003576,8.993635095217115,13.332211117807223,6.314253818091337,56.39963720698665,166.91498000858422,16.3,21.8,30.9,34.3,36.9,32.9,29.1,30.7,31.8,28.4,25.9,16.7,Alluvial,mango
102.12138171425013,78.49764201644396,52.055575485756066,5.3130747192590775,89.19159546219075,112.72076331794744,14.8,19.8,22.6,29.9,37.0,34.8,27.6,30.0,30.6,27.0,27.9,17.5,Red,banana
17.871821093964762,22.63751096591924,39.39256218609485,6.4786374496355865,19.8929020514898,73.39214410427495,24.8,28.0,30.7,28.2,32.4,30.7,30.0,24.7,29.5,25.3,22.3,23.6,Black,pomegranate
20.711173584689814,73.49390517337832,79.38827926742307,6.508242752073115,20.396495227381948,92.60362461113202,28.5,27.9,28.2,29.5,30.2,21.3,25.6,22.0,25.2,24.5,24.7,25.2,Black,lentil
44.83034456576773,52.44525168897891,77.74836878550276,7.0619302310464995,56.70058661629223,94.41886762613102,15.4,21.0,24.2,33.2,29.6,31.5,30.9,28.0,27.9,23.8,20.5,15.2,Red,blackgram
21.25190535932917,45.305919983555235,20.46450091321427,7.664750239993468,36.19584249002568,50.47003780440975,3.5,4.6,3.7,10.5,13.1,14.6,12.9,13.6,14.3,7.6,3.4,2.1,Arid,mungbean
20.332570903363592,36.747419082691,20.468058981970415,6.301681205697496,52.23544681218972,46.32251397106571,22.3,22.7,26.3,32.8,36.0,33.5,28.3,29.1,28.9,27.6,22.9,19.0,Forest,mothbeans
18.398482889843056,74.5880302836077,72.14172452347971,5.875955977426013,65.11163587752874,164.55487481910575,18.4,23.6,27.4,31.9,39.9,35.6,31.9,32.0,29.7,23.2,25.0,20.6,Arid,pigeonpeas
20.084309335930644,78.84652191621457,71.53015947137459,5.098411913298259,58.513890649637396,86.08106446332985,5.0,6.2,8.7,15.3,14.8,14.4,12.8,14.4,12.1,9.4,6.5,7.7,Arid,kidneybeans
19.421374699385503,65.8724272715333,72.86257829317466,5.612130622256624,22.50369915672795,82.79286024444637,22.5,20.3,26.9,30.0,26.5,25.4,21.2,21.6,23.1,23.9,18.1,24.2,Laterite,chickpea
95.13467231106011,37.95056810630373,20.41205161972715,6.377329115222257,61.927127796027065,137.92276011847954,25.5,23.1,28.8,27.5,26.7,23.0,22.8,20.5,23.6,23.2,22.3,25.6,Forest,coffee
87.40566163197518,38.56984140962415,38.09016278620647,6.710681651540598,89.59972046572597,182.37747141019275,17.3,18.2,27.2,30.9,33.7,32.0,26.6,26.2,27.5,25.2,22.1,18.8,Red,rice
81.15114712545184,59.250785455653705,43.48497725756096,7.819652639445144,90.01137911952765,203.73110797685888,24.8,26.9,28.5,25.8,28.0,25.9,24.2,23.8,25.3,23.5,23.0,23.7,Black,maize
59.78402934418878,53.13141490952966,41.04140640050199,7.941105015901831,75.4477719617014,271.5074764423306,19.0,21.9,26.8,33.8,38.3,36.2,33.1,32.4,32.0,27.5,24.1,20.9,Alluvial,jute
79.58733226952717,56.79983727792427,38.19826041559143,7.793518655044819,77.29092321950425,259.6979900930828,22.5,27.4,23.1,28.8,24.7,25.7,22.6,22.3,25.8,25.3,23.1,23.9,Forest,cotton
21.451412059668165,28.355140510909447,10.796778714243773,5.678439953760902,96.42633767737335,88.40439562243057,22.1,28.8,29.8,31.4,31.0,22.5,25.7,28.1,22.0,25.6,26.1,23.2,Red,coconut
27.66854530878208,15.790923593513085,39.176912144662396,7.5636845767735155,96.07137755194078,100.23158751350189,17.0,21.7,24.8,28.7,33.5,32.6,29.0,25.3,26.4,22.8,24.0,15.5,Laterite,papaya
17.56509701292941,10.404737995317596,10.080146901032299,5.6535481368151626,90.93396278897421,87.08332072877643,15.1,17.2,27.5,32.6,36.5,30.8,27.8,30.8,28.3,22.7,23.4,17.0,Laterite,orange
114.94197611810338,137.86178538355642,195.95955632421237,7.1282160110454775,59.105436040174496,108.16394262151043,21.0,14.4,25.1,33.7,33.8,33.1,30.0,28.5,31.1,25.2,21.2,18.4,Black,apple
95.69011783190004,19.018460046855278,56.41746567286644,6.61185494139105,19.516886122904516,50.659069402529354,17.5,16.6,24.6,30.6,32.2,32.0,28.6,25.4,25.1,22.6,21.8,19.6,Forest,muskmelon
110.6522005412668,14.464396500560483,54.053132334088005,5.7503103438447045,24.37176090056964,43.23801092708601,26.0,25.3,25.9,27.7,28.9,22.6,22.9,22.1,25.6,25.6,23.0,26.3,Forest,watermelon
66.93865418674808,15.525872488731864,50.99179427768244,5.419425920327824,56.280979591157376,64.3953806739341,23.8,21.9,30.0,31.3,36.4,30.7,26.7,32.2,31.1,28.4,24.2,17.2,Arid,grapes
9.111279458123306,8.91748739270043,13.814058165164056,5.885937404282711,58.322477076575844,135.90859921929766,16.3,18.7,24.8,33.7,35.0,34.2,27.2,29.7,25.0,29.0,24.7,17.8,Alluvial,mango
112.35711391000768,81.3856093689332,52.44077482540377,5.491139944501874,78.26327683664404,108.6818603343929,17.2,18.0,25.8,29.9,35.0,35.7,29.2,27.2,28.1,25.0,24.8,20.5,Alluvial,banana
17.750491075673736,21.29873914483584,44.43577961215894,5.249663937822148,22.137011848468763,78.59269807255683,2.1,4.4,9.6,8.8,16.4,17.8,17.1,10.2,15.4,8.6,4.7,5.9,Black,pomegranate
19.900987450890096,79.27571656177291,84.87356052039385,7.260346152563712,20.77444364646817,110.8752685264147,23.6,29.0,28.2,27.6,28.2,22.9,19.5,21.8,26.5,25.8,29.1,24.4,Red,lentil
37.14968514908775,58.9883488630089,71.1862604688986,6.833187703209347,67.62437691967209,107.36069499305484,22.5,26.5,25.6,29.7,26.9,25.0,25.1,22.2,23.4,21.5,24.3,25.8,Red,blackgram
17.622570497353674,43.70134892504511,21.670909780093403,7.037907313840753,34.44553788504393,53.76511274582959,15.8,21.1,26.5,31.4,31.4,35.2,29.5,28.5,26.7,23.2,23.2,17.4,Alluvial,mungbean
22.426058806314487,37.63332654417941,21.07903693608661,6.26505983525272,44.5096647494547,53.71342491787091,3.0,1.6,4.8,9.5,13.2,11.9,11.6,15.1,11.5,6.1,1.6,1.4,Arid,mothbeans
22.328661476950202,63.142314169417055,73.99800057745347,6.087116188088901,65.35740465376936,130.17284274552745,0.5,4.8,1.8,9.9,15.7,18.5,11.3,15.6,16.4,8.1,6.5,5.2,Forest,pigeonpeas
17.619102193121464,60.76303560376635,71.93257590237529,5.11146254097334,65.15851024994572,73.45082265739309,19.6,25.8,27.0,25.9,27.2,22.4,23.0,23.5,24.3,23.3,20.5,24.9,Arid,kidneybeans
19.144523318414972,63.13433493530703,72.40208381233393,5.47497854022273,18.501216914047067,82.4792632632992,28.7,27.8,29.3,28.7,30.8,21.1,26.3,25.6,25.7,27.0,28.9,28.1,Alluvial,chickpea
286.7906595738908,34.67816138997459,18.456948046266557,5.805858814090725,12.68017126275716,491.0317953217763,13.2,20.1,25.8,31.0,30.9,33.2,26.9,28.0,29.3,23.6,24.4,20.2,Red,coffee
81.74197970777114,41.03831625089315,43.90628514768503,6.87179240757592,92.55506297744859,215.7955392828934,20.0,20.0,29.3,34.1,36.1,33.6,30.3,32.7,29.1,25.8,26.5,17.7,Laterite,rice
85.18764723904596,64.31341735060337,45.140027096117116,6.206608087005907,78.52827585455383,235.22832865381113,19.4,18.9,24.9,34.8,35.4,34.9,37.0,32.9,26.5,31.5,24.1,22.9,Laterite,maize
63.94018958387112,47.572080727553995,46.647782249981844,7.509321404014612,83.42513484108615,230.32900844660165,23.7,26.4,28.0,30.8,30.0,26.4,25.7,21.4,24.6,28.8,26.0,25.1,Black,jute
80.53169888548553,58.672691874870736,38.3213510772913,6.161647741496567,72.46686047071992,264.79428017978,16.4,18.6,23.7,37.1,38.9,35.1,29.1,29.7,32.3,30.0,23.7,16.6,Arid,cotton
19.237206392428753,26.745131519957212,8.698405206598865,5.293744178224422,79.90365738839468,96.81245458369801,19.2,23.6,28.8,32.4,35.8,33.9,25.2,31.9,32.7,28.6,22.2,17.2,Laterite,coconut
28.23381839139546,15.758366151452208,35.3023206995124,6.353631036303997,78.17446029327225,116.94239858737618,17.5,20.6,30.5,31.0,36.2,34.8,32.7,29.8,32.6,28.0,22.4,22.4,Forest,papaya
20.742185856383166,8.60800275244064,10.147216705922213,6.7150669858258025,82.80036279105413,87.64598809004546,25.1,27.6,25.9,28.3,24.4,22.7,23.6,23.0,22.7,25.1,25.0,25.4,Forest,orange
134.07787926425195,139.4265275534192,198.0503248201469,6.702319105305496,53.344131708218335,109.9335370443455,3.7,5.7,7.1,13.1,9.8,14.3,14.4,12.2,13.7,12.3,5.5,5.0,Laterite,apple
104.76454668151351,22.63243826035137,50.118850487089226,5.239665033599829,17.796741421750028,54.73664322581231,19.6,19.3,28.4,26.0,33.7,27.2,26.9,31.2,30.0,25.6,21.7,18.0,Laterite,muskmelon
91.81176799099195,15.396704794382968,53.212825979082034,6.750348504727564,27.425698356911575,55.72150865846892,17.6,21.8,26.3,32.4,35.6,33.1,28.5,30.0,28.1,26.6,26.5,17.9,Black,watermelon
71.3462948140674,14.742634374374711,48.853610591488355,6.7705282049401445,71.31743531784866,60.80337400997283,17.8,20.9,29.4,33.6,35.6,34.1,29.7,32.7,31.0,26.4,26.0,15.9,Black,grapes
8.854017499516676,8.777716061881671,16.63574036753304,5.323775947033897,57.594587212328186,148.54362612544753,15.3,22.1,25.3,31.1,34.5,29.2,25.0,29.8,26.0,28.0,22.6,18.3,Alluvial,mango
96.02738593190936,81.95776168314124,49.855257801769866,6.554584429743629,80.6012718487678,86.44657692337925,27.4,27.1,28.9,32.9,30.3,27.1,26.4,23.4,24.7,24.2,32.5,28.0,Red,banana
18.56407414099089,21.092017829163886,35.63527258602083,5.247353130065805,20.877261522691867,79.38371439007534,26.2,30.2,30.5,32.4,29.7,25.8,23.3,20.2,23.9,26.5,24.6,25.9,Alluvial,pomegranate
19.654950833165216,75.70414764559658,72.43020292819978,6.3982598081720985,18.035387592313764,86.129286440748,29.8,26.5,28.5,30.9,30.8,23.4,25.0,20.5,26.8,26.1,26.2,23.3,Red,lentil
39.49480495394185,54.48675182300719,81.5659720195724,5.597346517965555,67.94637178882732,107.82475015786737,21.3,26.6,26.3,29.6,29.6,23.5,22.0,20.5,25.1,23.1,25.4,25.4,Black,blackgram
18.7986653818955,53.86329308810788,21.10413447834634,6.151889929038206,45.29720455288359,47.01678338283932,18.8,20.9,29.1,31.9,37.1,39.2,29.1,31.2,29.1,22.9,23.9,16.5,Red,mungbean
17.503745654059713,37.98936706371589,21.819362685647157,7.262810630928579,56.59477714078398,46.504592455184664,16.3,16.3,26.0,33.6,35.8,35.4,29.0,27.3,26.2,26.2,23.1,19.6,Laterite,mothbeans
17.63391182331989,74.8227602764151,73.53107434476046,5.182991002428885,64.4415643513255,142.57498661458064,26.9,24.1,24.5,27.3,27.2,22.4,20.6,22.7,22.2,20.9,25.6,20.4,Laterite,pigeonpeas
20.182143259350948,71.4510099319033,87.07100136346926,5.888578780945444,67.88395129428162,75.10390625500807,17.8,20.5,26.3,33.3,35.4,36.8,30.3,35.2,31.3,27.7,23.1,20.8,Laterite,kidneybeans
20.466951441337514,64.90693729677874,73.89447467310734,5.939290100611155,21.342703593432244,75.07731460638117,19.4,21.0,22.4,28.9,31.5,31.3,29.9,30.0,29.6,26.4,23.1,19.2,Laterite,chickpea
109.9550950534137,43.04766559053908,17.86133645962396,6.439351843683947,66.53741853137034,133.7060019336152,15.3,18.0,25.4,31.7,32.2,28.9,26.1,27.5,31.0,25.1,24.6,18.8,Laterite,coffee
78.71590922035396,44.30962803600436,38.09814143352484,6.255493894257985,83.39912188478282,190.3419655029178,0.5,2.6,10.5,10.6,13.0,16.5,13.1,13.5,10.8,10.8,9.5,6.1,Arid,rice
76.18453069708204,63.279212069058936,45.43750156258963,7.677972554540423,84.72106950135284,248.60358963154079,23.0,23.0,26.3,33.8,34.5,36.5,32.0,32.0,30.4,31.0,24.6,19.6,Forest,maize
53.417136988615205,59.18456314945893,42.12148010355093,6.922746136788451,78.53940339929628,228.33264496895632,18.6,17.7,26.6,30.9,33.6,30.4,28.3,25.6,26.0,26.3,22.3,14.9,Forest,jute
79.10488078697453,64.0820543577508,33.89639185180999,6.238166660743831,89.23283016153881,254.75257819023977,23.2,23.5,25.2,27.5,27.1,25.9,22.1,20.2,21.7,25.2,25.2,25.6,Laterite,cotton
20.357196601361554,26.755474072513678,8.91901207865341,5.442528358086744,93.38104504839045,106.85938754613944,30.5,27.9,29.3,28.1,28.1,26.0,22.4,23.7,27.1,25.0,26.6,24.0,Red,coconut
29.73748714912775,14.16736364771949,37.19092467438952,6.410322995432704,78.28782888155973,125.25038507924337,20.0,19.0,27.8,29.6,35.6,30.9,29.8,31.5,27.6,28.3,22.9,20.2,Alluvial,papaya
17.71582235348387,10.657885853917204,10.42213069148371,7.098173366952741,79.65614420458577,76.04506292597756,25.2,26.0,22.6,31.8,30.8,22.7,24.9,24.7,21.0,26.9,20.7,24.7,Forest,orange
132.35840638728325,110.75261015963693,225.52582351289522,6.812608943838347,62.0632309104447,98.39386693359333,17.2,23.0,26.1,35.5,40.5,31.0,30.6,31.7,31.1,29.4,22.9,19.4,Red,apple
111.23896179393459,17.602554667292484,53.21105423056067,5.308768694738312,21.82700413588442,53.22012676692748,21.9,24.5,28.9,30.6,29.5,21.4,21.4,13.6,21.3,19.9,24.0,24.6,Alluvial,muskmelon
86.04022168022868,13.187932528089158,44.974246723156305,7.175036419026922,23.15269102527598,48.50270123208935,19.2,20.9,26.3,35.3,36.5,38.4,31.7,32.8,33.3,27.5,22.6,18.2,Black,watermelon
75.55825083301366,15.579972786572585,39.414118302916286,6.618138690536374,56.64619348876349,64.31321142169016,15.7,20.1,23.0,34.3,35.1,35.4,34.8,31.7,25.7,28.7,24.8,20.0,Red,grapes
9.236511991688626,10.623690717796947,13.012043922892016,5.856063308776347,53.738589896841276,150.55955106492476,20.1,21.0,28.6,29.7,36.5,33.2,26.5,26.7,28.0,29.3,23.1,16.6,Black,mango
105.84126521607979,70.4751191899608,53.75895838825655,5.232024895723859,70.170132215551,100.26921586364243,18.9,21.2,30.1,28.4,35.0,32.2,25.7,30.5,25.7,27.5,26.2,17.2,Black,banana
19.683811234681897,18.607152783537174,35.918824526682485,6.168306716899728,21.93373658107084,70.59501277119192,27.0,23.7,25.7,27.0,31.3,22.0,25.9,27.1,25.5,26.0,23.0,24.9,Red,pomegranate
17.475676828231425,76.32749841035022,78.13134989690302,6.19076321891174,20.165826298377524,105.05222500524897,3.0,6.6,9.8,15.5,14.1,19.1,19.0,15.9,18.0,8.1,4.5,-0.4,Arid,lentil
37.138708004415285,55.382453280998,82.01460113118773,6.458722086722657,59.882958551340565,97.82009871152395,1.7,3.2,7.3,6.6,13.8,10.4,13.8,14.4,12.7,8.8,2.4,4.1,Arid,blackgram
22.388596600469995,55.16448537262782,17.82461822849918,6.309033683912892,44.547061386201115,50.95240488246549,20.1,20.1,20.9,31.4,32.9,32.0,24.3,27.0,25.9,27.5,22.4,14.3,Laterite,mungbean
18.073709427439848,43.29199642838,19.733359068392858,5.878853499899622,56.60432253089438,45.14633459107764,27.9,29.3,26.2,33.0,30.4,29.0,25.0,20.9,25.2,24.7,28.6,23.0,Forest,mothbeans
21.773005992282478,71.37358949258302,82.24118147451003,6.719316737770275,77.91329566720475,168.79655488227303,27.1,24.1,24.0,26.2,25.8,24.7,22.8,20.8,22.4,25.3,23.8,27.0,Arid,pigeonpeas
20.08515544534797,67.13027195719599,83.10947418192222,4.757776867107539,73.05555035482901,86.84051988128942,18.0,21.9,24.1,30.3,33.4,35.2,24.7,29.0,28.0,24.2,23.6,20.4,Arid,kidneybeans
22.696065111466467,67.6993643273959,88.95901996771843,5.917507801597018,21.73430965894902,83.52820415753646,2.0,2.0,9.9,10.6,9.5,14.0,15.2,18.9,14.7,6.5,3.3,2.9,Forest,chickpea
92.29146759003035,35.24741327354196,19.05177482316833,6.2846408865621814,67.0555535477127,156.9151137216445,16.3,21.6,28.4,31.8,38.7,33.7,31.3,28.2,32.0,24.2,22.7,20.2,Forest,coffee
87.10500416820524,47.56556086672626,45.78317619930345,6.672446452799586,80.69756537156199,179.3717432600009,25.9,26.1,28.7,27.5,32.5,26.5,24.7,20.2,28.2,26.7,27.1,23.1,Black,rice
90.83214916808193,59.78726166208842,42.29432422802654,6.497888185683823,71.35516128700583,200.60243358143387,16.4,20.4,27.6,29.8,36.8,31.4,28.2,30.1,32.9,26.0,24.5,18.4,Black,maize
61.02719225234996,49.783937600398694,42.05916831855491,7.65511409291138,83.07949657447452,286.735191361484,14.3,17.3,25.7,30.9,33.0,32.3,27.8,24.5,29.5,27.9,22.3,16.9,Alluvial,jute
72.56158221753076,65.81292247224388,41.78569834488785,6.140363467387215,90.47690402581344,274.34045923981853,25.6,29.3,27.7,30.4,32.0,22.3,23.9,23.6,22.6,23.1,24.9,22.3,Red,cotton
21.24733973620138,28.136223119561766,10.070880219252496,5.79369870820973,93.15077245407977,90.2008061944943,26.6,28.0,30.0,30.3,29.3,26.6,22.6,25.1,25.3,25.1,25.7,24.8,Arid,coconut
30.05983425242651,15.818916292379994,30.86058324687047,7.081972128791272,77.75523220783752,105.07594276740089,18.8,22.7,27.7,34.5,35.8,31.8,28.7,30.0,31.7,25.7,23.6,18.1,Forest,papaya
21.668760530516437,10.454148063416447,8.766884201918486,5.993422094901479,77.3842785476138,74.03636150994764,21.4,20.2,26.4,29.3,37.1,31.7,27.3,30.8,28.3,28.8,24.6,18.1,Red,orange
135.35467205414645,121.01467968424531,212.38766525959977,6.8904748765733155,60.24726892197378,99.61599058871529,17.5,21.2,24.2,29.6,32.6,31.7,28.4,27.2,24.4,26.8,22.0,15.6,Arid,apple
102.81449838452241,19.200256535254187,44.65129204115581,5.251817990967161,20.23654493497013,53.14452506035284,19.9,22.1,29.8,31.3,36.4,35.3,32.5,29.6,34.3,24.2,25.7,20.0,Alluvial,muskmelon
93.29362759888824,16.28289651694101,56.45174116979099,5.883201001993078,27.02614464609885,53.43929263573494,18.9,20.9,26.0,29.9,31.2,33.1,31.5,25.2,28.5,26.5,23.7,16.0,Red,watermelon
76.46653450076491,13.308732680980539,40.631250959727446,5.715711549291118,68.01268783876247,70.38714347006407,25.4,23.2,24.1,30.8,26.8,23.5,24.7,20.2,21.2,21.8,23.2,22.3,Alluvial,grapes
10.637036996028886,9.077881418664601,13.123221370514251,6.514174380325446,64.93416743872879,159.66827874136908,17.4,17.0,27.4,31.8,35.9,27.3,28.4,30.6,27.8,20.3,22.1,15.2,Red,mango
91.22009665120542,90.24039054950745,46.28224000861036,5.253568754605104,84.6589901112479,103.18333341169337,20.2,21.5,29.2,35.5,36.9,33.0,32.2,33.2,33.6,29.1,22.8,15.6,Forest,banana
22.199409788493153,19.917322660371216,41.91887590223695,6.379068502484386,19.10906123633922,63.17002124861405,21.8,19.9,27.2,34.9,36.8,32.0,33.8,31.2,32.8,26.0,24.6,20.8,Laterite,pomegranate
52.88688848477242,170.9644334949266,187.59906464075178,6.3334906499573425,19.81224657322758,270.26998119878397,29.0,29.4,33.8,30.7,30.3,23.9,23.4,22.9,24.1,24.1,26.7,25.0,Forest,lentil
37.67750365845053,67.57836308014335,87.60781845386133,5.68798324621735,51.941535293675784,88.31275825345682,16.3,19.6,23.1,35.2,35.0,33.5,29.6,29.7,29.6,27.0,23.2,17.9,Red,blackgram
17.756560384230408,55.48222247666331,17.376549028720586,6.512521012095632,45.388384211631504,46.88355443771249,3.0,2.5,6.6,6.2,12.2,16.3,15.5,13.1,13.2,7.2,4.2,3.2,Red,mungbean
20.246463916508365,39.168565110761605,21.779074993258156,7.303288995289746,54.38241423443465,56.469485625623605,15.5,22.0,31.7,36.1,37.9,36.1,33.8,33.9,30.4,26.6,24.8,16.3,Black,mothbeans
17.605910729329175,62.80243252201751,81.48868448509752,6.4776691581686485,61.46537558413137,142.42629050221635,2.3,-0.3,8.6,13.3,16.9,14.4,18.8,19.7,12.7,7.5,4.5,5.6,Red,pigeonpeas
18.479524795272205,71.65967433774061,78.58853666065554,5.18646117351146,64.89240595342365,69.9933597341532,17.6,22.6,22.3,31.4,36.5,32.3,30.7,34.2,31.8,27.6,24.2,19.9,Red,kidneybeans
21.684754879338843,79.78468620216243,78.84614614485156,4.90838107284959,18.250609534663777,88.91405366605338,18.9,22.2,28.0,36.4,37.4,29.4,28.5,32.2,29.4,25.9,22.6,20.4,Black,chickpea
110.310538153017,44.20744855741407,19.086929343715788,6.516051274078936,59.21867318027465,160.60722656317876,13.6,22.0,24.5,33.2,36.5,30.1,30.1,29.2,29.2,26.8,28.5,18.0,Laterite,coffee
353.31869326722904,43.93094582080593,44.35799258626101,9.835535345187989,77.87365112771681,706.3487891107277,25.8,25.6,31.4,29.3,29.6,22.8,22.0,23.3,23.3,21.4,25.4,22.5,Laterite,rice
96.77423660856299,58.561857132382016,38.714954019671765,6.720857207233527,83.03634905532836,236.86771250403459,2.8,0.7,7.4,11.0,14.7,16.9,12.5,13.4,12.8,11.5,4.7,5.0,Alluvial,maize
64.88206329739783,59.31392233758894,41.200477378103244,8.16162427873156,88.19949022945035,234.87237457810184,19.8,21.6,27.7,29.6,35.5,32.3,29.4,28.9,30.8,30.6,19.6,21.1,Red,jute
67.66723709023819,54.290468631512354,43.18467295286217,7.430051940046813,75.65991998834957,270.0809859237789,20.8,29.6,28.6,28.3,30.0,22.4,22.2,27.2,24.7,25.0,24.9,28.6,Red,cotton
18.79992256822098,32.73517011041835,8.872870111989794,6.136586216155051,88.88313144616392,111.32791119041619,17.3,19.5,22.6,29.9,35.0,32.0,26.3,29.1,25.2,22.8,24.0,19.8,Red,coconut
26.083929148491382,15.379013466303928,32.56989487087609,7.0125952632582855,95.53759932584326,114.983067766108,22.8,25.7,27.7,27.9,30.0,21.5,22.8,22.8,27.4,24.3,25.5,22.1,Forest,papaya
19.645255561562752,8.80782448281351,8.602298121859969,7.170945394061751,77.26490055849477,74.56423017557675,13.1,18.5,23.5,32.4,31.0,27.6,24.1,28.1,27.6,22.2,22.8,18.6,Laterite,orange
123.1318692374742,115.27771038914034,193.38108948710203,7.262372448022089,61.80482331606878,100.29007309927984,5.7,3.1,7.1,12.3,16.5,15.5,15.1,15.4,10.5,11.5,7.9,2.9,Black,apple
95.38764511216998,19.38709202586781,51.14796737873198,6.603984746012493,18.774627199292887,55.804158147021134,15.1,19.2,32.8,32.4,38.6,33.1,32.4,29.0,32.8,25.4,25.1,16.9,Black,muskmelon
91.31098352635183,13.624205080188057,50.34489491100431,6.509862208296801,23.263567763355102,53.606140715337716,11.0,20.6,23.1,34.8,36.4,32.0,31.2,30.2,28.1,28.4,24.7,19.1,Red,watermelon
68.87754393356886,16.619689509756643,50.870510798033415,5.229072764512593,59.86155759500813,70.29943770725089,18.0,18.6,29.1,30.6,36.9,30.4,30.5,30.7,24.8,25.4,22.8,15.9,Alluvial,grapes
10.271148592893178,10.836449379317536,14.50882491786169,5.6163745711638775,67.65684747261623,161.35680954300523,26.8,25.5,31.4,28.4,33.6,24.3,27.0,23.8,24.8,30.4,26.0,24.3,Arid,mango
101.41617886207612,83.72697407318026,52.63844144676185,5.325180370904944,84.65946643941217,103.4094725299127,12.8,22.9,30.2,31.6,37.9,33.9,27.3,30.8,34.0,28.6,24.9,17.7,Black,banana
22.17806056165228,21.30293622659138,44.74854483910583,6.041062105702785,19.245214758045464,79.63154348048393,21.9,24.1,27.4,30.2,39.2,34.6,29.8,30.0,29.1,23.3,27.9,18.8,Laterite,pomegranate
22.137720736958887,72.21904957680192,77.05233557235138,6.669762266497286,17.797835334635405,97.19979370212573,25.3,26.8,30.3,29.3,31.0,26.3,20.6,28.4,25.0,28.6,24.5,25.1,Alluvial,lentil
39.97264725354856,51.77287077667816,70.30885415685462,7.100678089173058,62.554283431710715,110.97745485047561,15.6,16.6,28.7,28.8,34.6,27.3,24.4,27.4,26.5,25.5,21.4,17.1,Forest,blackgram
20.039645424512294,56.59030328825586,22.041459773018126,7.109493697162602,39.92893893454524,50.67242247501306,17.1,18.6,28.3,31.9,36.5,32.8,31.1,22.0,34.3,27.4,21.9,17.0,Red,mungbean
20.526753659512323,40.02374259019953,19.559852028727132,6.430228515383767,55.50895373858228,48.03015666421897,-1.5,4.8,5.0,10.7,16.6,13.1,14.8,15.1,15.1,8.8,5.5,4.3,Black,mothbeans
17.8771639407443,79.20121576282823,87.17342898751863,5.398391372776151,63.95392784068902,132.28009982822022,20.9,22.6,25.9,36.4,37.2,32.0,30.2,29.7,31.4,26.9,28.0,17.0,Arid,pigeonpeas
19.568284578488576,71.96547650948197,79.66712187332251,5.735586768934497,63.64963054937272,79.7850639329886,-0.0,3.1,6.6,10.1,17.4,15.0,16.3,18.4,13.0,12.2,8.6,1.8,Laterite,kidneybeans
20.607483395007947,61.72747430137408,87.06007266653532,5.254019478237427,20.545731005740947,73.00044510080029,19.2,21.8,24.7,32.5,36.8,33.3,29.6,27.3,30.6,25.8,25.6,18.6,Red,chickpea
92.11139980668071,44.310573802112586,21.396025818190676,6.864162181627018,59.389247861223,146.51764625506127,25.4,23.3,26.4,29.1,26.7,20.4,23.2,25.5,23.9,26.5,26.6,26.5,Arid,coffee
82.5505970120728,37.25192683122911,47.49594282787647,7.120290005475544,73.34050351608136,201.14262998571095,20.3,24.1,25.7,30.2,36.2,26.9,28.1,31.2,27.9,27.5,20.0,18.7,Alluvial,rice
93.07514539126845,53.122819696413,43.5016313881072,6.556712768936569,75.7324608269361,214.64644073753496,24.7,25.3,27.7,28.9,32.4,23.2,21.8,25.3,23.3,26.9,22.7,23.8,Arid,maize
55.422589601186765,54.65342463797281,46.594082065000315,7.66702242114413,78.56641142147541,243.68607933780837,26.3,26.5,28.9,33.0,31.2,29.0,25.3,30.4,25.7,23.2,27.1,24.4,Arid,jute
81.33420846924558,57.03086012048509,39.120867501223955,6.665294213956294,87.51420424312447,237.03529073914987,23.0,29.5,25.0,31.4,29.6,26.7,22.5,27.3,25.1,25.6,26.1,29.9,Red,cotton
21.88971612513159,33.12090148058775,9.042172992951379,5.765734934352007,86.91091866197658,87.88308542857104,17.8,19.4,27.0,33.7,35.4,33.3,29.7,28.5,29.2,28.2,24.5,16.5,Black,coconut
30.531113229659876,15.157854699791045,38.238977853530855,6.574904655617742,89.18546607554364,106.26336866539653,20.2,22.1,27.1,29.9,38.7,36.5,33.9,33.8,34.6,25.8,20.2,18.4,Laterite,papaya
17.762007698323455,10.817279800158786,9.529111528815136,6.2893300092197215,86.09096339572348,91.2837306059917,15.2,18.6,22.1,33.5,34.0,35.1,28.9,28.1,31.6,25.1,24.4,16.7,Forest,orange
110.60256787318238,129.496337353392,205.02649542523005,6.888784020458,55.45759172650288,94.92789389823444,23.0,31.9,24.7,28.0,30.6,24.5,23.9,26.6,24.2,28.5,22.3,25.2,Arid,apple
107.58737110308849,17.43415409463436,44.40804546406104,6.590799966406449,22.740683336829587,49.15375262978633,0.1,6.5,6.2,12.2,15.8,15.1,13.2,18.0,12.6,9.5,3.0,3.5,Laterite,muskmelon
98.38738147406677,13.44797831348897,52.993832650831195,6.655348416244902,26.786221776393056,46.329202304023966,24.8,25.8,28.3,34.2,27.3,24.1,24.2,23.4,25.4,26.9,24.5,29.6,Forest,watermelon
74.96493919432453,15.791227240669821,50.27944169301017,5.895368488820419,61.52712194656858,78.47509205583015,17.3,23.0,29.1,32.7,33.8,31.2,27.8,26.9,30.9,27.2,23.1,17.9,Forest,grapes
10.74988894421585,10.47152887802796,16.571333927188984,6.2018612182346065,54.96871748960093,167.68312478440114,17.7,17.5,23.9,28.6,32.8,31.4,26.0,26.0,27.4,25.2,21.8,16.5,Black,mango
107.86308782387542,87.27208075937462,46.22343636155195,5.313212530667294,76.85930066016248,102.5587945917156,23.8,25.5,26.1,29.1,29.4,25.7,22.4,22.5,26.4,24.2,21.5,23.6,Black,banana
18.294273290932594,20.678442787969068,36.14183932337451,5.168350024908247,18.3661833844674,62.91307573851547,18.4,17.3,29.3,30.8,38.6,28.8,28.1,29.0,27.6,30.4,21.9,17.7,Laterite,pomegranate
20.22219491887572,75.20842054801173,89.31981556860515,7.397703637940559,22.071604075928526,112.42873702220699,19.1,21.2,26.7,35.6,35.1,33.5,32.1,28.9,30.8,27.4,23.8,19.7,Forest,lentil
40.26492091548346,52.406317277507654,69.1414882243965,7.3571371915707555,59.5805438129456,104.57215715231554,3.4,0.0,6.8,13.7,15.5,16.6,15.3,12.3,12.9,9.2,8.2,3.8,Alluvial,blackgram
18.558948430055587,53.03594278853969,22.495986396817198,7.392211410839347,39.06801277135089,53.24583397960545,23.1,28.9,31.2,29.7,30.0,23.1,22.6,27.9,25.1,23.5,29.1,26.1,Laterite,mungbean
19.150484528860478,41.28782764358075,22.460207941221295,6.906736494092514,45.626939771401545,49.20756816640506,25.0,24.7,28.0,33.2,31.7,25.3,23.2,27.3,26.2,25.2,26.7,29.4,Forest,mothbeans
21.819814259548007,77.87182395800457,73.35785944244418,6.5609403362330765,66.50107449654621,156.38433810446662,19.6,20.9,23.9,33.3,37.8,32.6,30.5,32.1,33.3,26.1,21.7,14.4,Arid,pigeonpeas
22.339546113383836,69.21570989379681,73.90533777341902,6.041473654608122,72.33371449913359,81.37447479272842,4.3,2.1,6.0,11.7,12.7,17.3,15.1,15.1,15.0,13.4,4.3,5.0,Black,kidneybeans
21.86717400401114,65.23083024119362,85.22064511056625,5.754412237705743,19.449832417556397,77.15346537187588,17.6,21.5,26.5,32.8,39.4,32.0,29.6,29.5,29.7,23.4,22.8,15.9,Arid,chickpea
105.62252823233894,44.11559553434937,21.021690335896878,5.819387999521636,57.639158669295,131.06143011880346,20.3,16.9,23.5,33.2,39.4,34.8,33.0,29.5,30.2,26.1,22.1,19.9,Alluvial,coffee
79.24905449411035,44.15817892102526,43.95206317358524,5.865496697968138,81.5122600522064,179.8771912189034,28.2,26.8,30.5,31.9,33.0,28.3,25.2,24.5,26.5,23.0,25.5,29.5,Laterite,rice
77.57773728121651,62.91195281238783,38.838268460534984,7.292215445790419,90.62003065700962,253.97958669339175,16.5,21.2,25.5,31.8,37.1,30.4,26.5,33.3,28.3,27.9,21.4,15.5,Forest,maize
53.81097375186093,51.93382779781932,40.10299703784333,8.862186544152602,77.84580635516642,257.9179122885908,22.3,26.7,26.0,24.5,29.0,25.6,22.2,18.7,22.8,22.1,23.5,23.5,Red,jute
74.8098816349745,59.212815813166344,41.60898070062923,6.423762492480903,90.2971411486195,245.2718916187285,15.8,18.1,24.7,36.2,38.9,33.2,29.3,28.4,27.3,28.9,25.1,19.5,Arid,cotton
19.366372667703075,25.98909580253627,9.927613313832698,5.221565112564795,76.28055301533978,104.86703189532885,26.9,24.6,28.3,28.9,28.6,26.0,23.6,24.1,22.5,23.3,24.9,29.1,Black,coconut
27.677056575981183,16.832425890857305,33.67921951560426,6.740502897218807,89.66392445830274,98.95398335617591,17.8,18.8,29.7,31.4,38.0,30.8,31.9,28.5,27.8,27.7,23.9,15.8,Arid,papaya
22.743428485503415,9.833033228957381,10.532373535890134,5.7455193935635736,71.99386703668334,70.81276632576433,25.3,28.8,33.5,31.2,31.3,29.7,26.1,21.5,26.6,24.4,26.3,29.6,Alluvial,orange
132.51202851536254,130.96431172926324,203.45891025285323,6.830986505123889,62.74080434406966,112.24144591806701,21.1,21.2,29.2,32.4,35.7,33.1,33.1,31.9,32.2,28.8,24.0,19.2,Laterite,apple
92.87374301537203,21.72908617465192,54.6868413333797,5.939097550537084,18.494981323540774,46.6458806080208,16.7,18.9,27.6,34.3,37.3,31.5,27.5,27.6,32.8,28.7,23.6,19.4,Laterite,muskmelon
104.3254176426741,15.425394791718736,52.934273254128314,7.158599795546846,23.92046672352349,55.68679858545151,16.5,19.4,19.6,32.5,31.2,32.3,31.1,27.7,26.4,24.2,20.6,17.9,Forest,watermelon
60.79364128186381,16.264429869483592,45.118523030537254,5.631889931780712,56.497405840885115,79.77642036914777,3.4,1.6,5.6,11.7,10.9,14.2,12.0,11.7,11.4,13.1,4.5,4.3,Forest,grapes
10.072786401884052,8.803441689578648,16.280615874414096,5.439000178231819,65.71573589093343,130.8552176616182,19.2,18.6,25.9,30.6,31.4,29.7,26.8,27.3,26.5,24.2,23.8,17.4,Alluvial,mango
113.43323817520434,83.61065086156971,45.451660145418536,6.575902640050748,71.47339936492475,97.45175954276387,6.7,3.1,8.6,8.9,15.6,14.4,12.9,11.5,11.9,10.6,8.2,5.0,Black,banana
19.615910106307627,20.71002046046472,42.59819853322569,6.460268842922002,22.754164970801636,63.34511624281694,17.0,19.1,23.5,34.0,35.5,33.0,30.7,29.6,29.8,28.8,22.3,18.1,Laterite,pomegranate
18.81586676002846,73.67266852865541,79.58722768740314,5.93177467926805,21.868623467380374,96.02687422791232,21.1,25.0,26.3,34.7,36.8,29.6,33.2,28.7,28.2,24.3,26.1,19.2,Arid,lentil
43.840374965765704,57.83976798900713,70.72946151161155,7.0501484708910755,63.70536416444097,110.50859043777412,13.9,21.7,21.0,29.1,34.1,28.4,24.9,29.0,31.6,28.9,24.3,15.6,Arid,blackgram
22.464876190657115,47.26550154505338,18.982885655879777,7.855224146120878,44.978811278531445,43.61147218387915,25.9,26.6,27.6,29.1,32.5,23.7,24.1,23.5,23.3,25.9,26.3,27.9,Arid,mungbean
20.52751244804041,39.32007055870923,18.544038637861153,5.822424072971426,44.2019871922947,49.896984998151574,-1.0,0.9,7.2,11.5,15.0,15.1,14.3,16.4,14.2,11.3,8.9,1.7,Laterite,mothbeans
19.111789024626088,74.41747447541222,84.72819670003514,6.644335502429349,77.64844112377571,158.0036661105146,16.9,22.5,24.9,32.0,36.6,33.4,28.8,30.4,30.1,28.4,24.6,21.4,Black,pigeonpeas
19.678797370470285,65.62473115524672,85.48204188519665,5.196672135650185,62.66027343718878,90.83831868719247,14.6,16.8,23.8,36.0,35.6,31.5,27.6,29.6,31.5,23.8,18.8,13.5,Forest,kidneybeans
20.955490164592728,62.90695015598802,73.84676528939877,5.196664676398985,22.793574439668824,78.6976335656958,18.2,21.6,21.9,35.4,33.7,30.8,29.9,28.3,23.8,23.0,19.3,16.3,Arid,chickpea
100.81233844735355,34.66124317701184,20.49384312621104,7.011880599019495,58.73254620395655,138.23600385254514,25.6,26.6,26.2,29.3,30.4,23.6,25.2,26.5,30.1,26.0,26.1,26.0,Forest,coffee
98.46134713516896,47.73931830936781,48.03596336671907,6.644368688256986,86.02293153057282,207.67838050887354,16.0,21.5,24.2,30.6,36.8,36.8,31.6,29.2,28.4,26.6,24.1,17.5,Forest,rice
84.93353244841806,65.68574554498373,42.14965337474387,6.250861943000957,85.38085380029482,246.1576085165403,20.3,21.1,30.8,35.6,38.6,36.5,29.3,32.8,28.6,26.0,26.4,17.2,Forest,maize
52.84411931247029,50.33984913576695,49.57352632179701,7.3871428545082765,84.86230141251883,235.5175214232288,15.0,22.2,23.9,33.6,35.2,32.0,27.2,29.9,26.5,25.4,24.9,17.6,Forest,jute
66.88880762665373,65.13690021556255,39.288649230210176,7.2874985033933,77.38948364408479,269.2846208941842,18.9,21.3,25.5,34.3,39.2,34.1,31.3,33.3,28.8,30.4,23.6,14.0,Red,cotton
19.81981395375553,29.33343905750713,10.375808642148332,5.843532817977122,91.61371707092934,94.3764854729848,25.6,28.1,27.3,31.3,26.8,25.8,21.6,23.7,22.5,27.2,26.3,21.0,Alluvial,coconut
27.506767924640776,14.81395092050014,39.288477312352434,6.5428955731646115,101.29289054024808,115.22426144367431,29.3,24.7,32.6,30.6,32.2,26.0,25.9,24.8,26.3,26.3,26.1,26.4,Forest,papaya
21.96140275197468,10.437719760881205,11.346096190449417,6.741537345712928,72.237474253989,74.06813323595163,26.0,25.8,29.6,29.4,30.1,29.3,23.5,27.7,25.7,25.3,27.9,25.2,Black,orange
123.64811953880184,110.40246954453241,199.41832731907644,6.90243160451171,67.71355677793036,110.20563367428183,20.1,18.5,28.6,35.3,35.1,34.6,28.0,29.6,27.4,24.8,24.4,14.0,Arid,apple
112.71314135912512,17.301884345651235,54.18790721688792,6.40667916198338,19.005833658457213,56.38431523046644,3.5,3.9,8.5,10.8,13.5,17.2,15.9,14.4,10.2,13.0,5.6,7.9,Forest,muskmelon
94.16153202408836,13.229305366653252,52.08928943753707,6.381153606575964,26.911969895799707,51.68604138171635,18.7,20.2,29.8,32.0,37.8,29.9,29.6,28.8,29.4,22.4,21.8,15.3,Forest,watermelon
77.47830252711124,16.462191928876948,39.44529868204932,5.428176904062073,62.78865271451676,72.6312374585378,19.8,20.6,24.6,33.2,34.0,33.8,30.4,28.8,28.1,24.6,24.4,15.8,Laterite,grapes
11.125078766847638,8.905984210826448,13.298816422649626,5.352231374112419,57.586157030584964,154.2320901309263,15.8,22.7,28.9,33.4,36.2,35.1,33.8,32.5,30.5,26.5,23.8,21.3,Laterite,mango
93.60006941026658,87.53016079353502,50.580646213770834,6.295569424876223,83.54650898520771,100.49145742774537,0.9,4.6,9.1,11.4,13.2,16.5,18.7,16.4,14.3,10.4,4.9,-0.2,Black,banana
22.20472520163803,21.125637962214295,41.93986133444447,6.312969944054931,22.004737611585867,78.44208247201912,26.9,28.9,27.7,32.0,29.6,24.5,23.6,22.4,28.8,28.5,27.3,24.3,Forest,pomegranate
17.916775910813328,75.57471669735263,87.60730030784414,5.870855603205257,20.095453070262845,111.43768114796,2.2,4.3,9.6,9.8,15.0,11.0,10.6,12.2,12.9,11.2,4.5,1.3,Laterite,lentil
38.104509337077424,54.812423838367245,74.5932064784567,6.832343734447934,57.06367101517797,104.84104296940748,26.2,27.2,27.7,34.2,32.0,26.1,26.1,21.7,28.4,24.7,25.9,25.3,Black,blackgram
20.734998995826416,52.39173081534284,20.1201794281471,7.787697262020593,37.191504687299805,48.94728715279646,25.6,22.9,26.0,28.6,28.3,27.1,24.8,25.4,23.6,27.7,23.6,22.9,Arid,mungbean
22.06709412551625,40.82923601102252,19.227417172750016,6.597263303456219,46.70069596335276,52.585193209497284,17.5,21.8,27.9,32.5,34.8,34.1,31.1,26.4,31.4,28.5,27.1,18.5,Arid,mothbeans
18.864676048157364,62.358777942528604,85.94516775402448,5.874580955405977,76.97395045279023,162.9447550516116,17.5,21.9,25.2,30.8,35.4,31.0,27.7,31.9,33.0,26.3,21.7,20.2,Alluvial,pigeonpeas
17.640712835200986,66.40258837387334,77.25841682848565,4.929189307750215,64.32944104576235,73.51180497694142,25.0,24.9,24.6,35.2,33.5,25.3,27.0,23.7,24.1,26.8,22.0,26.7,Arid,kidneybeans
20.721811268497472,79.59458124570746,73.89220032561725,5.649793428157152,21.49916933246662,73.05435052479484,17.9,17.6,24.2,33.1,35.3,33.7,27.0,29.1,26.6,23.4,22.9,16.1,Red,chickpea
99.89494884490112,36.37755497747816,21.940639640927728,5.707046915637519,59.29109521343184,165.7908664697239,18.3,19.7,24.6,33.7,34.4,32.7,29.6,30.9,29.6,25.5,27.6,16.1,Laterite,coffee
91.64349306834629,43.282553487644876,41.81857833042432,6.854601386810398,75.24260464719202,231.24550124333612,27.9,26.1,28.9,27.9,33.0,27.0,21.2,21.0,28.8,23.0,23.3,24.6,Laterite,rice
74.2285391953455,56.495279691926264,38.606349593411096,6.571013491697634,75.5367472279692,207.28286204579027,21.0,22.5,26.0,31.0,37.3,31.3,28.4,36.2,29.5,29.4,23.9,18.6,Laterite,maize
60.577878643735325,56.62982969886173,48.539603404832576,7.475013434619921,70.81591435035143,268.88671447987747,17.5,21.1,29.4,33.6,35.8,34.0,30.9,30.8,31.2,25.3,25.1,18.9,Alluvial,jute
76.28156157495476,66.04723838991144,40.588237741922555,7.731415815292487,76.88376267038153,256.4857562630573,16.1,20.7,25.9,31.1,37.1,33.8,28.6,29.6,25.3,21.6,22.1,16.7,Forest,cotton
18.65049321230853,33.47818217943466,9.716372998774258,5.636468605183955,81.56801958682125,95.69685285968383,15.8,18.5,20.0,29.6,32.0,30.5,30.1,29.0,31.2,25.4,20.1,14.3,Arid,coconut
27.644644917361532,13.14621804717985,33.805216967656655,6.770207448527909,90.83973036644724,106.71330637686934,18.1,20.7,29.9,33.2,36.9,32.6,29.5,30.6,31.2,28.9,24.0,12.8,Forest,papaya
20.365123306758704,10.92771637729425,10.658771562157611,6.250204707801716,89.55175007732424,76.28392895975072,27.2,21.4,24.4,24.1,27.8,21.7,20.9,22.2,23.6,19.9,26.2,25.5,Red,orange
106.28438352830432,126.38670615010139,178.37878573322595,7.003649089475752,52.71296899104033,108.050555868606,15.1,19.3,25.9,27.9,35.0,24.9,27.2,29.0,27.1,22.1,24.1,18.1,Forest,apple
99.06417843894955,19.476506538394933,49.06480745518723,6.407434355406623,19.196621273122577,47.37765888992262,12.1,21.0,29.3,31.2,35.8,31.4,29.9,25.4,30.4,27.5,25.3,16.6,Arid,muskmelon
93.23680161282451,14.851719504349425,54.807454676618995,6.7932336183163695,28.029048820348457,52.24483055812954,15.8,22.7,27.8,32.0,40.9,36.4,29.9,27.6,29.0,27.9,25.4,19.3,Black,watermelon
77.36432293177766,13.878136843370962,50.1925026847583,5.570857428615737,63.61475481111641,65.65126991527592,14.5,23.2,25.8,33.8,34.5,32.7,28.7,27.4,27.6,25.4,21.8,17.5,Laterite,grapes
11.145616425934897,10.258779175405559,13.175686760218978,6.0736333171875,62.69113409013808,157.72087055470666,26.8,29.0,25.9,25.0,29.8,27.4,24.7,23.3,22.5,22.9,24.2,25.0,Laterite,mango
111.68365628271819,78.00966631279739,52.959425694261896,6.521856416697218,79.3214450082891,88.0231299688626,23.8,24.5,28.9,32.1,30.6,25.2,20.4,25.3,26.3,26.3,30.9,26.4,Alluvial,banana
17.32920620922786,21.727107502924884,40.90060716940108,5.869538840993105,17.889200893075017,76.39149601230268,17.5,21.2,21.9,33.5,31.1,30.1,30.3,25.7,24.7,23.5,24.1,14.4,Forest,pomegranate
21.25262975752114,65.84173386009599,72.55190471870753,6.550995208511002,21.06703851789163,90.96040862850691,1.6,5.0,8.7,10.3,13.0,15.3,15.1,15.3,13.7,10.4,5.5,2.9,Laterite,lentil
37.33438169223674,53.892109038993596,90.63385200200267,5.827230898307468,58.48746358190962,105.49158931161453,13.3,19.1,27.7,31.7,32.2,31.3,25.0,34.1,27.4,23.2,19.0,16.2,Red,blackgram
22.568106360029887,49.789997190255036,17.680750656840583,6.95933186750707,38.18596152789199,54.26075805620404,24.9,26.5,26.9,28.4,27.5,25.9,23.2,20.2,28.5,23.2,23.6,26.9,Laterite,mungbean
21.49434977835955,37.73004382513668,17.39625856258661,6.894096469332621,44.168499925122234,46.55062546841046,25.2,25.1,27.4,26.3,28.6,25.6,22.5,23.9,22.8,25.5,23.3,23.1,Laterite,mothbeans
18.59987323168924,73.13147045976048,86.79656346181525,6.41213928604682,70.64200386122576,169.2826548363996,25.6,22.7,27.2,26.4,29.3,23.9,22.2,28.9,22.8,24.4,25.4,23.4,Black,pigeonpeas
19.42593505639647,76.82404526637309,85.13139760236484,5.950224901598988,62.976200554552406,74.5325123508841,17.8,20.6,25.2,32.7,34.2,34.0,25.3,24.1,31.9,25.9,22.1,18.0,Laterite,kidneybeans
19.389000974865333,67.42195281713111,77.79213086876939,6.103279041650179,17.974308166073214,71.53294215192243,0.1,5.9,8.0,11.6,12.6,17.9,19.4,16.1,14.9,9.3,7.1,6.5,Laterite,chickpea
105.50624535691506,40.69731047591014,21.493178481382245,7.2898682968071205,66.85863399077049,161.1092097931604,19.1,17.0,24.0,29.1,34.0,33.5,32.0,26.9,29.0,24.0,27.4,13.3,Laterite,coffee
79.61463737728084,37.87538673604039,46.10219953982704,5.6035078795120805,84.8219737222226,229.51937855658048,17.9,24.5,25.6,32.3,35.1,34.2,30.5,29.7,30.8,27.9,26.3,16.3,Forest,rice
84.56220102201608,59.68408575048992,43.2190565017439,7.876428645474283,74.83969234160885,228.11345230712647,24.2,27.1,31.4,27.6,31.1,25.6,23.4,25.9,23.7,24.1,23.1,22.3,Black,maize
66.5249764399114,57.87411310444476,41.91629785464646,8.241023737405177,79.98940863274122,282.29871475673383,22.1,18.5,31.6,34.6,38.8,36.0,33.6,30.2,32.0,25.6,24.3,19.2,Red,jute
81.52521748847428,51.27358559316898,39.84006568474306,7.460060505622805,77.17311934406919,239.38381476251902,28.0,27.9,27.8,28.4,31.4,24.8,25.1,27.6,23.2,26.9,24.6,26.7,Forest,cotton
22.06333881802656,33.13020164315525,10.89875827662594,5.609757543070228,78.55183730993105,90.07794662433103,25.0,23.2,26.1,28.7,26.5,21.6,20.6,19.7,22.1,26.5,20.6,25.2,Laterite,coconut
26.376238240145927,13.653481952771594,35.59139782490897,7.066400489666833,98.11466452468353,112.23323640531274,29.4,28.8,30.9,32.1,34.4,26.1,23.4,23.9,24.7,25.4,30.6,24.0,Red,papaya
21.755800772357638,10.770523595172637,9.633894716571467,6.149874576457218,73.69409276557109,75.75480876032607,16.8,24.6,27.7,29.9,35.6,31.3,30.3,29.0,29.0,27.5,22.2,16.5,Forest,orange
133.23447077804715,134.46368660707608,186.4580276908774,5.859896412406482,57.60225488282087,106.41086998886622,26.2,26.7,31.4,31.1,25.8,26.8,27.0,24.3,25.2,28.7,27.6,23.4,Alluvial,apple
96.54228567083847,17.76810265103876,43.83868857287509,5.210044467484101,18.439166028522838,56.10083677472149,16.8,23.1,27.5,33.7,35.6,35.2,29.9,31.6,33.9,29.2,24.2,20.3,Alluvial,muskmelon
105.1325904289034,14.299221354361855,45.85053374515808,7.161338070868494,23.119325708753177,53.294828407287184,16.4,21.4,25.8,33.5,36.4,32.9,28.6,31.1,32.4,26.2,25.6,20.5,Arid,watermelon
60.921366113002335,13.751658607414763,46.66576678761204,5.482471282569379,57.350857392670115,65.51817977717707,31.8,27.1,31.2,28.2,29.1,27.4,23.7,23.7,29.1,27.3,31.2,26.4,Laterite,grapes
8.898188449272403,11.166890632351624,13.98101747039576,5.354154044040396,13.511903742909354,476.9115363476066,20.6,20.8,30.8,35.8,36.7,30.2,30.9,27.4,29.3,24.5,27.3,15.6,Forest,mango
91.83085275013552,77.59034291054105,46.87859047352701,5.668967226381529,88.94361384897884,109.16034225028378,22.1,23.4,29.2,30.3,30.5,25.1,20.5,19.6,25.8,26.9,25.0,23.7,Red,banana
18.520950809577524,18.635585980792857,37.68382554547168,5.227190770383948,18.15390057960174,63.15826647809362,18.2,21.8,23.1,32.8,36.3,34.7,33.7,32.0,33.2,26.8,20.2,15.0,Black,pomegranate
18.546653983565434,71.09448107088696,74.4766187174176,6.7994701638490715,17.40669278111128,97.45746874299059,23.6,25.5,30.6,28.0,27.6,25.2,26.2,21.6,25.9,22.2,24.5,26.4,Red,lentil
45.198314383735706,54.24133895842375,75.01706641115477,7.2272046220567105,61.168993033273026,95.38907184835904,22.9,24.6,28.9,27.2,29.3,26.3,20.9,27.4,23.0,25.5,24.6,24.2,Forest,blackgram
17.287490771975857,47.36554080843064,21.07924626587191,7.787101898207066,45.35536586703913,49.415015363223056,19.3,22.0,28.6,35.2,39.0,31.0,29.4,32.0,29.1,28.1,23.2,21.0,Alluvial,mungbean
19.38917573332845,37.38580127218051,19.064680864167485,6.132744446836623,52.07849445738646,51.837542237488655,2.3,2.4,10.1,5.7,16.3,15.9,18.9,16.4,11.5,9.0,2.6,6.1,Forest,mothbeans
18.249000464626523,76.28135497121615,80.8878577756555,6.6458356131422285,71.10976626461297,170.362339790494,24.1,25.8,29.7,29.1,27.7,23.4,26.7,23.1,22.2,27.5,25.2,24.4,Laterite,pigeonpeas
21.195218182504327,73.95864126634311,79.70884096452768,5.694451400495962,63.027528476800775,78.84319572667184,17.7,20.4,26.0,30.6,36.7,26.2,29.0,26.1,26.9,24.6,24.7,18.0,Arid,kidneybeans
22.107838064754656,60.78599766556282,72.2338835499611,5.256578771327754,20.02132543037049,71.57740201819594,20.0,22.4,27.0,33.8,33.9,31.4,29.5,31.1,29.7,24.5,24.4,18.5,Forest,chickpea
111.83698875026889,36.451979119797684,20.23559045797777,7.1152022237840304,64.6549226936721,131.98868476126228,16.6,20.8,24.2,30.6,36.1,29.8,29.8,27.6,34.9,25.9,23.5,18.0,Laterite,coffee
79.61714181700678,42.19396132197953,48.41713389155511,5.744836641091533,93.07767251741575,200.76667556931238,18.8,19.1,28.1,33.7,34.6,29.2,26.5,28.8,24.3,25.2,21.3,16.3,Red,rice
84.20231339992402,62.70765481830791,46.62634632298295,6.690532531430947,74.90136360749129,200.81643501438933,17.7,19.5,25.9,33.1,33.2,30.8,30.2,27.0,30.1,26.6,26.6,14.0,Black,maize
54.74965206087173,48.1403429205869,46.45437811505335,7.439289256513837,81.8891968991352,265.46430928555924,20.1,17.6,22.0,33.7,33.9,30.6,26.9,24.3,30.7,29.0,22.5,15.4,Laterite,jute
69.64922609686418,65.05384539611211,37.235878585232065,6.162406430688031,68.98185273648838,267.749079118047,3.2,3.8,6.0,9.0,15.1,15.0,18.3,17.4,15.7,6.0,9.5,-1.3,Forest,cotton
18.26604690459164,29.10158952046386,9.333589656905477,5.5267769200381975,86.81933031172939,89.01232461314734,5.8,3.7,8.0,8.8,13.7,16.0,12.6,7.6,15.8,8.4,6.5,2.6,Red,coconut
30.60254176407192,16.9914125206775,31.29938908024183,6.150899316392232,97.64974480350074,118.29062889805208,16.8,19.2,27.3,27.3,34.4,29.9,23.9,27.4,28.2,25.8,23.0,17.5,Red,papaya
18.00746248972706,10.741574893992789,9.837492259841497,6.122743591286522,80.87004555417293,90.49163208676092,20.3,24.5,29.2,35.0,35.1,34.4,31.7,28.0,30.2,31.4,23.7,18.0,Red,orange
131.8872558788916,109.0992072296167,194.98064145060755,6.230305455104017,56.459653556909615,111.62522166242664,2.8,4.0,4.7,9.4,15.2,14.3,16.5,14.4,10.0,10.9,5.8,2.1,Red,apple
89.45090338662216,18.75871683058027,49.87530388653517,5.3497526202295855,18.431807373939762,56.689489699678376,16.1,23.1,26.6,33.5,37.9,30.4,27.4,32.8,28.5,28.1,25.2,18.7,Black,muskmelon
111.53155770782676,15.804504956560203,44.83324695700018,6.577640170972228,26.191688440295557,49.11345700075909,15.3,18.7,26.1,35.9,37.8,32.3,33.2,29.2,28.6,24.4,22.8,17.8,Forest,watermelon
64.80436730513914,13.490609912353921,50.84386274109269,5.730979966021522,71.27679239393606,74.21234084692715,15.3,19.9,27.2,34.2,37.3,31.8,32.3,30.5,31.3,25.5,25.0,20.9,Arid,grapes
9.295512134401562,11.056335134161955,14.990577980882358,5.814625211250053,65.31092609676448,153.4576867168572,-0.6,3.3,7.3,10.7,14.4,16.2,12.9,14.1,12.6,10.6,6.3,3.0,Black,mango
113.20575424076358,85.11509887885094,45.383241737384395,6.731418724417866,74.32157746832713,92.86391909163785,16.5,15.5,24.7,27.6,30.2,30.6,25.7,28.9,29.3,27.8,25.5,16.6,Red,banana
21.31812588453873,21.771810993828147,36.395524075089746,5.556322272040605,21.18674565067881,70.01663223638846,20.9,26.2,25.7,24.9,26.7,25.7,21.5,22.1,20.9,25.2,25.8,23.6,Arid,pomegranate
22.519859345978798,66.63396341529477,80.07800465985929,6.31886422473857,19.959821741439388,93.26534269029038,22.5,25.6,26.6,26.6,28.9,24.3,20.7,22.3,25.7,23.0,23.9,27.0,Alluvial,lentil
44.81697449658644,59.52834304052767,90.696129739553,6.168225397668032,64.86573082316089,113.80682517365473,15.7,21.9,26.8,32.5,34.9,34.1,34.4,32.4,33.1,26.0,25.6,19.1,Laterite,blackgram
21.91543028403728,48.2257996467644,22.409919117953756,6.9875114367786715,44.0271970724997,51.48146263604193,26.6,29.2,27.0,30.2,31.6,23.1,25.6,23.7,25.6,25.9,29.6,26.5,Alluvial,mungbean
18.55003321978939,40.87555927859481,18.215561429361234,7.212735804603063,44.476905222347995,52.231449578878696,17.0,21.0,26.5,29.7,31.6,28.8,29.5,25.1,28.6,24.1,23.7,16.1,Arid,mothbeans
20.005561575679206,74.6136235439954,70.02986582911119,5.903344731806852,70.53125774529374,149.64903783502902,23.1,26.7,30.2,26.0,31.2,25.4,22.8,23.6,26.7,25.4,22.3,27.6,Alluvial,pigeonpeas
17.90792681872661,74.6632523947735,84.275246313239,6.150281733561593,65.77469918310639,90.62282646356121,23.2,26.0,27.2,34.3,29.2,27.4,25.9,25.8,22.3,21.3,26.2,21.4,Laterite,kidneybeans
19.715270849018285,78.23862951956035,89.1147488019744,5.24799079925704,18.555240308735776,70.9779681319577,23.1,25.9,26.6,29.9,31.0,28.7,26.9,24.3,29.8,27.0,25.4,26.5,Forest,chickpea
96.13025401152287,38.4454614117021,22.73442682387219,6.489124173011456,53.91707773201148,135.23806089102237,15.8,22.9,30.2,33.6,36.5,35.2,31.9,33.0,31.1,27.8,23.1,16.3,Forest,coffee
92.82585048154002,39.339790568600904,46.24415174211933,5.834297635720464,93.36939753154947,195.9870960978335,2.4,2.8,5.4,9.3,15.6,13.3,13.4,12.8,12.7,8.4,6.8,6.6,Black,rice
84.11809301606307,62.27022623109665,36.27162416355543,7.268424005893439,78.1342806274694,228.24454247584552,18.0,19.3,26.2,35.9,36.2,33.1,31.6,25.1,30.8,26.5,26.3,19.9,Arid,maize
66.90208259503763,58.80910291987446,39.22849644883962,7.027743181557439,89.60270324128147,298.1573036468698,22.3,27.3,24.7,32.0,27.4,27.0,25.4,25.4,25.3,28.2,29.5,21.7,Alluvial,jute
210.70222111435498,189.70603055288964,117.44779180592296,7.709228038556766,80.14239549357126,233.92769545959018,21.3,25.6,29.7,27.3,29.3,26.7,23.2,26.3,24.9,27.7,24.2,25.8,Alluvial,cotton
20.055055483036426,30.817390204333442,8.993534853729855,6.371347846536047,87.77287610714335,87.32665376602075,21.0,21.8,28.0,34.2,36.7,38.1,31.1,29.5,33.3,28.2,19.3,18.6,Black,coconut
26.12409124931402,12.941444347544877,30.863801462701115,6.930896394118895,83.60854026778414,121.32173541187491,25.7,26.1,24.3,32.9,29.6,26.3,21.7,24.3,25.0,25.1,26.0,26.0,Black,papaya
17.80958144427788,10.201174378183973,9.043071818213985,5.906786278705812,80.92502240171353,86.92041491312207,2.7,6.9,9.7,11.4,13.8,17.1,12.2,12.9,9.3,8.2,6.9,-0.5,Black,orange
135.15454104957203,139.92412922441218,172.5229705373997,5.914504275047996,53.869488979939206,98.37069952398376,26.1,31.0,24.9,26.7,29.0,24.6,23.4,23.0,27.2,25.7,26.3,29.3,Red,apple
95.70361859471006,19.95478457926056,54.393527380814675,5.30397316896146,20.887938594482904,48.6653975610962,15.8,20.4,25.3,36.6,36.7,32.2,30.3,33.2,29.3,28.6,23.6,18.1,Alluvial,muskmelon
96.93335273476563,16.4695118272378,45.06980040873049,6.615785456268607,24.763227010789418,53.665533986791935,19.9,20.9,30.7,31.2,32.1,29.8,26.9,28.9,29.0,27.4,23.2,14.6,Arid,watermelon
67.71077219623326,13.818202751668679,45.416755365767884,5.774836969455956,73.9405698434181,72.47299065880705,2.1,0.5,5.6,10.7,11.9,19.0,18.3,13.7,10.0,7.9,6.8,2.0,Laterite,grapes
10.998083735873793,11.163292117869638,13.032575044015816,5.671317293867167,67.45354041283926,150.0225240705164,16.9,18.9,26.3,33.5,32.0,26.7,24.3,27.7,29.1,25.7,20.7,20.7,Laterite,mango
105.04794434761664,71.90100647669156,55.62661704423553,6.599197636333859,84.27518380943283,88.94607393564384,18.0,23.4,26.6,30.1,36.2,34.9,29.9,29.1,31.2,26.5,25.5,19.6,Red,banana
20.685564757908452,17.508883660782097,35.10161373723641,6.537792953350558,20.380107610814783,65.35865818967663,17.3,20.5,24.6,30.8,38.2,34.9,33.5,31.8,31.3,30.0,20.3,17.4,Laterite,pomegranate
18.422412996480272,78.27713130812992,87.78313080224693,5.676279948715284,20.201198952642464,101.99028743756719,3.1,3.0,0.5,9.6,11.3,19.6,17.3,15.1,12.4,10.1,4.6,3.0,Red,lentil
44.11336821070656,60.69904417888391,76.15779418005235,6.919280096488651,57.87477276839921,89.9419656285901,21.3,24.5,26.9,26.5,28.3,22.4,21.5,19.8,22.2,28.0,26.2,24.1,Arid,blackgram
21.65095353534,50.5164141261391,17.535324228479833,6.447653758641747,39.64097109618159,46.62772462818125,18.2,21.2,25.2,32.2,35.0,33.7,28.5,28.3,28.8,25.1,23.2,17.9,Black,mungbean
17.57031700514917,37.3975956252995,20.93250314282376,6.647805904340971,50.0875788947307,48.286401094088696,20.2,24.2,29.2,31.9,34.0,32.8,27.1,31.2,28.1,31.0,25.7,19.2,Laterite,mothbeans
22.261164141592758,72.51510549331735,85.11103494084193,6.514334551171949,67.38277178363722,137.45531111338045,19.7,20.8,29.9,32.1,34.4,32.5,29.5,30.8,31.2,25.7,24.6,15.5,Laterite,pigeonpeas
19.84504317495758,66.31705292889205,68.9401869684294,6.04985671265707,62.979377731341685,73.74494749823964,25.3,27.8,27.5,24.4,27.9,23.7,22.2,20.8,24.4,24.1,22.1,21.8,Arid,kidneybeans
21.440301359715374,62.080128215570205,88.21107795169354,5.092157645840441,21.137885506835868,73.28881408496854,25.8,25.2,32.5,34.2,29.2,29.2,23.5,24.5,27.3,26.1,28.4,26.9,Arid,chickpea
105.25724080782352,37.64722218006333,21.74785775241201,6.184257792740668,58.6625366032579,135.27297896176117,22.2,26.4,27.7,27.6,30.6,22.1,23.2,23.2,25.7,21.3,27.0,25.3,Laterite,coffee
325.3347602783272,45.70027218501816,37.01695392299716,2.3757310976531696,91.11431108953252,753.1888173700569,18.7,22.3,27.3,28.3,37.0,32.8,27.3,32.5,29.9,25.2,26.0,20.2,Arid,rice
94.71747095593363,64.17647869728292,45.70006820051868,6.259868442935983,70.95890034280322,242.94565989503246,0.2,4.1,8.8,9.7,12.5,19.6,12.7,14.7,7.9,11.6,8.6,2.1,Black,maize
53.998303211073356,58.149374970722775,49.032899427513364,8.678287535361811,90.81092784384299,267.80281199468806,21.2,23.7,28.1,29.8,30.1,25.4,23.3,30.1,24.6,26.5,27.2,24.5,Black,jute
79.67498793366879,57.807435391791,36.95641730684094,6.697963122538337,86.4696230078383,260.466460605972,23.8,26.6,28.5,28.1,27.5,23.8,25.2,22.6,25.4,22.6,26.0,25.0,Red,cotton
21.177505320611736,29.889664425998912,8.704775609146084,6.153238638426767,85.98229153230807,113.19306019251577,26.6,27.6,28.6,28.4,33.0,28.1,25.4,23.8,23.8,26.4,24.0,22.4,Arid,coconut
33.361150798630256,14.185841839686397,32.13152759964076,6.293989961721472,86.4867071274227,99.39253455682255,26.8,26.1,29.6,31.7,31.7,30.2,26.9,22.5,26.3,24.0,27.6,26.0,Laterite,papaya
18.331141692177134,8.906617181505636,9.033757122689098,6.174176221399134,88.49452962710781,82.82569049373431,15.8,22.5,27.1,34.8,37.3,34.5,32.1,30.5,26.7,29.5,23.8,19.7,Laterite,orange
129.12182328479878,137.2423890996803,191.14341333721438,6.727059389369924,55.02138320037999,98.52412914301154,26.1,23.1,30.0,31.2,30.9,28.1,23.9,24.0,26.5,25.5,27.2,26.1,Arid,apple
103.22818983989409,22.184996785521427,44.511272069032294,5.837518690382457,17.77654220301232,52.539859090310856,18.3,18.5,26.8,30.7,31.4,32.1,26.5,29.3,31.2,25.4,23.5,17.2,Laterite,muskmelon
98.3997541999952,16.143961074368097,46.88125890595107,5.621999721120981,23.88869786474509,47.46193801667866,16.9,15.3,30.1,28.9,32.1,32.9,31.0,25.4,28.6,24.0,22.8,17.0,Forest,watermelon
67.7936228795824,16.965203902850504,43.5629190969995,5.8127360240520085,69.73437642812648,65.26918645203942,17.8,26.5,29.6,33.2,35.4,35.1,33.6,31.6,25.9,23.4,23.7,16.3,Alluvial,grapes
10.705336013568633,9.804894575015012,14.785063310377923,5.999305530264203,52.103036873645046,143.97262177694532,20.9,22.6,28.7,32.4,35.6,34.1,29.9,30.0,27.9,28.2,25.4,15.1,Alluvial,mango
99.28571875929076,76.85330980010883,46.55239195253569,5.293861433028081,76.74708897906231,109.05279424126628,4.4,1.5,7.6,13.7,12.6,17.3,16.8,15.0,14.7,9.2,4.3,2.2,Alluvial,banana
22.690912021066545,22.16237338264,45.41014791328254,5.735769771629247,18.180419033993104,62.50665827383847,19.7,19.6,25.2,34.9,36.0,31.7,27.8,31.5,28.2,26.4,25.0,18.2,Black,pomegranate
38.76212566738995,147.11120464999357,146.17451056877462,12.455009101247708,22.1416684480997,97.9510347144953,18.3,16.9,25.5,28.0,32.7,27.2,28.7,30.2,27.7,26.4,22.4,18.5,Forest,lentil
40.73044404703451,55.37566905837246,74.87550944406566,7.350506104706803,57.81978413523798,105.08470093934157,17.8,22.2,23.4,33.4,36.4,32.1,28.5,30.5,33.4,29.4,24.6,17.6,Arid,blackgram
21.700698143211635,53.56652458440466,20.463851547141214,7.525417861705192,35.87717461170229,44.207485135033345,25.6,28.8,28.9,29.9,30.1,24.8,23.0,22.6,24.1,27.0,28.4,26.5,Red,mungbean
19.60203300600628,43.327698457937636,19.30841427580783,7.054772545401041,48.77129942241299,44.99018633730829,21.9,22.9,27.9,35.9,38.3,36.6,31.5,29.8,33.8,24.5,23.5,18.9,Red,mothbeans
18.036320377621063,66.64902876456141,89.09899897755993,5.185316111107606,73.7720545289329,152.6707725872711,16.2,22.0,29.9,33.2,35.0,35.9,34.2,31.6,31.7,27.2,23.9,16.7,Alluvial,pigeonpeas
20.322361202596092,62.774205535543274,85.86486386912736,5.466685783496344,63.53670165683804,80.18753470639226,24.8,28.1,31.1,32.8,30.0,24.9,22.6,25.0,24.8,24.6,27.3,25.0,Arid,kidneybeans
21.09281620100059,72.0174254893007,82.97965825551907,5.6936532446359225,22.332286963872537,82.46623424157717,18.1,19.2,23.2,28.0,34.4,30.4,26.2,30.5,25.9,25.0,21.1,15.7,Laterite,chickpea
107.79063512910358,36.31807678047832,22.098379130796793,6.881110629064366,57.412239649326274,130.53526859890457,13.5,20.0,21.3,28.0,34.2,31.8,29.6,28.9,29.0,28.5,24.5,17.7,Arid,coffee
102.13356138497366,44.30056085032944,37.981066733773424,6.185044831843173,77.46224373598982,224.91202512503386,20.6,20.1,29.2,33.8,37.5,31.7,31.6,32.5,28.2,20.7,27.6,21.0,Black,rice
83.73044465558739,53.75952320322763,36.61432111520793,7.318552523733055,83.23325895788781,257.6272759016548,2.3,1.3,8.9,7.7,17.5,13.3,14.1,12.4,8.8,10.8,7.4,5.0,Black,maize
53.42791988724348,51.23798436435006,41.27912108889789,8.533958308518066,79.23787575488198,238.627414200177,24.1,25.3,25.4,28.1,28.7,29.1,20.8,22.1,24.8,25.4,22.5,18.2,Black,jute
69.73424832389713,64.54187711438802,37.59039067779244,6.437881012064602,84.2481814068372,239.52939543123003,27.8,31.0,30.4,31.8,27.3,23.8,26.4,25.7,25.3,27.3,21.8,28.2,Red,cotton
21.696485857721626,32.26498674306662,9.877965456623159,6.653374557060275,94.20208464669331,100.10209420516402,20.1,24.1,25.5,25.9,25.1,24.5,26.0,21.1,21.7,21.8,21.9,25.2,Black,coconut
33.46848291590823,16.208773999694966,36.98554410091791,6.548300479398564,100.4790197788007,99.71947958627025,20.9,24.2,26.0,31.3,38.8,34.2,31.3,31.9,29.1,28.2,26.2,16.1,Laterite,papaya
21.938404910517576,10.038268990499478,11.20870325738812,6.967781541037416,73.57111753052769,77.95715271244286,18.8,19.4,28.9,32.7,36.5,34.1,33.0,29.4,32.5,24.3,24.7,15.7,Alluvial,orange
107.51048128845436,138.3957316580945,213.37878263801184,6.037685114559929,52.31914180072362,101.147208370385,19.1,22.7,28.2,32.8,36.7,34.1,32.1,33.5,29.8,28.8,24.4,17.9,Black,apple
87.32412953213802,22.62781483021371,55.36795601237687,5.33433749364098,19.016505764794434,43.817671730635396,17.4,21.2,26.2,31.6,41.0,30.4,32.6,30.6,32.0,26.8,27.0,18.6,Red,muskmelon
101.21577412081575,15.780531996204843,54.36710314597124,6.120049526063564,22.24905198327436,46.72304183269838,18.8,23.6,26.1,32.2,38.9,36.0,32.6,28.9,29.2,24.4,25.9,22.6,Red,watermelon
69.8928785764851,16.798796636357896,41.913080002238516,6.17324855125463,57.191479259792324,62.341166635216425,0.5,2.2,5.6,7.7,10.6,14.6,16.5,16.4,10.8,10.6,8.9,4.4,Black,grapes
11.32046218017746,11.164338821002445,15.810511896912192,5.713270755692444,52.37688552797477,168.6455394243551,16.9,19.7,27.7,33.2,34.1,31.7,31.0,28.2,32.8,24.8,27.4,18.0,Laterite,mango
93.23438435233086,77.35822791630726,49.99582894008899,6.619558583080843,89.93248895372373,90.13261047763773,12.4,17.7,28.5,33.2,31.5,29.9,28.1,30.9,32.0,26.4,26.6,16.6,Alluvial,banana
20.078292381250442,18.103993164474804,39.84514259190846,6.207709203292002,19.29946278213627,74.15148530729893,23.5,25.7,24.0,33.7,30.1,28.2,22.7,23.5,24.4,22.8,27.5,27.1,Alluvial,pomegranate
17.726677621389,64.35628061457786,88.62878503824771,7.146160382622422,17.667744974443305,95.57648245685829,18.3,16.7,24.3,27.6,35.2,33.9,25.1,30.0,31.7,26.7,23.8,20.3,Laterite,lentil
42.66665298208351,62.41033462918492,86.67771832741633,6.584592594507743,57.544569352584865,112.65679725679905,16.2,18.3,28.6,33.0,37.2,33.0,25.8,30.5,30.6,26.6,23.4,19.8,Black,blackgram
19.12560720104759,48.25836129566839,18.13668463714084,7.713950195511378,44.89043734309923,52.88880250772514,-0.9,5.2,6.8,8.6,12.3,14.3,15.7,11.8,10.3,3.9,3.8,1.1,Red,mungbean
20.166606799612733,40.4498678499965,18.635387431586693,5.640721628848074,56.98415230870094,49.29009957493188,16.7,19.9,24.4,31.3,34.2,28.8,28.3,25.5,26.2,23.1,22.8,22.2,Alluvial,mothbeans
18.30343666689763,71.75631398903603,79.01639818264849,6.758805557307672,69.7593011831582,132.90548599785333,17.6,22.3,27.8,36.7,38.4,35.1,31.2,28.9,29.3,28.8,23.3,20.3,Arid,pigeonpeas
22.305872923989476,75.32929609191363,90.39400166290636,4.940326950096859,70.37673491032895,83.59775652242391,18.5,19.6,23.0,34.1,35.2,32.3,28.4,28.3,29.2,27.9,22.4,15.2,Arid,kidneybeans
19.23688336077855,62.36979896172333,87.77624755141085,4.981601189350293,17.572028904128796,80.09202999361989,15.4,15.0,25.2,32.7,35.5,28.2,26.6,25.1,28.0,28.2,22.5,15.4,Black,chickpea
89.57083560622611,39.817591791696735,18.28898214845864,6.58478349077172,59.413465989389024,162.18770834097603,17.6,19.6,28.2,33.3,35.5,33.3,27.3,30.2,29.9,28.1,22.1,16.5,Laterite,coffee
96.5548825989631,41.11508391932372,37.827958593130795,5.722896271742471,76.57458852844859,184.2312630726126,15.2,22.6,29.4,31.9,34.1,31.3,27.4,32.4,31.1,25.0,20.7,16.2,Alluvial,rice
86.08985266410606,63.337301234181176,38.64270460430261,7.4039548245349565,90.3077964425218,230.0730058903924,19.8,17.6,29.5,31.8,33.3,28.6,32.1,28.2,26.5,22.6,20.6,16.8,Forest,maize
52.13901621116164,50.201378386474886,45.85978705666348,7.550946846605672,88.00452594089126,245.68947603091,18.1,19.9,26.8,33.1,37.8,33.4,31.2,30.7,31.3,25.0,23.7,17.6,Arid,jute
82.53622043020542,57.3717040811267,38.33229380482447,7.243744152877458,90.89202510965788,262.546429816402,17.0,21.2,27.1,34.0,34.7,30.7,28.4,28.7,30.1,27.8,23.7,15.4,Forest,cotton
19.82585316154378,32.67270251675565,8.837088594570435,6.158298766003508,91.9752929048596,95.8494019683383,-1.2,4.7,6.4,11.5,13.5,13.9,16.6,16.0,14.8,11.6,9.5,3.9,Forest,coconut
32.5471916843336,14.839514545477288,36.37744424296892,7.04715697470096,87.32341872026059,111.68678042536945,19.0,18.3,28.5,34.9,35.9,33.8,28.2,29.6,31.2,25.1,26.8,22.3,Black,papaya
22.24280270613737,11.20170488599845,11.348040200711598,6.779310597730106,85.17945562794692,79.8790469539318,16.9,20.6,25.8,34.5,36.1,33.2,31.6,32.4,31.7,24.6,22.9,18.0,Laterite,orange
126.81327557165878,133.61759693592344,199.79662004505317,6.801034998770458,67.62259602384886,95.38777806993733,20.3,25.4,26.5,32.4,30.1,22.4,24.4,25.1,20.3,25.8,27.3,24.3,Alluvial,apple
105.42137036054255,22.54641187364472,44.192875806668354,6.026955618743758,21.853316823031307,51.01072424614742,23.8,22.7,28.6,31.3,28.0,22.7,24.8,25.1,26.8,25.2,23.4,26.4,Forest,muskmelon
87.48404634421756,12.945829918747764,52.48054917490701,5.767849533759945,21.976199710636834,43.371729637720385,-0.5,6.6,5.6,7.0,12.4,16.2,13.6,17.5,14.5,12.4,4.0,4.8,Red,watermelon
65.89067370988658,16.231144076192134,42.65884325856742,5.762486922023604,65.52410586207014,68.24702965664784,26.2,27.1,24.3,27.8,28.5,23.3,27.1,22.8,20.7,23.8,23.1,27.4,Forest,grapes
9.421495524285076,8.9368227943766,16.625508500871113,6.354574070523224,62.20969335751099,166.05919806359998,13.2,18.7,22.3,29.1,33.3,32.4,27.8,27.0,28.2,24.0,22.6,15.1,Laterite,mango
99.1190316092563,75.47506558564763,56.206030881555336,6.289132910531123,75.41483776727026,96.5928313263344,23.9,27.2,31.9,32.3,31.0,27.2,24.2,23.7,24.5,25.7,25.7,24.5,Forest,banana
100.64239350214558,18.01105217920347,35.67257047815946,11.120026758079838,3.8941334372880037,61.19651434169612,19.0,19.6,27.3,31.7,35.7,31.3,30.5,27.6,31.9,28.0,21.7,23.0,Red,pomegranate
21.103331618905116,64.86388180554404,85.88020940058443,6.5495603398046205,20.45381756009396,99.36246587335411,20.6,24.9,24.6,31.9,37.5,33.2,31.4,24.4,31.9,25.6,22.0,18.5,Black,lentil
36.40402763804443,63.15955885338263,83.48628158727425,5.734311638302098,67.89686258823296,101.7161868320577,18.1,21.6,26.6,31.4,33.4,31.0,32.2,27.2,32.8,27.9,23.7,19.3,Laterite,blackgram
19.39369008872894,51.89348725122366,20.150012763006448,7.532148145101366,42.9794593818491,52.1758321574974,18.8,20.1,27.4,35.7,38.2,32.6,28.9,31.7,28.1,24.2,24.2,22.1,Black,mungbean
21.25243870493194,44.77499557447602,17.404474889665504,7.083211399189255,53.784531455256534,46.98227204238904,1.7,1.5,5.8,9.0,12.1,13.0,13.0,12.0,8.1,9.7,3.4,6.0,Black,mothbeans
18.450790187291933,63.0180886415495,78.59655449951073,6.792098792853366,76.42494442353652,146.00043112757655,19.0,18.4,28.9,29.5,32.4,27.9,29.5,29.2,28.6,29.5,22.1,21.6,Forest,pigeonpeas
17.547798842269607,71.06564413957199,78.30044206755856,5.401884317429667,64.19040593389668,69.6457492042544,-1.4,0.6,2.9,10.1,15.0,15.8,15.5,13.2,14.1,11.7,10.1,0.8,Black,kidneybeans
17.253340425200584,72.66961445285261,88.2130566143826,5.150494904773447,20.5185631758633,85.48296044820671,21.3,22.1,30.1,35.7,40.6,29.7,29.8,31.9,31.9,29.4,23.7,19.3,Arid,chickpea
106.83688611467701,38.15436865141066,21.93841622450678,7.279941310872259,62.618809643658615,161.81670725898195,25.6,29.1,27.5,29.7,30.9,24.3,26.0,21.8,27.8,22.0,27.5,24.2,Forest,coffee
83.32888986955612,47.15573091154681,43.208079555169505,6.902656295067603,74.35883970299905,180.9186782420883,19.3,17.3,27.4,32.0,32.2,30.4,30.0,28.8,30.1,23.5,27.9,15.1,Arid,rice
78.44432572707463,65.43329821575244,38.11400183213878,7.2920225417242985,72.89076736226107,200.89341986504832,25.5,27.7,32.2,30.7,29.4,27.0,25.8,25.2,25.2,28.8,25.7,26.3,Arid,maize
51.833077381113306,53.919861365139376,47.39168282810646,8.851457506537473,92.61692608563527,274.77418515689783,16.8,19.0,28.9,33.4,34.4,31.6,28.9,29.0,32.1,25.9,22.6,17.9,Forest,jute
66.1626095688958,60.45561019114379,36.777211550944955,6.172150968732864,80.79681388253744,243.5770364333349,26.8,26.8,28.0,27.5,28.8,25.2,24.0,20.1,25.5,23.8,26.3,23.6,Black,cotton
21.385444789022863,28.452924015182386,9.868330073771556,6.29754601751312,81.64895299315342,93.64272891721967,26.7,31.0,33.4,29.7,28.9,26.7,21.6,26.5,28.0,29.5,25.9,25.3,Black,coconut
28.076883312518518,16.137139529219077,30.48616197506888,6.461718572951907,82.56380366798916,122.74476202696148,22.0,24.6,25.6,30.7,26.2,27.0,20.2,24.2,21.7,25.7,24.9,25.2,Red,papaya
20.842042231924367,10.645510003944947,10.155996201097368,6.724407194082701,69.24925767556594,75.3455298056168,19.1,23.4,25.7,34.2,38.1,31.7,26.4,30.6,26.8,27.3,22.5,19.0,Red,orange
128.7293754726016,133.5683392327183,224.1613310877992,5.7823107760519585,53.026597547272935,98.73320786026164,15.6,21.0,25.0,32.8,34.9,35.9,25.4,30.1,28.8,22.2,21.6,16.1,Black,apple
96.7379366880714,21.944849257128638,54.46980080364957,6.608072577036519,19.108025019200365,54.99060147152939,13.9,19.6,28.2,28.9,35.1,32.0,32.4,31.1,31.5,26.4,22.3,16.6,Red,muskmelon
107.265198552637,16.39649622571514,53.6372255767566,6.176028896394535,26.83729478035585,54.56967063341204,15.7,19.5,28.6,32.8,34.7,30.7,28.6,31.0,30.3,30.8,22.3,17.3,Laterite,watermelon
78.18958391109645,14.32525693055131,45.88120973658297,6.819585222821068,63.450573256991625,75.93540211457515,19.0,22.7,30.5,30.6,34.0,31.7,29.5,32.6,32.3,24.7,24.8,18.0,Black,grapes
8.93492173519544,8.733528035949975,13.39078912937373,6.831228608430613,54.709063931141756,162.0649829895324,18.9,17.4,28.9,35.6,35.8,35.7,29.5,33.9,33.9,26.8,23.9,15.2,Arid,mango
109.6297587046004,78.41999886594188,48.59133283528945,5.506310615917592,83.85359701034602,108.54375594520891,16.6,24.8,28.0,30.8,36.5,32.7,29.2,29.9,28.8,27.6,23.1,17.2,Black,banana
21.971222426602782,20.841317774004008,37.44290173355276,6.042204737690444,19.209214050543814,64.82542745854701,0.0,0.8,2.4,8.0,11.8,17.7,12.7,14.4,9.5,11.5,6.5,1.7,Forest,pomegranate
17.325358092927978,63.32049519436855,73.58531015598625,5.829556863933468,20.094964681770957,88.45522247488503,4.7,1.7,5.0,8.2,18.9,12.1,15.2,20.0,13.2,9.0,8.5,3.1,Red,lentil
38.2820400148537,66.81443323023944,73.73802171402829,6.457038498390132,57.82205645737512,100.74450785705724,24.9,28.1,26.6,28.4,30.6,30.0,26.1,25.2,26.2,28.0,27.8,25.1,Forest,blackgram
17.398432078463934,51.931992486866804,19.38096236292059,6.115565712356232,39.85955928154623,53.5883431274099,17.3,19.4,25.8,34.6,29.4,34.5,25.3,30.3,30.1,23.0,20.2,17.5,Forest,mungbean
21.19588462456958,40.02586644735054,18.226981731524365,6.707174291646851,52.501006766650285,49.39612692689838,25.7,25.8,28.5,28.6,28.6,23.7,19.7,23.5,23.7,22.3,26.1,25.3,Laterite,mothbeans
18.11399330592748,74.39615138340623,73.28354846400204,6.508836715765244,60.46921771410397,146.7405748139974,3.2,2.1,4.8,10.1,11.3,13.5,15.6,14.0,9.3,6.4,5.5,2.7,Arid,pigeonpeas
17.67586802233251,78.17571348192271,72.17105430991872,6.2357355433652915,57.730937681037766,84.55744212065483,27.7,25.1,24.0,28.1,24.3,23.3,23.6,24.5,22.5,24.1,22.9,21.7,Forest,kidneybeans
20.788983665848484,74.64787988177613,169.8122435169409,11.295560222446879,4.320245655218494,90.80017075859736,4.2,3.6,9.5,11.9,15.5,16.4,13.3,15.9,12.9,11.2,6.9,4.3,Alluvial,chickpea
91.98780131154298,37.97489715397545,17.723008880536575,5.617672720099814,59.672420001028584,132.13110829222686,23.9,28.0,31.8,29.7,28.6,28.5,19.1,28.9,26.5,22.7,24.7,25.0,Red,coffee
86.78464533406472,36.79011646599872,38.26909509374184,6.234272814687346,90.2279418292165,185.38210831582853,24.5,27.3,28.5,27.9,31.1,27.2,24.5,24.7,24.3,25.3,27.1,24.5,Red,rice
79.69218742628011,65.14878440185075,35.88658334513916,7.753830992423692,74.13931502481685,249.4935396712266,16.4,21.4,25.1,35.6,34.4,31.7,27.7,28.4,28.9,26.1,20.6,18.5,Arid,maize
56.6654774525984,53.97441582723041,41.01999847638989,7.417660491558141,88.74251945366565,240.36937139975393,22.8,26.6,27.7,24.1,25.1,21.9,21.6,23.6,22.7,21.5,23.1,22.9,Forest,jute
84.30037392147271,56.43220147398283,40.878420089454494,7.409909880498322,73.61354481187337,272.91112115157506,22.6,25.5,25.6,26.8,28.1,22.5,27.0,22.6,23.8,21.4,24.1,21.1,Forest,cotton
21.210586362458553,26.447166190084197,8.844083635955512,5.6486419118504525,88.0545371620781,91.36280817522274,20.3,26.0,26.4,27.2,34.3,29.1,20.6,25.0,22.4,23.2,21.9,21.4,Black,coconut
30.372404637390513,14.996316456074506,35.483311988181946,6.9635001722878895,100.28020704524307,113.72314076276565,2.4,3.7,6.8,15.9,17.5,16.9,18.9,16.8,14.1,11.8,6.9,5.6,Arid,papaya
22.5045556660894,8.774782887664855,9.539332129698133,5.913219157954517,75.8910349809315,74.08979154997033,28.1,31.6,28.0,27.7,29.3,28.7,22.9,24.8,27.3,29.0,26.4,26.4,Laterite,orange
129.92597351806415,113.98676171714807,216.315821379336,6.512500558028576,62.97406611155861,95.59326344438648,20.6,23.2,26.9,36.3,35.1,32.5,28.7,28.6,32.3,25.6,25.8,20.0,Laterite,apple
111.09370864451917,21.72241746192011,48.62675670768207,6.143771683190137,21.48195848816899,53.662464367161725,23.1,25.5,29.0,28.4,27.7,21.7,23.1,23.7,27.1,27.8,25.4,23.2,Arid,muskmelon
107.68519107060766,13.21330479105747,46.782067825000944,6.402551850369664,23.52009851215145,49.02387718000393,17.9,19.4,26.6,30.5,34.4,36.3,30.8,31.3,27.8,27.0,23.8,18.4,Alluvial,watermelon
76.7726904574239,15.640419161484614,45.71343999930452,6.522374126415654,71.88216919652483,64.06724581863489,20.5,21.5,31.1,32.6,35.9,35.2,30.5,30.5,33.9,30.3,24.2,14.9,Forest,grapes
11.27775583670461,10.025794655705184,14.926703554286474,6.30418677564465,66.4207206405043,166.67582826827532,17.3,22.4,25.9,33.0,34.2,33.4,27.3,30.0,30.4,28.8,21.0,17.6,Alluvial,mango
88.02527922195026,74.26612095616936,53.51762164395897,5.7578918280565485,85.08650881331677,93.27865712114719,26.1,24.9,27.7,29.4,28.9,24.8,27.6,26.7,29.0,26.0,28.2,26.8,Red,banana
22.288448813023525,18.33789892599323,39.77276204592647,5.674101174956412,22.090291853626177,75.40425059109566,22.6,28.8,30.2,32.3,30.5,26.4,25.9,25.6,26.5,23.5,26.3,27.2,Forest,pomegranate
18.715366775326025,78.51786853426388,90.47708022780056,6.30978225943182,20.70921842981847,110.58237172425397,21.6,20.5,29.6,36.7,38.5,34.0,34.6,31.3,30.9,28.8,21.6,17.0,Laterite,lentil
38.743512461661965,56.09385722986018,75.23972567307962,6.235964744195052,66.74774082606713,106.24527699699829,19.1,23.6,28.3,32.6,38.4,31.7,28.7,34.0,28.9,28.3,19.9,19.4,Arid,blackgram
17.595988589139615,47.693384573684455,20.264159688395367,7.121047339012574,42.32448848588162,49.95170284289369,17.1,24.3,26.7,32.7,39.5,31.8,29.5,28.6,33.7,26.5,24.4,16.5,Laterite,mungbean
19.244493784846096,45.38403241262108,17.731584335327607,5.958846098738863,46.54677916147073,45.51896736684887,26.6,24.1,24.4,29.2,27.3,22.1,22.1,25.6,20.9,25.0,24.7,25.6,Black,mothbeans
21.562686725220406,60.792603185974016,71.84763485602886,6.829434231183123,74.55457171115614,141.90399979118246,25.4,25.4,28.3,34.1,33.3,24.4,26.1,22.1,26.5,28.3,24.9,24.8,Arid,pigeonpeas
21.699231652146583,63.73570852069168,88.93121699272149,5.390064731010218,68.92953639381471,87.94131956502092,23.2,29.2,27.6,31.7,27.4,23.1,23.0,22.9,24.8,21.9,22.6,22.8,Laterite,kidneybeans
20.428343918750834,70.8602243369919,77.08457985585845,5.76682239262532,18.34103429457659,73.95652824035062,16.6,22.5,25.9,32.7,33.6,32.0,29.0,31.9,30.5,29.0,24.0,17.6,Forest,chickpea
93.18792013690246,36.97038859846058,17.993911615945972,6.686890879465147,52.60420072739656,170.1712294430353,20.0,23.3,29.2,31.6,36.3,29.1,29.4,31.3,29.2,28.0,21.8,16.5,Red,coffee
79.93759293102093,37.8989130914731,44.36887729599065,5.748352631666555,88.59969928839901,181.08481443969512,20.2,20.5,26.4,31.8,35.2,34.1,28.2,27.7,30.7,25.5,26.1,17.2,Forest,rice
87.3446798271427,51.83729026561842,45.571914399370115,6.871194580292804,85.6583902666408,196.63934378102036,17.6,23.0,27.0,36.3,34.5,31.7,34.8,33.1,32.7,25.0,25.3,19.7,Forest,maize
64.73757559753717,55.91394293491883,45.01432341587404,7.508080496254978,87.2299171801652,289.90351797815924,2.7,3.1,7.3,14.1,14.7,18.1,17.2,18.1,12.6,7.0,3.8,2.3,Arid,jute
68.51158147411206,51.21136983896819,38.35089746549506,6.805604127292285,72.1088824039431,209.71155998101167,20.3,22.1,26.4,31.5,39.2,32.8,30.0,26.7,28.0,28.0,23.7,20.6,Arid,cotton
19.98233004629735,31.80053916964745,9.951027711952797,5.645831513974621,92.7810276619526,99.08953195116025,21.6,24.1,26.3,25.5,25.3,25.5,22.5,22.4,22.3,25.3,17.3,28.0,Black,coconut
27.86508365791025,15.045365493300237,38.55648234155977,7.095896837708277,81.63597135807969,121.53006761417505,26.0,24.9,27.6,28.2,24.7,27.9,21.2,23.5,21.5,24.3,28.5,28.3,Arid,papaya
17.68925953661071,9.742864387047062,10.774316486234877,6.503431466578781,80.77255194354778,82.90214831853332,18.7,19.4,27.0,27.1,33.7,31.3,28.0,25.6,31.1,27.8,25.1,17.4,Black,orange
119.65519908941906,136.5520183974465,178.09983417259963,6.887584338442976,54.1058328045279,109.36589167189021,20.6,15.7,25.5,29.6,31.8,31.2,27.7,30.4,29.6,26.2,20.7,14.4,Laterite,apple
94.59027279516522,19.817194082026344,45.22134090423043,6.097558136778478,22.680955403537535,46.89230724240077,-0.4,2.2,5.8,9.7,14.2,16.2,12.2,11.6,12.7,7.1,8.9,2.1,Laterite,muskmelon
104.29400000461877,14.620633268312822,54.216830479253034,6.646327823021155,26.466492618488,51.7041146623862,17.3,23.2,23.6,28.7,34.6,30.5,23.9,31.4,28.7,25.0,22.1,16.1,Alluvial,watermelon
78.13729055592628,14.245373732362008,47.01148152610285,6.636692398757952,70.52094788795115,77.09527450669228,17.1,21.9,26.2,34.1,35.4,32.5,27.5,30.3,30.7,23.8,22.3,18.4,Black,grapes
9.995449346528876,8.77674635113885,16.314489234864656,5.848865451655719,52.41693404719678,154.8093202020841,15.4,18.7,23.0,33.5,34.6,34.9,31.9,30.3,31.0,31.1,21.6,16.5,Red,mango
100.90186743202545,80.53391622851223,51.5978821256017,6.79841887860978,79.88559148591182,98.37429897233999,24.1,26.8,25.3,30.4,32.2,27.7,24.8,22.0,22.8,25.9,25.1,28.5,Forest,banana
17.626982883239567,18.69172716994422,44.78212271978848,6.5760790790259644,17.30743156701758,72.25804079515181,16.3,23.1,27.6,32.2,37.9,32.0,29.5,31.6,32.5,25.9,23.5,17.1,Alluvial,pomegranate
18.670598630466216,76.95298637159766,86.1019029075832,6.36067205089639,20.074940145269274,93.80474548969838,19.3,18.9,27.6,32.7,36.0,32.2,32.8,31.4,25.9,26.0,25.6,16.0,Black,lentil
171.801188826978,63.959893781524585,77.89482343682023,2.285782677375142,13.330498410144973,92.8581197439344,21.5,21.3,29.7,31.7,34.4,34.8,28.1,28.7,33.5,27.4,20.3,20.3,Forest,blackgram
17.815856202020967,47.39170962455779,22.33782451842191,6.419725991614122,41.13762480058767,47.34978370503039,16.7,20.3,25.6,33.8,35.5,35.1,33.3,28.6,29.4,25.2,21.9,18.7,Alluvial,mungbean
20.49334465802163,38.34603380785578,20.907324823180655,5.668805811893949,44.03996218999641,48.82503277656613,25.6,22.1,24.0,30.3,32.6,23.2,26.0,24.6,25.3,21.4,23.2,24.1,Forest,mothbeans
21.42226351913477,79.3068694201553,77.39226375930643,6.529941129369899,73.27827454910964,133.78912078393208,17.5,18.8,26.5,29.7,33.2,33.7,29.7,24.9,32.0,28.3,27.7,13.0,Laterite,pigeonpeas
17.745057798548803,67.97838516786497,88.64997938935198,5.692827607373077,56.07625028457355,74.19075162739398,25.7,28.3,24.9,35.9,29.5,24.9,20.5,26.9,25.3,25.9,27.6,25.9,Black,kidneybeans
21.067094187103557,71.34705650862516,86.93908149274205,6.090598849201135,22.019899580309712,81.88741296960711,18.0,18.9,24.7,32.4,34.9,32.4,28.4,28.6,29.1,26.8,22.2,13.6,Laterite,chickpea
108.47637949464132,38.251169119448726,19.42221415280828,6.762511463454193,59.05275165892354,163.8423649553887,15.9,23.1,23.3,28.5,33.5,35.5,32.6,34.5,32.0,29.8,23.7,20.2,Laterite,coffee
90.09228459843322,45.74864641064299,42.06043599904855,5.596073903726536,71.13748200632162,175.41925217648208,15.3,14.3,24.6,30.6,34.4,31.5,32.4,26.0,27.1,24.1,24.8,16.9,Red,rice
86.39127233082237,54.42851765353325,42.160217351264535,7.692678925813151,77.84163706236286,251.44616013586415,13.9,18.3,20.6,33.4,33.3,30.0,28.5,26.0,23.2,25.4,25.5,15.7,Alluvial,maize
64.60613229378791,49.2112969355688,42.545692785592266,8.357087540391486,85.30467294474725,274.0792101151005,20.3,17.5,25.1,35.2,39.0,34.9,30.3,34.9,33.7,26.6,22.9,15.5,Arid,jute
77.65179756705052,58.60406489211018,34.39542435513296,6.012635354843774,70.1924829282232,215.90506187408303,18.0,21.7,24.0,28.9,36.5,31.7,30.0,25.1,28.9,23.3,24.9,21.0,Laterite,cotton
22.278917078968405,27.43000894586408,9.463952730991712,6.222382327569722,81.797051652179,90.0887758265895,15.5,19.1,25.3,34.7,35.2,33.7,29.9,29.8,27.0,28.2,21.5,21.3,Laterite,coconut
31.38289217700784,15.093675317665824,32.062406495265314,6.1071087501273045,78.38452564201889,98.82731992513435,20.1,22.0,24.8,34.1,35.0,34.4,26.9,34.1,27.5,28.3,24.2,19.6,Red,papaya
19.164569770991598,8.861225069932807,9.170524543600584,7.07418477873652,70.55322638581018,81.40450644060711,22.5,25.2,25.5,29.9,30.3,25.6,21.9,20.6,23.9,23.2,27.8,26.4,Red,orange
133.47235871006816,131.27983752688073,202.31810260750436,5.844209171465513,61.90311358177598,104.97192407265194,22.4,26.0,30.5,29.0,35.3,25.0,26.9,24.2,25.0,27.1,25.0,24.0,Black,apple
99.03762747137664,20.339742696183173,55.769800675238535,6.73488538883927,20.70915311203453,48.796133394324315,17.7,24.6,26.2,30.4,37.7,29.3,33.8,29.8,30.2,24.9,24.6,17.5,Forest,muskmelon
90.29209981414037,15.084496395173607,52.98554487372898,5.803821082793689,27.83708133898414,53.114751632439585,23.4,30.0,25.6,28.7,30.7,28.8,22.9,24.5,25.6,23.8,24.8,25.4,Laterite,watermelon
77.56980629197311,14.611242938144068,43.03917783682538,5.521499489837372,60.88727784102902,63.26009641097276,0.1,2.6,9.5,12.6,18.7,17.5,17.2,18.0,11.1,12.9,6.2,5.0,Laterite,grapes
10.50056187760906,9.918834295282489,15.064297337788075,5.211145608665682,63.63560484121311,170.67405878877634,17.2,19.6,28.5,30.1,34.1,31.2,29.5,27.2,31.3,25.2,22.9,17.5,Black,mango
92.35500609276494,82.39145012478902,50.12661507124552,5.287950496701974,82.12033945783347,108.14553525113067,24.0,24.7,25.6,29.7,27.5,22.7,23.8,24.0,27.7,26.8,23.0,23.7,Arid,banana
18.808243947722,22.50462769732257,39.52946009807522,5.2996543891936145,20.273721829330313,68.53006663368757,22.1,23.5,29.9,27.7,27.2,27.9,23.1,19.1,20.4,25.5,24.9,21.6,Arid,pomegranate
18.998182965864217,78.00229512717516,83.39518642846299,6.771571188573372,17.867646417847116,102.1917152978493,16.6,22.2,23.0,29.6,34.9,35.4,30.8,32.8,32.3,29.9,27.5,19.8,Laterite,lentil
34.7864419532756,64.36204991909447,89.79082392233857,6.1543590575166816,52.067934594249884,91.27859731418424,17.5,21.1,25.6,30.8,38.0,38.0,27.7,32.2,31.3,28.2,25.4,16.8,Arid,blackgram
17.88308692996227,43.279557731700045,18.292680592090004,7.641604170132654,44.03278587186598,56.459768953077486,19.3,20.6,27.3,38.6,34.4,32.6,35.3,31.7,32.1,30.5,23.7,15.5,Black,mungbean
20.302745754878345,35.77284037675065,18.494768783461186,5.777885999585223,43.241192431087946,48.48598087280099,3.6,4.1,7.1,12.9,14.9,15.9,14.5,15.7,12.9,10.7,7.3,5.0,Laterite,mothbeans
21.84757252234717,71.88935420131436,79.5089383427984,5.997331449797023,65.82278416708687,141.2395273750799,18.5,19.3,25.4,29.8,35.0,32.3,30.1,27.3,30.6,29.6,22.8,15.6,Laterite,pigeonpeas
20.277827466415307,75.82404044866489,89.37775843471161,6.216933864185469,69.3180466203194,79.09407237556452,17.5,23.0,26.2,33.9,37.0,35.2,33.2,28.5,30.7,29.9,25.4,19.7,Black,kidneybeans
22.68443877591291,69.85590329937509,82.42603153443471,6.070407502759055,19.21418171158709,78.19726725623903,14.8,16.2,24.3,30.6,34.7,26.6,29.7,25.9,29.9,27.1,24.4,16.8,Laterite,chickpea
95.93097179579368,36.38405170057224,20.511892480177213,6.233052919036099,66.45533086091041,130.54772443423892,16.7,23.1,28.3,35.8,32.6,31.9,30.2,29.1,31.9,28.3,23.7,18.9,Laterite,coffee
99.83917790866194,43.29469652720345,45.59998058544501,5.993932793625386,82.31677207230133,226.7885773163245,17.9,19.5,26.1,32.3,33.5,34.0,27.5,27.8,27.2,29.1,24.3,15.7,Alluvial,rice
84.90426743783873,51.52258488747035,42.08802620824367,7.09675125830679,85.75790895332268,231.63275084559862,4.3,3.1,5.1,9.3,10.8,15.7,15.2,15.4,10.7,9.1,3.3,5.3,Alluvial,maize
52.286758022730396,47.65122786680072,37.93883269402568,8.584001293107274,76.45357263259746,269.3893471513498,15.6,20.5,25.2,33.7,31.6,34.8,30.7,28.8,26.2,24.8,22.2,19.8,Red,jute
68.58189531909908,59.86482609041178,40.179205687079566,7.366574661632311,72.22730206893701,251.38592419254442,16.4,19.6,27.5,33.0,41.3,35.7,30.2,33.7,29.5,28.3,25.3,18.5,Arid,cotton
20.832893704328896,31.90829578166952,9.240714800429323,6.520005598766798,79.66295441870676,113.26507932542029,25.8,28.3,24.2,26.7,27.9,26.5,22.1,25.7,22.7,23.9,26.8,25.1,Black,coconut
27.539342334742653,16.501274047397597,38.45935134782586,7.196378114786043,102.18968451923409,118.49878124937771,19.7,17.8,25.7,31.3,38.1,33.6,30.4,29.1,30.3,27.6,23.3,16.9,Alluvial,papaya
20.864072047650673,10.027760967670822,9.19796264343974,6.6400528287303375,86.35852293849797,76.77391752688057,26.5,25.5,29.5,32.3,29.4,24.6,24.8,25.1,27.3,25.4,27.6,22.0,Forest,orange
116.78935767570573,134.99192603704304,214.2591900756587,6.885086565741873,51.93667030203091,92.55891763528649,-1.6,4.5,6.7,13.2,12.8,15.2,18.1,15.7,16.7,6.8,4.1,1.3,Alluvial,apple
95.72027568622666,21.84281817096562,53.396326702910216,5.850185760256754,21.29485484365508,43.59679113598497,2.3,3.0,6.2,5.0,13.1,10.2,13.1,14.3,15.7,13.2,4.4,5.4,Black,muskmelon
89.71526641888971,14.27229438081019,51.90759080521672,7.3237729115164685,23.20849504498129,47.824574065232866,19.1,21.6,29.2,36.2,36.6,34.0,29.5,33.6,29.1,25.9,25.6,19.1,Red,watermelon
64.31490432047049,14.098042268585568,41.25355808838785,6.010087996041255,73.87278925813715,65.11311631004726,16.7,22.1,26.4,33.3,33.9,30.8,28.9,28.1,33.0,28.0,27.1,16.8,Forest,grapes
8.784287501156571,10.084254777742562,15.849581493046404,6.146513732906077,59.589583090779,169.65096161002745,15.9,18.0,24.2,33.4,32.8,29.8,31.3,26.0,30.7,24.6,20.7,17.4,Arid,mango
87.12118122249525,89.18831089639616,47.063170327792946,5.399689088667984,80.12383673161489,102.69305822905449,19.9,19.8,26.3,34.5,32.3,33.5,27.3,28.1,27.9,27.9,23.6,15.0,Black,banana
21.461937187040164,18.67229371280141,34.439525868562875,5.27144787249575,21.18379016649367,62.43328775210267,14.0,23.6,27.8,33.6,32.7,37.4,31.4,33.2,31.0,23.1,26.8,19.7,Arid,pomegranate
19.085098093081278,75.796187934268,77.6205786570609,5.93155875340261,21.74491663764016,108.6482977927277,0.1,3.7,4.0,10.1,13.8,13.9,14.9,13.5,15.0,9.1,4.9,1.9,Red,lentil
35.9844881600036,57.48730615263608,75.61492071365463,6.426043598070443,52.176789932299464,88.47195324542908,25.8,27.7,28.6,30.1,29.0,25.7,21.6,21.3,23.6,26.9,25.5,24.7,Black,blackgram
17.64132820219906,54.77633009411973,18.192908111146618,7.85748114509542,38.892254351696984,49.620649791804816,18.8,21.5,30.4,31.8,36.9,35.2,28.6,28.0,30.3,26.9,23.3,14.0,Forest,mungbean
20.279348205907503,35.890629984249784,18.357417178358702,6.259160616013211,49.78477285607497,47.26911201459097,15.4,18.6,23.1,30.7,32.9,32.9,28.9,29.8,27.5,24.7,21.4,16.6,Arid,mothbeans
20.72066706935877,72.2013752536092,90.60863213185266,5.59652977315403,74.86210006330725,148.30788779200455,-2.5,3.3,5.7,9.3,9.3,14.9,14.4,12.7,10.8,9.5,8.0,-0.1,Alluvial,pigeonpeas
22.137670739507215,62.462354908290685,76.67432723580586,5.012720414059108,71.14810689550715,74.48023105928429,24.9,26.6,26.2,28.2,31.5,25.8,25.9,27.1,28.4,25.0,27.3,22.2,Arid,kidneybeans
17.51119617340641,65.59841915490578,77.05333128026412,5.426094051573764,21.671263990480007,80.9105302783427,18.6,19.8,25.4,32.4,33.3,31.3,26.9,25.2,23.2,27.7,22.6,21.7,Forest,chickpea
104.25858517726726,42.41931016442998,20.26168904282021,7.338021654261295,53.86583069313226,144.46357852666677,6.9,4.9,5.2,11.9,13.1,12.9,14.3,14.3,11.5,9.1,9.4,4.3,Black,coffee
96.15239215967503,37.94741739078402,40.35374571925024,6.798992359254932,77.12785272922994,184.59452181562804,3.0,3.3,5.9,11.8,14.1,12.3,14.2,14.7,10.5,9.2,6.3,6.4,Forest,rice
90.42623668813698,50.07829306250148,38.07272927676049,6.525037684335322,85.95581037594536,235.8524968382141,12.6,22.3,30.7,32.3,37.1,36.5,33.8,31.9,29.3,29.5,22.8,16.4,Red,maize
63.60172340768395,56.86104923226079,47.481146321171785,6.8874352405052734,80.67495762910447,271.218733420646,28.6,25.5,29.2,27.9,26.2,25.0,21.8,19.6,25.6,24.8,25.4,25.7,Red,jute
70.45565988240016,59.23571364223439,34.42785798599018,6.6657236742841395,87.31087980734388,263.61982275297817,20.8,20.1,23.8,32.2,33.5,30.6,28.1,32.0,25.0,27.8,23.2,20.3,Forest,cotton
20.883685674612693,28.930322565088304,9.043617279402941,5.878537785508398,76.3867856822615,98.71563000822948,19.3,18.9,23.4,31.2,32.0,33.8,30.0,29.3,30.7,30.0,24.1,16.5,Black,coconut
32.04483966732662,12.97143645306588,31.172591111104893,7.643788536828254,86.05648154896859,95.74742126709971,26.4,28.7,26.7,30.0,31.0,25.8,24.9,22.5,27.1,25.7,27.2,25.2,Black,papaya
17.925536183256714,9.672545591261102,9.554671896067465,5.9685810336486576,70.21222355053625,86.86573250564605,17.5,20.9,28.0,33.6,35.3,35.5,30.2,28.4,27.7,26.4,21.2,20.6,Alluvial,orange
116.43665730038408,124.60341558489884,191.85309674329213,7.168129346668965,58.37138452660239,111.98788677014954,14.3,24.2,30.0,28.3,35.3,30.9,28.8,29.3,27.4,29.4,24.5,18.7,Forest,apple
98.41290059003855,19.86186789914942,47.76397236893955,5.227935047762911,18.40605009898843,44.760376856474906,26.6,25.5,27.3,30.2,28.4,23.2,23.7,25.8,21.3,23.8,25.0,26.5,Forest,muskmelon
88.42480611880504,13.436461506968863,56.65921119737018,6.706273551300567,26.188999856531332,55.688954339274666,16.4,18.0,25.7,34.3,37.8,31.6,27.9,29.3,30.0,23.6,25.1,18.6,Alluvial,watermelon
63.9997281668616,13.142466974112816,45.70718068488556,6.005930969455321,71.6966035586412,77.96931566469465,15.1,19.1,26.6,32.1,36.1,30.1,32.4,30.6,29.4,27.3,22.4,20.8,Laterite,grapes
10.250208301891433,10.49376300572333,13.798567987555348,6.800567251562999,66.12613794731179,130.67474162964015,0.1,-0.2,10.4,16.4,15.8,14.3,17.0,18.7,12.8,7.9,4.7,7.1,Black,mango
95.91409310605906,69.17751963660193,46.89459907522369,6.315864058827137,84.67914207460682,110.58184394957694,3.9,4.3,7.8,8.5,19.4,12.4,15.1,13.3,12.6,9.9,10.3,1.6,Alluvial,banana
22.201537905130337,21.93899532930264,39.03368713567876,5.2941156185764795,18.90630572490166,79.74532266753535,27.3,26.2,26.9,29.1,32.8,23.8,24.6,23.8,28.5,26.4,27.1,26.5,Laterite,pomegranate
18.470398905675577,61.3220497765989,75.91336833138368,6.779000591378788,19.728943602229624,94.77696844992637,16.4,20.7,25.4,30.5,33.4,29.5,28.2,25.8,26.5,24.9,25.0,17.0,Black,lentil
35.155368220636085,54.87084595662489,90.73369755049913,7.386235492579269,51.82415771260435,103.75325337967445,16.8,17.9,27.8,33.7,42.1,33.0,32.2,31.6,27.5,28.6,20.7,16.6,Laterite,blackgram
19.503620277556145,46.87024734646947,20.905861068572534,6.06614987677362,44.20875176287446,48.005222414664516,20.0,21.5,24.1,33.4,34.7,31.6,26.4,32.3,32.0,27.0,23.5,19.7,Red,mungbean
22.01912636924511,45.14333431576665,18.50686556468344,6.497014690131714,52.7837210869077,47.20982741506154,29.4,28.7,31.2,28.4,33.6,22.4,26.5,28.5,29.0,23.3,28.6,25.6,Laterite,mothbeans
22.577484351312556,78.22355719104284,77.1338084443284,5.194021047107535,71.24625830291322,163.45610316146147,19.3,21.5,24.1,29.5,38.7,36.6,31.1,28.8,31.5,29.3,24.9,20.3,Forest,pigeonpeas
18.196889110060948,63.6290341937834,87.43179144058672,5.346766593632233,58.965381138268825,78.7320327242075,15.2,22.4,25.7,34.6,31.9,33.6,27.9,27.5,28.9,23.1,27.2,14.8,Laterite,kidneybeans
18.239659158026825,72.51910799424556,88.98094759222737,5.9050063167970155,21.439460956446105,80.79798033283899,24.9,25.7,28.0,27.4,28.2,29.8,25.8,22.8,22.9,22.1,23.8,24.2,Forest,chickpea
89.03534647484217,36.78439176058543,21.409496736893825,5.672790756342055,51.60055879611765,144.50907508138818,18.6,21.3,29.2,38.4,38.8,35.8,31.1,30.3,31.6,28.5,23.4,20.4,Arid,coffee
87.3716193008527,36.577140663640115,37.290185713255354,5.843691689071278,75.0597737162152,211.99290029204147,16.2,20.8,27.2,34.0,36.4,32.2,30.4,28.6,30.8,30.1,24.1,15.4,Forest,rice
74.47689713289117,65.65066185203067,44.35922251093062,6.495395367216928,74.36425166024412,220.6671308117758,22.3,30.1,28.8,32.2,31.2,31.2,27.8,26.2,25.8,24.1,26.7,25.7,Alluvial,maize
52.42520693652199,57.88054459812809,49.02966862612509,8.73960396141499,74.82498380333442,258.166257911601,28.8,25.7,28.4,29.6,30.7,25.9,25.1,25.8,27.0,27.1,28.9,30.6,Black,jute
84.02542979533808,50.072390897573456,42.12403077130333,7.089284068884081,87.12403031854456,253.526781351565,21.1,24.2,29.1,32.6,37.2,36.2,32.1,30.1,32.1,27.8,25.7,23.1,Black,cotton
21.871829266310435,32.483229301676225,11.33658290314882,6.292274716777862,89.25447556030892,110.98771481848665,28.1,28.3,30.4,30.9,35.2,27.2,28.1,27.0,22.8,29.1,25.8,25.0,Forest,coconut
29.10571263405731,14.508821700132922,39.33018462761346,6.402204737526774,96.49433473987436,99.45758652612483,18.1,19.7,26.2,28.9,32.7,31.1,29.2,27.8,30.5,21.6,23.4,16.9,Alluvial,papaya
21.257915829592836,9.99364508123054,9.952177039384123,7.052935785500647,78.05407624623986,86.67952895676812,18.6,19.7,25.8,30.6,34.7,31.6,30.2,29.3,28.7,26.7,25.5,18.8,Forest,orange
112.85772374297176,123.27120079590848,223.74025995357263,6.717297426578201,67.35133031748074,87.01648977519626,15.8,20.7,30.0,32.2,37.8,31.1,28.7,28.1,28.5,26.3,24.0,18.5,Red,apple
94.53450140682507,20.252931663846873,48.53775269781199,6.604158417687238,18.418694375988792,46.11473831700576,22.1,24.5,28.7,33.4,33.7,33.9,32.2,27.8,27.4,25.3,23.1,17.1,Forest,muskmelon
94.26264416982788,13.892837759826403,54.12326290544942,5.793169609423301,26.11937435474514,49.70912236096413,16.8,18.5,29.8,29.6,37.3,30.1,26.3,30.1,27.8,22.8,23.9,17.0,Laterite,watermelon
75.35454500806547,15.227692232618825,51.13709505721112,5.9705433892172275,69.06219161235296,78.66216924576128,29.9,24.2,27.0,27.9,26.4,23.7,23.0,19.7,24.5,24.6,23.4,22.3,Arid,grapes
11.369241333834818,8.656379825647704,13.634120065454912,6.0511741983379315,56.25261032785515,137.40454216511026,3.6,4.3,6.9,11.2,14.1,13.5,16.4,13.1,15.4,8.2,7.4,1.4,Arid,mango
105.88185482285148,80.57728852695428,52.85822667409822,6.586649150596713,78.97504005618762,99.85975872003985,23.1,24.9,29.1,28.2,30.0,23.9,20.1,24.2,26.0,24.8,25.5,22.1,Arid,banana
20.595392828541797,21.30453359964662,37.5852432631754,6.205696990619873,19.868460019840462,67.51023818939754,19.3,20.3,27.0,33.7,37.3,35.9,33.5,30.0,28.0,27.6,24.7,18.5,Red,pomegranate
19.650825042928275,63.84162265842048,75.11200600064241,6.317242518275725,18.537078274527534,103.45053475964194,19.4,18.0,29.4,30.2,36.8,33.8,30.3,29.6,25.6,28.1,23.2,21.6,Red,lentil
44.20774476921544,65.9092298177722,71.75385549909967,5.6427259851967095,58.46448937936292,101.58473428696873,13.6,23.2,26.0,31.2,39.1,27.7,30.1,30.5,32.6,30.3,24.7,16.3,Red,blackgram
19.643327540653384,50.1328347574603,19.138307878404525,6.712204883242217,36.08261991366995,50.07834741095222,21.8,19.0,27.7,30.9,37.1,30.8,30.2,30.1,28.4,25.5,18.8,14.0,Laterite,mungbean
17.7315450475146,42.61124981034012,19.390840911864316,5.594221339633145,53.50140906985514,51.87364090366303,14.4,21.1,29.9,33.5,40.1,35.3,30.7,34.4,31.4,31.4,24.1,22.5,Alluvial,mothbeans
20.69879126441038,65.55762156949129,90.23028710141293,5.66686694055754,65.76628270580728,157.78708460635062,26.5,29.3,23.8,28.4,29.4,23.7,22.7,22.0,26.1,25.7,25.2,21.2,Red,pigeonpeas
22.315805278780203,77.4136202110245,78.02447227829927,5.037615398616203,63.64048320531289,78.29653375712007,15.5,19.3,24.6,32.3,32.0,32.6,28.0,29.7,28.4,27.6,23.5,19.8,Red,kidneybeans
19.403527621965186,62.94850331997084,85.16300882120808,6.004493144719177,21.224339704010767,76.775419940023,23.1,27.8,24.4,29.3,30.3,25.8,22.7,24.0,26.4,20.4,24.7,23.6,Forest,chickpea
98.16020275654456,37.06790237814823,21.800855120573182,6.813865549210558,53.486459967244826,131.22913348847715,-0.1,-1.0,7.0,10.3,15.9,14.6,15.6,11.7,15.0,8.6,6.1,2.9,Forest,coffee
82.50749874902824,46.65288858267637,40.44841475814916,6.887663813471736,80.80817422013206,207.45566308543496,18.2,21.7,27.8,31.8,33.2,32.7,29.5,31.2,30.9,26.8,24.0,17.8,Arid,rice
93.37264139542883,56.77324368164229,38.51467785326677,6.221408055632431,89.50113736007847,227.17738745298962,19.0,19.3,24.6,34.5,37.2,35.6,31.3,28.8,28.9,25.3,19.5,18.4,Black,maize
64.8597444784137,60.10293083891226,42.85204011598032,8.832240372270608,84.31499837979398,268.7563041395368,23.5,24.0,26.8,30.2,26.9,22.8,23.3,21.2,23.1,23.9,21.9,21.4,Laterite,jute
82.91213792673886,58.91479988283264,35.93459750738443,6.8433580301555965,79.18757245980612,214.17153923754697,17.9,20.2,26.0,31.7,39.4,32.8,34.2,31.1,31.8,27.4,24.2,17.7,Black,cotton
20.35258542618454,33.98776396133628,9.94659598447699,6.429987151742018,89.04940312691758,104.59614757540238,22.8,26.0,28.9,28.7,24.7,23.2,22.9,22.6,23.8,25.9,26.2,21.3,Forest,coconut
30.339725450541536,14.345010001529003,30.49972790504555,6.861898408924727,96.70018834464325,115.05075197591646,18.2,17.9,24.2,29.9,31.3,35.8,29.8,29.6,28.8,20.3,24.8,15.5,Laterite,papaya
19.716366860934226,9.589487816769363,9.940333691626297,6.495184894669958,82.87213472732026,82.62185043206712,27.0,21.7,30.9,27.5,29.4,29.3,21.8,22.7,26.5,27.0,25.3,28.3,Black,orange
112.5434572640724,141.18253121109004,203.37941632544036,6.3182853442964015,53.982010249597494,100.50195763934306,30.3,22.7,25.1,27.6,30.8,26.3,22.8,26.7,26.4,26.4,25.6,27.2,Laterite,apple
105.92674842232937,20.391599619892382,49.76691186459105,6.611446950158785,22.79651009762653,44.20191720602343,19.0,15.6,26.2,29.0,31.4,36.3,24.4,26.2,27.3,24.8,20.5,16.3,Forest,muskmelon
89.4866643321072,14.568064445771197,53.51031144812769,6.153799452054146,21.760982481810316,53.58748340840063,19.8,20.3,28.2,31.6,32.4,30.8,32.8,24.9,27.4,27.6,21.9,16.6,Red,watermelon
79.65694611075861,14.491693093525145,43.993812040395945,5.97647117895152,63.82403947042251,76.34731811006151,27.8,23.1,29.6,28.6,28.3,25.3,26.2,23.6,23.3,22.9,22.4,26.2,Black,grapes
10.42836044819139,9.36899884708829,14.303782279761522,5.223238038067306,67.27322744493546,156.88105265912296,1.5,3.9,5.5,9.7,14.2,13.2,13.5,14.7,13.2,12.4,7.1,1.7,Black,mango
86.16744523963652,85.29569050151974,44.95294032684475,5.664215159557118,80.07251309705174,87.46398026980309,25.5,28.0,30.5,27.5,30.4,23.5,23.5,23.1,26.4,27.4,25.9,23.9,Laterite,banana
19.15015763717858,44.70940662955436,99.60471013216902,5.730997032269701,22.620524859422883,64.52813734607292,17.7,17.4,24.3,30.7,32.5,31.6,24.8,27.8,26.8,27.4,16.4,18.2,Arid,pomegranate
20.57406704729963,75.59728895685276,85.06296116680778,6.211583548969492,22.60083314448444,108.09178594132673,17.4,19.2,27.6,35.7,35.4,35.8,29.2,29.9,31.9,31.1,25.6,21.5,Black,lentil
41.660521850852,68.04323384449278,79.8728469492212,7.188585708460147,64.71943784914734,98.1739712012789,29.1,24.1,29.0,29.8,31.0,26.8,22.4,20.6,26.1,23.9,28.3,28.0,Laterite,blackgram
18.715734285015547,55.14594257133854,18.17220648916211,6.3421110876370355,39.262124828803245,53.31107972096032,-1.6,1.3,7.5,12.1,16.4,17.4,16.3,16.1,12.0,6.6,7.8,1.8,Black,mungbean
17.31159246358503,42.030391886379974,21.899464207142255,5.899309792621434,51.17239709717472,44.82309664135109,14.6,19.0,25.5,29.9,33.0,31.8,26.5,31.4,29.8,21.6,25.7,19.6,Laterite,mothbeans
19.77729342416696,76.55218157183765,77.59066791983943,6.59777310540716,65.0683133594985,139.87422722453647,19.0,22.0,25.5,26.7,28.2,32.4,29.0,29.8,30.0,23.3,21.5,16.4,Red,pigeonpeas
18.191553769212906,74.1484869288297,89.67627149002439,5.624321774983988,67.90131488489784,88.381368194088,16.0,24.1,27.0,27.4,34.5,32.0,34.6,28.9,29.9,30.9,25.0,17.9,Red,kidneybeans
21.669576243025872,60.63911077315643,87.7086090934091,5.765442221825673,18.613588773310358,81.89603499184088,17.7,17.0,25.2,32.0,35.8,30.9,27.2,25.1,28.0,24.9,23.4,14.0,Laterite,chickpea
97.1857705414934,38.046529824666365,20.252105652857587,6.803144787846568,62.35780054199501,164.05333532712018,30.2,26.7,27.5,33.0,32.2,29.1,25.4,22.9,25.7,26.4,26.8,25.5,Black,coffee
77.99389981594662,47.01319742257109,43.65039947080417,6.474712122537478,85.38870693119358,209.27140932053538,24.3,25.5,25.6,25.9,32.0,32.0,24.8,25.5,24.5,26.3,24.0,24.0,Laterite,rice
91.89549109779395,61.544750418989544,44.07957081413404,6.76270869218777,74.57344224161379,243.1433116202343,4.7,2.8,6.3,9.1,13.0,15.2,12.9,13.4,14.0,8.9,7.1,3.2,Forest,maize
64.93269444115398,59.112953386819626,41.16833282780993,8.524168137740226,80.32379689745459,299.84139585756606,15.0,21.3,27.4,33.7,36.1,32.5,33.0,30.1,30.6,31.6,21.5,15.4,Red,jute
67.92731593140222,50.1654251068948,34.61743576236313,7.462722397956713,84.72862247974895,217.63363209039431,22.3,24.5,24.5,27.8,31.5,30.6,28.3,26.8,29.3,25.2,25.4,15.9,Arid,cotton
18.94877241102275,32.57461801449843,11.357629571302486,6.508189966053149,90.10066012729087,93.5343229083235,19.3,18.0,27.4,32.5,37.1,33.1,27.5,30.6,31.6,27.7,20.8,15.2,Alluvial,coconut
28.78523931488419,14.074586952973709,38.33825995575692,6.1233413680045015,80.87336380183025,119.16841766169426,26.7,24.6,23.1,28.7,28.4,24.9,29.5,24.5,25.4,25.9,26.4,21.4,Laterite,papaya
20.444924641279005,10.039744495196732,10.072657855221658,6.261432697909238,87.22125318966732,89.92077532060352,12.6,18.6,24.1,33.9,34.4,32.2,30.6,30.9,30.1,27.2,21.5,18.3,Arid,orange
104.3609208183729,140.79754715552102,216.35968761164497,5.984059301947678,61.2013313706315,108.69902273388401,18.4,23.5,24.5,33.7,35.7,34.0,27.6,30.6,29.1,25.2,24.3,18.2,Alluvial,apple
94.5465078693283,19.417325260195312,47.67114449130009,5.642764594232383,17.70250739952827,43.694656058540396,24.8,28.9,32.5,27.0,29.7,24.8,27.2,27.2,27.3,23.6,28.7,30.5,Laterite,muskmelon
100.95692957731868,13.945756193356324,55.67989736618457,5.654539158437527,25.617109855392627,49.25078776043054,15.2,18.2,25.2,31.4,38.2,32.8,27.1,29.2,31.3,26.1,23.2,18.0,Red,watermelon
74.3427947130962,13.492497630534702,49.48253839835439,6.484484714405891,60.70012490472322,71.47209468106672,21.4,28.1,24.6,29.1,27.7,25.7,22.1,24.1,24.8,24.1,21.1,29.6,Laterite,grapes
9.29548503409994,10.121239543662831,13.320529890696546,5.247762010604891,64.7243464840823,143.14904943526665,17.0,23.5,25.5,36.1,42.7,33.6,27.6,33.2,33.9,28.1,25.3,20.6,Alluvial,mango
108.87852670527217,89.79475624188603,44.66815460751749,6.3206856058893415,83.80125847886379,111.81639542631044,20.3,18.5,28.7,32.6,34.2,35.1,31.8,28.8,32.7,27.5,22.6,16.0,Red,banana
20.00103876832073,22.481609378156293,43.59301773887286,5.639435671651848,20.05865681604053,67.51777098834164,20.2,19.0,29.4,35.5,38.1,37.0,33.8,33.1,33.9,26.8,21.2,19.0,Laterite,pomegranate
18.87616920445813,75.47405958400739,70.4988188018873,6.8237319422477345,20.334180221718647,100.41429398180135,4.7,5.0,7.1,9.2,17.4,18.5,19.1,14.6,12.3,8.5,6.7,7.2,Red,lentil
42.2718470345896,52.83836973179395,89.85478960725074,6.59196805082014,53.167180109873,88.31720171445636,25.6,23.6,28.1,31.9,29.9,20.4,21.8,21.1,22.9,22.1,25.1,25.1,Alluvial,blackgram
19.91868349848663,53.242420568829665,17.758417330313524,6.137409473863639,36.133825645503485,47.57409784290854,1.8,2.7,8.0,8.9,12.2,14.7,13.4,17.0,13.3,10.8,2.7,4.7,Alluvial,mungbean
18.273367867829457,43.077907820282775,18.092017921952085,7.019726231037923,56.288749970091736,46.8761098893535,19.6,18.7,32.2,32.3,36.0,30.6,29.3,31.7,26.5,25.9,26.4,20.5,Forest,mothbeans
22.782422958258913,61.88565354953672,82.10353843714033,5.457536076451111,72.90038867616703,164.7538927000515,17.6,16.5,31.1,26.1,34.5,31.7,28.3,27.7,29.8,23.8,23.1,20.4,Black,pigeonpeas
22.550422728754587,79.75056226257703,79.67492715702336,5.202911284905619,69.16804812916143,82.9308448488269,16.0,23.5,27.1,38.0,39.2,34.2,33.7,34.2,33.1,29.5,25.6,17.0,Black,kidneybeans
20.99736825657434,71.63873732751293,77.4550309835322,6.185901664604067,21.785988128566032,73.04384268883489,22.4,17.7,23.5,31.8,36.6,33.5,28.8,28.3,29.1,27.6,23.5,20.6,Black,chickpea
95.0604821037463,38.3106075897441,21.18251428377711,5.6756281438592096,65.70121174865339,130.8473198548151,19.4,20.0,27.3,36.4,33.7,30.1,27.1,29.8,30.3,26.8,19.8,14.6,Laterite,coffee
87.93410265126663,37.567711670732535,37.6153542218063,5.7752014282083675,82.26907968222514,230.06817140049031,18.7,19.5,28.6,31.6,36.1,34.1,26.6,32.2,26.2,24.7,22.5,17.8,Laterite,rice
77.00856460401569,57.1008814586347,37.95772844991879,7.105948926649454,74.65003886305246,230.3584685735427,22.0,28.2,26.8,32.2,23.4,23.1,22.1,24.2,28.0,23.9,26.3,21.0,Forest,maize
62.72516369911377,53.83685350657815,44.112517709863546,8.305085246291284,73.19768364731003,229.75447540063175,12.0,20.4,24.8,33.3,39.2,34.6,27.9,29.8,26.3,25.2,24.3,19.2,Black,jute
75.39319659567164,52.306560718985104,40.685706689620794,6.078391529764115,89.1380452281522,257.32644433112955,14.0,17.9,26.5,28.3,38.7,28.9,28.3,25.6,27.1,26.9,21.4,17.9,Laterite,cotton
55.93236244845189,29.585789153957347,30.030419551844087,6.310866726638306,80.86111056833211,95.5400867855304,14.6,21.3,27.7,28.1,33.7,28.2,25.7,28.1,30.1,26.0,23.1,15.4,Forest,coconut
32.04081783560212,16.327823237975533,30.41978553790447,7.641634343106998,101.48807998370742,125.42120563801417,23.4,25.7,26.9,28.1,30.7,25.3,24.7,23.5,22.3,24.3,24.9,25.5,Alluvial,papaya
19.018901409776173,10.079111871519387,10.930245166990048,6.339242383153237,89.78536397296774,74.56680617768838,18.8,21.8,27.4,35.3,33.8,31.6,32.3,29.9,25.6,27.4,22.7,15.4,Laterite,orange
132.03730134780787,128.5256578923285,211.92982098649065,5.63182999416449,56.37054088022404,99.29138456728832,17.3,17.5,26.1,29.0,34.0,30.2,30.5,31.5,26.6,25.4,23.8,16.7,Black,apple
108.67705375318056,18.743861424561572,49.4610791509702,5.9681375653965505,22.59360763521839,45.91472151058601,28.3,30.0,32.0,31.2,37.3,25.8,25.3,24.7,25.7,25.8,26.3,26.2,Laterite,muskmelon
111.45955840865129,14.980371313127952,49.238012546625924,6.252904958453058,22.453427938611252,54.61196628253021,18.4,22.7,27.7,31.0,37.2,30.6,29.1,28.5,26.8,26.0,23.6,21.1,Alluvial,watermelon
79.42767836044644,14.808345100647301,44.45717135041217,6.745854361362187,72.42062817863984,76.76353474896003,17.0,25.1,24.2,31.0,36.7,32.8,28.4,30.7,31.4,24.6,28.9,17.1,Black,grapes
10.306859127430211,11.239996884995413,16.12898960212165,6.494356620137755,53.58184171119157,164.9836414749052,-3.7,6.9,8.7,6.2,11.7,15.8,11.1,11.2,13.7,8.9,5.1,4.2,Alluvial,mango
103.30866249636132,89.48089863602634,46.2974291726855,5.421382061561342,83.5601870955239,95.43341261700411,25.7,28.6,26.1,27.4,27.8,23.7,26.4,26.2,25.2,23.8,26.1,22.3,Forest,banana
19.55874527512606,18.304183208045004,35.56439358601178,5.827934118919385,19.760684605448994,73.41180290416996,21.0,20.4,27.7,35.0,38.6,31.9,32.2,28.0,26.7,23.6,25.1,17.5,Arid,pomegranate
19.92950556090954,61.82823270447197,75.15333346216642,6.600448478350821,18.529620851620546,87.22186206762423,23.3,26.0,27.9,32.5,27.6,22.5,22.3,24.6,25.4,18.7,28.2,26.1,Red,lentil
44.024423635650436,64.75217426387539,83.12385188779825,6.8225406913949795,55.712398771641304,108.06066395679976,18.6,20.2,29.0,35.8,36.6,36.6,29.4,28.8,30.0,27.6,25.2,22.1,Arid,blackgram
22.35840193383394,52.09875432788542,18.593039288644682,6.125500822600463,39.71998163253701,47.20500626324364,21.0,22.9,29.0,23.8,26.9,19.6,25.5,25.2,21.4,23.8,22.5,20.8,Black,mungbean
22.309519562692664,39.85643724467524,22.06109289252115,6.024440644509894,46.67815845505218,53.94463316103993,22.4,22.6,29.9,34.4,36.7,35.9,32.2,33.0,31.9,29.7,23.9,18.5,Laterite,mothbeans
19.28148791271426,77.3897600351746,75.60360043752554,6.063158734613607,63.29958644137207,130.3361650774892,0.6,-0.2,9.3,5.6,14.2,14.8,10.1,15.1,13.8,5.2,5.4,0.9,Forest,pigeonpeas
18.352131477399407,76.829169134424,82.47693521773903,5.296242526161118,59.69030606073986,70.0887548257912,3.9,1.7,6.1,11.7,14.4,15.3,14.6,14.0,14.4,8.2,4.4,5.7,Forest,kidneybeans
17.632562469330754,68.69510334121523,83.0584453528069,6.2161036364518,22.191900778660244,78.87887085276957,26.7,25.5,28.8,28.6,27.9,25.2,20.8,25.3,22.9,23.8,20.5,25.2,Red,chickpea
104.3266900325747,44.760536427741435,21.079438732954124,6.94596945737873,52.47919431703037,146.30581144406287,28.0,30.5,27.9,28.0,30.3,28.7,24.8,25.3,23.1,28.7,26.2,29.5,Laterite,coffee
92.54906788406318,40.94794484694309,38.22839087334128,6.66239201925733,79.8808902849118,221.98902465437862,12.1,20.4,24.6,33.3,33.4,32.5,29.3,27.0,28.9,29.2,24.6,18.9,Laterite,rice
76.89356646303551,62.755524994841394,41.71788182278481,6.999528030108337,84.03940673086412,221.8694132018426,-1.0,2.3,4.7,9.6,12.9,11.5,14.5,12.1,11.0,10.2,4.7,4.1,Red,maize
62.493626953941295,56.69936267996155,47.250133383882506,7.931782842472788,89.27946842105062,288.79980978247977,24.5,26.2,27.7,29.2,29.6,26.1,18.6,25.1,28.3,23.0,23.1,25.3,Forest,jute
67.29409876598362,51.900889667256735,35.72125968301096,6.728991477316652,69.76585866088561,275.9766608345011,2.9,4.0,6.0,15.6,12.5,12.0,13.6,13.9,10.6,10.2,4.9,5.0,Black,cotton
19.545109443134628,26.72576690196958,11.009944008453914,5.466657122691455,83.51853343153864,105.41779029342192,26.8,26.2,24.6,30.9,28.2,22.8,24.7,22.9,27.3,24.6,25.8,24.2,Black,coconut
28.774532417882394,13.97925298152341,30.99433500560794,7.397493306861789,95.01486401325286,124.83655369492872,26.1,26.5,25.9,31.0,28.6,26.1,25.2,22.3,24.0,27.4,21.0,21.9,Alluvial,papaya
18.128322516314775,9.064483179898353,10.016152871767762,5.633443148906161,89.76341765476224,89.27525249378903,25.6,24.7,27.4,27.7,28.2,23.0,21.2,19.3,23.8,23.5,24.3,24.6,Red,orange
116.04821797969733,125.82942642676575,196.61710278388196,6.468602230254229,52.082243943697215,109.84259984652489,15.7,18.2,25.3,28.7,35.7,30.4,28.5,25.9,27.3,23.8,20.6,15.2,Alluvial,apple
111.22024924753337,22.241577781860677,53.77071408224913,6.817229471499733,19.569591062837983,46.5497173992386,22.1,22.0,24.7,31.4,32.8,32.9,28.7,29.0,29.4,28.1,25.5,14.3,Laterite,muskmelon
87.75169250128042,15.909493936668033,47.51864212134008,5.832230948102139,21.869915669159045,50.12874996553784,18.7,22.9,29.5,35.6,36.3,33.5,31.8,29.9,30.9,23.4,21.7,17.0,Forest,watermelon
63.06142952302751,13.657724672329142,48.83087266588574,5.89700356069011,66.95761911026159,66.25247297487017,15.7,20.1,29.2,33.7,39.0,31.7,32.0,30.8,29.8,27.7,27.4,18.2,Black,grapes
9.952790915641,9.32610285290917,14.001490453944118,5.483729437698037,54.70019383596052,152.8883016853451,3.8,1.0,6.8,9.6,13.7,14.7,13.1,13.1,11.9,12.2,11.2,3.7,Forest,mango
106.18710872375361,90.75877518617979,51.28536694768356,6.070339176682301,86.33778934673325,112.6240862730501,19.8,21.0,26.6,33.5,36.6,31.7,28.2,25.1,25.2,22.5,22.2,19.3,Red,banana
22.267721569002173,21.1067835517879,39.54433901915567,5.831615592160864,17.64171185235398,75.13420182183498,17.2,21.2,24.3,35.3,39.0,33.4,30.0,30.4,34.1,29.5,22.1,16.3,Laterite,pomegranate
19.649324871629553,64.2373608019197,75.93822982410049,6.223168420348005,18.60994189591213,102.20999308953283,23.5,23.8,26.0,26.1,30.6,22.3,24.7,23.8,22.5,25.9,21.5,23.8,Red,lentil
39.89318897616236,67.29603306607169,86.12945911457157,6.320010223137785,68.38447909873224,100.89675799978284,19.4,21.7,23.9,34.0,40.1,34.6,28.3,32.2,30.3,29.9,25.1,21.5,Alluvial,blackgram
20.691766159070973,46.24040221096081,18.114079826414525,7.316723615862445,42.213702488060434,52.9147163529883,18.5,22.3,28.8,36.1,36.7,34.3,31.8,30.6,29.3,30.2,22.2,21.6,Red,mungbean
22.648492745594385,42.867588326252665,22.776501606239485,7.01728244981116,49.87173285212526,45.695429298818716,25.1,28.2,27.6,31.0,25.5,24.5,23.6,20.8,23.1,26.2,23.9,24.9,Laterite,mothbeans
21.19797200927846,65.79303273763847,89.58121388743282,5.307945332744685,66.28883653716412,159.76084996765712,15.4,21.4,23.0,32.0,31.7,33.2,28.2,28.4,28.4,25.7,19.1,18.2,Red,pigeonpeas
17.250118968442496,66.37419946974995,88.10824412890258,5.547400071918556,65.71768555316575,88.45227479420087,14.9,19.2,25.1,30.0,31.0,29.0,30.5,31.2,25.9,24.5,21.4,14.8,Red,kidneybeans
18.862753558266547,65.90699107591868,71.11966974613647,5.7591977916161525,18.77598988755024,89.90075137471857,15.9,24.3,28.0,33.9,38.0,30.1,35.0,28.9,32.2,27.8,25.9,16.6,Black,chickpea
102.68698230984532,44.764966382041194,17.882615926516287,6.971174477351843,63.51848254599641,163.0186884104185,24.2,24.1,28.2,28.6,31.2,24.3,23.0,21.4,23.6,23.1,23.5,23.8,Arid,coffee
99.87165102185658,37.397094035087434,37.1740519679774,6.488953296448766,78.78930802008875,209.90640525867857,17.7,19.7,24.2,33.8,32.3,28.8,27.7,27.3,27.5,22.1,25.3,20.0,Forest,rice
75.89557555599791,54.388265474959404,40.401746739561915,6.997282240259435,81.99995745096825,228.45846518330487,27.4,25.8,27.8,33.2,30.3,24.8,24.1,25.4,24.2,26.0,23.1,27.1,Black,maize
67.36555452853989,57.29265080532845,42.05557191221381,8.686653139727337,91.77236303446202,241.68401306770323,25.3,28.4,31.1,30.9,30.6,24.2,27.2,25.2,22.8,27.9,21.8,28.9,Black,jute
80.5989194271772,55.04837869129995,38.73118153682813,7.418576635356406,82.49947615555348,258.96600049222,17.9,22.7,23.5,34.8,35.3,32.6,29.2,30.3,28.8,23.8,25.9,14.9,Alluvial,cotton
21.328881643426527,27.132019634943376,11.36000240297534,6.079238747136895,88.25645561098709,91.12058679321592,16.7,19.7,22.6,32.8,36.1,28.3,29.3,28.1,31.7,28.0,25.4,18.3,Alluvial,coconut
26.315333860655514,14.390485384547748,32.11653510078793,6.207751100583402,97.03453593996878,111.16252347628996,23.2,24.2,26.6,29.4,32.1,26.8,24.7,25.2,27.3,28.8,24.4,25.3,Black,papaya
17.589834610603937,8.836254353559287,8.720973743968317,5.4478982201879775,76.09110675360267,69.35577090698217,17.7,22.3,24.8,31.4,32.8,33.6,29.8,27.4,29.0,27.8,25.3,21.0,Black,orange
112.83712132539225,133.4297826931798,213.20933661248543,7.218614432887555,58.16317589611768,88.7968869358431,17.4,17.5,26.5,34.9,37.8,31.8,30.0,29.9,28.2,24.8,23.5,20.8,Laterite,apple
104.57877136057705,21.898171067262645,49.743198668760094,6.572671427534683,22.59699840175613,44.64419843424244,20.1,23.5,24.4,30.8,37.2,36.8,29.6,28.5,26.1,28.4,22.7,17.8,Arid,muskmelon
93.91176902632294,14.421039090429767,43.65244202668514,6.351030211939762,27.747910287775348,47.60260562963617,15.4,21.1,26.0,30.6,33.2,31.3,31.4,27.9,26.5,22.4,24.9,17.1,Laterite,watermelon
66.94484110900122,13.271640453634536,45.99647928031863,6.631738065222342,65.20673503465947,68.05083506259207,17.3,23.4,24.4,31.6,37.6,34.9,29.0,31.6,29.4,24.5,24.9,16.0,Red,grapes
9.227058082848362,8.856129943851291,16.772835253610662,5.709590000043152,57.45229533348781,169.8769890105565,25.3,27.2,27.0,29.7,31.3,25.0,22.0,22.8,21.4,23.9,22.8,23.1,Black,mango
89.77800253578152,76.32055687600709,46.47839559183984,5.19141774410159,72.94315425922052,102.88170973014542,15.8,17.5,27.4,32.3,33.5,31.4,31.6,27.8,28.3,25.4,25.9,18.2,Black,banana
21.53337770866298,19.690215436456246,44.66606773234312,6.71068085507555,22.425068674543994,71.07905681023982,4.6,7.9,4.0,9.6,13.2,17.3,16.2,15.6,14.7,7.5,8.4,1.2,Alluvial,pomegranate
19.06759610683425,61.4493297758032,87.61279498661573,7.206810512700795,22.756683933201415,95.13365772083905,19.2,21.6,26.3,33.2,38.4,31.9,31.0,34.0,32.4,27.7,27.2,19.9,Black,lentil
38.438234484967715,62.893307574361614,80.8927435513614,5.9369504326689,61.08953320538956,97.64854671605589,14.4,18.2,24.9,31.0,33.5,32.5,27.8,26.5,29.5,29.3,21.8,16.5,Red,blackgram
18.73373225183763,55.820516243302784,22.435717062416344,7.046525730794932,39.967598036980604,46.20583453195572,21.2,28.4,28.9,27.3,25.9,23.2,21.4,24.0,24.4,23.7,22.8,22.2,Red,mungbean
19.52488809509908,35.1959876118811,18.809834267690768,6.728663570837073,48.876317041508685,54.94943748418159,18.2,18.3,28.7,32.4,35.7,33.5,32.3,26.5,29.0,27.6,24.9,17.7,Laterite,mothbeans
22.47223279603258,62.890219854353504,77.73988875425323,6.824217661077407,64.41165226689358,161.05851742861842,16.2,21.8,27.7,31.7,35.9,33.9,32.3,31.4,30.1,30.1,25.6,16.7,Arid,pigeonpeas
22.769497234606845,74.22150815817601,87.4923921725737,6.129627636025079,61.03871558687335,79.32508824478025,17.8,21.9,28.4,35.1,35.5,33.5,31.0,26.4,33.4,24.0,24.6,17.6,Red,kidneybeans
19.505111328250308,71.92054334523364,82.00421987470247,5.696483690053428,22.21438817804276,71.78824241976437,1.1,2.2,7.5,12.8,13.0,14.9,12.0,16.8,11.5,7.6,5.4,2.2,Arid,chickpea
104.65063135680492,39.83265193786592,18.07659637189069,6.041331495747408,54.43850216008401,154.33077132333196,23.2,21.2,30.6,33.0,37.0,31.6,27.2,30.9,30.2,27.0,25.3,16.6,Alluvial,coffee
92.12377352010515,43.37642914551589,45.54713508756485,7.085873836089714,70.72170966980987,210.43062086210145,18.5,19.8,25.9,31.4,33.3,32.9,26.7,30.4,29.9,23.3,23.7,14.4,Forest,rice
93.84474651649272,63.863212090745165,38.62932339773958,7.122725066367055,90.90344413280833,208.0367878906818,19.9,19.9,25.8,33.7,35.6,29.3,26.4,26.5,31.8,27.0,18.6,20.7,Black,maize
61.77700512555644,54.86021158439663,194.1507638708591,8.390902944450822,75.24313861107639,286.33980547820136,24.6,22.0,25.7,29.8,29.9,19.7,22.3,24.8,26.0,23.6,26.5,21.3,Alluvial,jute
81.68079705326052,57.60157101848074,37.70846338271481,7.621911927406203,81.47696313076938,243.7986849433689,4.1,3.8,10.5,11.8,13.9,15.4,12.9,14.7,15.8,11.6,6.9,5.2,Black,cotton
22.180978112322975,29.55230742466395,10.773042758250087,5.652902805174062,82.37570769123116,105.32765653049911,4.1,7.4,6.7,10.3,17.5,13.7,16.1,15.4,12.1,5.8,6.3,3.4,Alluvial,coconut
33.22625725685653,13.85960059903107,33.47740146532581,6.813738045056155,95.3140091481114,113.10386188833122,18.1,24.0,25.0,31.7,31.4,33.7,28.7,31.9,27.6,24.6,22.5,16.7,Laterite,papaya
19.347290937684676,10.241066397284204,10.063194855447971,5.822977438909088,74.83478932121328,88.44328568514186,3.2,2.6,6.9,14.8,10.6,16.1,12.4,7.6,11.1,5.8,3.3,3.1,Arid,orange
116.12854268233595,115.5669723868979,174.19450433354436,7.257493495472526,66.56950279992692,97.71302723675099,20.6,29.9,25.7,28.5,31.9,22.4,25.2,21.2,23.6,26.2,24.9,27.1,Arid,apple
97.679429162327,20.643737399517658,51.667972880816116,6.367615408135013,17.372164174503993,55.78228554052007,27.6,27.7,29.6,25.3,29.4,21.8,22.2,25.0,21.3,29.5,21.5,28.4,Red,muskmelon
111.4232766823309,15.77577171187036,47.634627866565026,6.426053867556385,25.166737776133434,45.74064384527603,17.4,19.5,26.9,30.9,37.9,32.3,27.5,33.2,26.7,26.4,21.1,16.0,Alluvial,watermelon
76.3216566657554,16.14868185716822,48.75878195317406,5.5814138977045396,62.71531568197097,61.05877207616241,24.6,23.9,27.0,27.7,28.8,24.5,25.5,25.2,23.4,25.8,23.6,24.7,Alluvial,grapes
37.63628492216431,10.692185734178496,16.84994107026394,2.2062033487965413,52.0132717720876,155.04033727543774,17.9,19.8,24.9,31.8,31.6,28.2,29.1,26.9,28.2,26.0,25.1,17.7,Black,mango
88.7671753188092,82.30362791706546,50.178340179160095,5.4587782268645455,76.84412837873629,106.17547127998436,23.7,26.9,27.4,26.0,28.0,22.6,21.0,22.1,25.2,23.6,23.5,26.1,Forest,banana
20.720492077530977,21.03550786734708,44.68816602985999,6.374527184264409,18.92722030376269,62.21722133767297,17.0,16.9,24.7,31.2,36.9,32.1,25.5,27.9,29.3,24.8,26.0,15.3,Laterite,pomegranate
20.285800763418056,78.86232267235962,77.28620799177088,5.757872438410161,21.629427099989407,100.32292156598271,25.9,26.0,27.7,30.7,26.7,21.3,23.7,23.0,21.6,25.8,23.1,24.3,Alluvial,lentil
42.97291953060257,63.25613443700726,69.76874543252055,5.763063431252778,56.353934346992304,98.03071978125197,24.0,26.5,27.1,30.7,27.7,27.6,22.3,22.7,25.0,25.3,25.6,25.6,Laterite,blackgram
19.984590246127034,55.58941109649058,17.708548950205827,7.40036351987872,36.80154337936236,55.650231355150545,22.2,21.3,25.5,31.1,38.4,35.1,33.5,26.8,29.0,25.6,24.1,21.2,Alluvial,mungbean
21.835934570182644,113.92982484290795,17.644021512574803,12.502060209970214,10.89522053116721,50.84125146158597,25.4,27.8,26.9,32.8,30.7,22.9,18.0,27.1,27.5,23.4,22.4,27.9,Laterite,mothbeans
62.49357979205811,201.16499756021128,87.98679252147933,12.911675831818346,63.33984248621013,423.81946994264973,18.2,18.0,27.9,31.6,33.4,32.9,26.5,32.7,28.1,22.9,22.6,13.5,Alluvial,pigeonpeas
21.791792970269086,61.20845716739811,77.90210049770805,4.755517665831141,73.5410433309113,85.23400464171159,29.6,26.8,28.9,29.2,32.3,27.3,24.5,24.4,23.4,28.6,27.4,24.7,Laterite,kidneybeans
19.14265962668023,79.27471215916212,88.83719532777332,4.736800545058067,21.060334182653815,85.27946424448061,2.1,5.5,4.8,13.1,15.4,15.5,16.4,14.8,11.7,11.5,9.4,4.9,Black,chickpea
105.54028726020776,42.234329099370996,18.282647787669074,6.807628221762994,63.026905431419905,162.27156046171436,18.2,17.1,25.9,32.8,36.8,35.0,28.6,31.9,32.7,29.1,26.7,18.1,Alluvial,coffee
94.39981733236543,40.211581562513516,39.42275134950051,7.003888957979207,85.04034254375681,212.7478806998249,23.1,24.0,26.1,28.9,32.0,23.1,20.5,22.4,28.4,28.0,20.4,23.4,Alluvial,rice
73.36548619224219,65.54090169771266,43.6299625554114,6.603933301839425,79.5652755137092,232.1816873527267,18.3,26.2,23.8,27.0,27.7,22.6,24.3,23.6,25.4,21.8,19.6,24.3,Forest,maize
65.20944535469125,60.63156342693662,44.089017655330885,8.609528432633839,89.00582346451266,279.7431961123615,16.2,16.9,26.7,28.8,32.4,33.5,31.7,28.5,30.9,27.9,18.7,19.5,Red,jute
69.97640302243106,63.53194029644909,33.55941296324108,6.39847844189613,73.20839309742554,238.44922197483928,15.1,20.8,25.8,31.2,29.4,29.2,30.6,26.7,27.6,22.3,22.1,17.9,Alluvial,cotton
18.672406216513068,30.34660779735138,10.664199120899907,5.178778036427378,80.82075111860166,90.91263011216994,17.0,20.9,27.7,37.0,36.6,30.9,31.8,31.5,27.5,27.6,21.2,16.5,Forest,coconut
28.43529853464962,13.498695128200978,37.87195571871322,6.075498732670504,85.94872700822768,116.74378150241998,20.0,23.0,26.4,34.4,38.2,34.7,28.4,27.5,27.3,28.6,24.1,14.8,Red,papaya
22.469935803012476,9.821617510242934,10.288899465414206,6.1383959013818155,74.01780457388419,84.90908077459918,4.3,5.8,6.2,10.4,15.4,20.6,17.6,13.8,12.5,12.1,9.9,4.1,Arid,orange
529.858130626568,115.7781434007323,993.072251529933,2.2996325786240823,62.69082154765289,106.06535558089045,18.2,21.3,24.8,29.1,41.8,34.5,32.8,31.8,33.0,27.9,27.3,18.9,Red,apple
91.12926616276123,20.65016261474708,53.3508503291648,5.465911460856533,18.457964326088614,47.077661457767064,27.5,25.0,27.8,26.6,26.5,24.8,20.4,24.2,23.2,22.6,22.5,20.6,Alluvial,muskmelon
110.19177621429155,14.822927058656894,52.16679661477561,6.29828159998968,22.200182682575715,55.35536000964012,14.8,17.8,24.1,30.8,33.6,28.8,25.9,22.4,32.1,21.5,22.0,15.8,Arid,watermelon
76.46593455360878,14.8736690934159,42.90932194929889,5.890100352931115,69.81201453234502,75.05941425011814,16.4,18.7,23.1,31.0,36.4,32.7,25.8,28.6,31.6,23.8,22.1,12.5,Laterite,grapes
9.897608168214285,11.248415650897368,16.26491052736629,6.669524550037872,57.95828061613261,159.56025812524987,17.8,21.8,25.4,34.4,37.3,31.1,29.5,31.4,30.6,28.0,29.5,23.2,Laterite,mango
97.60213981292114,70.41256964547549,43.818189336169524,5.355778207862946,84.93194528205711,90.24903408195408,15.8,22.6,24.4,30.3,30.5,32.6,27.3,29.1,26.4,26.3,28.5,17.9,Forest,banana
17.537100955137262,17.57984648868117,44.33004640893162,5.883992620534214,20.80516857276232,64.43154300693156,1.3,3.9,5.4,10.4,13.2,16.4,12.8,16.9,15.2,11.3,8.0,2.3,Black,pomegranate
17.930268722452468,70.69919713237847,88.12851720160671,7.132821240766269,18.13152263988272,93.19735238016355,24.4,22.7,26.0,26.5,28.4,24.6,23.9,22.1,22.6,26.6,25.6,23.9,Arid,lentil
42.43160064302305,62.32092560280329,85.32619094500625,7.049294005795796,63.84151304771363,93.60795575597015,19.6,19.4,26.6,30.9,35.1,32.9,28.7,31.2,26.4,19.8,29.5,15.1,Alluvial,blackgram
22.016248187280887,43.38788926887346,19.88855212526999,7.508783485437207,37.524949134860876,55.93153973086146,18.3,23.4,29.3,34.9,37.7,32.5,28.7,31.9,29.7,29.4,24.6,18.2,Arid,mungbean
17.859027973709555,41.831801650151036,21.426762128102506,6.458998856262196,48.44139681324218,44.325097189190565,16.5,23.1,26.9,34.6,42.6,33.2,29.7,31.3,27.8,21.6,24.4,18.3,Alluvial,mothbeans
19.045631240422694,78.06229051098285,84.3204562653168,6.005572330770201,66.85800421270625,136.16379834244015,15.9,16.1,26.4,31.0,33.5,31.6,28.7,26.0,30.8,25.9,26.3,16.7,Black,pigeonpeas
17.725567429556783,64.03338754565632,89.73891500567403,5.118731037299344,62.901536991045504,81.27373031658648,5.0,-0.7,7.6,11.6,12.8,18.3,12.1,15.6,14.6,11.5,10.4,4.3,Black,kidneybeans
20.390389562674045,72.57733993405051,79.04767812790949,5.06750133944098,19.65059940343808,73.83463263014114,4.2,6.3,6.8,12.5,17.9,14.9,13.5,15.7,13.2,13.9,7.3,4.8,Arid,chickpea
110.14932810716785,43.31299048732114,18.57780480553389,6.855299028461717,60.181845163676044,132.18635848723156,16.3,22.6,24.4,29.6,34.9,29.7,29.8,28.8,24.7,27.4,22.0,15.7,Black,coffee
102.57315866950347,42.1757709203049,38.95288996740199,5.974771217262812,84.16929451976488,206.04808594070252,28.1,22.0,28.2,29.6,27.8,26.1,24.3,21.8,27.3,20.4,27.2,26.2,Red,rice
87.33380498404775,56.235144011580765,38.62271605124041,6.603760697904979,86.66559116612594,241.91451489783876,21.1,27.8,30.3,28.7,29.4,24.7,25.6,24.0,27.5,21.9,25.6,24.1,Laterite,maize
57.10181882776176,52.10301153496594,40.28732970943887,6.983464108732725,88.99475887382525,236.0044344511039,17.6,19.7,28.3,33.1,35.6,33.6,29.1,34.8,30.5,27.7,23.6,19.1,Arid,jute
77.76144859328623,49.9696733331701,34.4995020369788,7.728097631906357,88.45705019191885,274.2763960534379,14.3,21.9,27.6,33.1,35.5,26.3,33.7,27.0,29.5,24.6,18.2,17.6,Black,cotton
19.630506817956185,28.3383885955402,9.347244800500691,6.325125648724903,77.8800224777029,102.16284922592057,14.7,22.1,27.3,30.4,34.3,28.2,28.6,28.8,31.7,24.8,23.6,17.2,Arid,coconut
28.708801677619316,16.702561481551424,38.62593978060478,6.990438984438785,96.32476383275561,116.39794779165298,15.5,23.1,25.3,28.2,36.4,34.7,30.0,31.8,29.7,25.0,23.3,19.1,Red,papaya
17.55066325094247,11.089198755783016,9.729748087683273,6.7752164864051165,78.31222135419802,83.96968673393404,16.4,20.1,24.9,31.2,39.1,32.1,28.4,33.0,30.3,22.1,22.7,17.0,Red,orange
130.16952945647967,138.49778425182697,218.84268258984991,6.455822229175147,66.77945781344103,98.3132214654899,17.9,19.3,23.7,27.3,35.8,30.4,29.3,23.7,24.8,26.5,23.3,14.9,Arid,apple
88.39271111181064,19.907542707468984,52.168708472110715,5.190159243306856,19.82314387528684,52.7851500830432,15.4,21.1,27.2,30.0,33.6,31.9,24.6,26.9,30.9,26.5,23.5,19.8,Red,muskmelon
98.74048799391434,13.179552577622703,45.213891245196926,6.821130698737001,25.48437352970613,52.17990791220567,15.2,21.6,22.3,32.3,38.7,35.1,25.4,28.6,30.5,25.0,23.5,19.4,Laterite,watermelon
61.940879450657555,15.79039228857096,43.029862989764965,5.410293488976296,61.417167046407336,67.43507128373433,18.8,25.3,30.6,37.2,37.6,32.5,28.8,32.1,28.7,29.6,25.3,22.5,Laterite,grapes
10.207076491872582,9.760389958112398,16.93496360893002,6.329695812953618,62.01440904701637,139.2500579520863,19.6,18.2,27.9,32.2,37.4,32.0,26.2,33.1,31.7,29.3,20.9,17.3,Alluvial,mango
88.45779735773196,86.99049574240684,43.12683077492371,6.749263875947966,70.72362075323939,91.14609568861863,19.3,18.0,25.6,33.2,38.2,28.9,33.6,25.3,33.1,24.5,22.3,19.2,Laterite,banana
20.72720269588421,21.11310332917089,42.85457069209302,6.26832262341591,21.401041096520252,71.40484908822896,2.9,3.3,3.8,13.0,11.3,16.8,14.2,15.4,12.4,8.4,7.6,3.5,Red,pomegranate
18.473954016228987,64.28657579364369,89.1919592252227,6.1546177924159915,20.080333031726724,104.70643641954653,23.3,27.5,27.5,26.0,26.0,23.5,23.9,20.7,24.9,25.0,19.3,22.0,Arid,lentil
35.97452435171509,61.49419313868183,78.17401120294801,6.284443653926709,58.85772058641927,97.72485066981528,28.0,27.5,27.4,31.9,29.9,23.2,25.4,23.1,28.0,27.7,30.0,22.4,Arid,blackgram
18.479391146704902,44.07638346438801,21.83514277764391,7.6451582981705055,41.89561403324873,52.829240299243395,4.3,1.8,5.2,11.3,14.5,12.7,13.0,12.1,10.1,8.7,6.0,4.1,Laterite,mungbean
17.923813859551814,39.469130393234,21.654224017752664,5.942968928388911,48.79999929783192,46.609373226672304,21.1,25.0,31.5,28.5,31.1,22.2,25.9,24.4,26.3,26.1,26.9,26.3,Black,mothbeans
19.195146448567925,78.04581160785736,90.93131229319019,5.623718048965821,74.06019441970355,146.39086385242805,20.6,22.3,31.2,35.0,33.8,37.5,30.4,31.9,27.6,25.0,26.0,18.3,Black,pigeonpeas
20.258624233660612,72.57450248322176,72.00490613980284,6.260032502577321,69.75956323412048,77.79056451008601,5.3,-0.6,8.5,8.8,14.6,15.5,17.5,12.9,12.8,8.2,7.4,2.4,Black,kidneybeans
19.01288464840928,72.47190270532862,90.26437057751137,6.252280976594115,21.285830191045882,90.42968878888618,19.7,20.1,25.9,32.4,28.5,26.4,30.3,26.0,23.9,24.2,22.9,17.9,Black,chickpea
99.40295900092619,40.160039908479355,19.153573507972794,7.2507446368778155,56.02930710093281,146.40754071499887,17.1,19.0,23.5,32.1,33.5,31.2,31.1,26.3,28.5,22.5,20.4,17.2,Laterite,coffee
92.4932241777542,43.25844919410858,42.44401641257962,6.428663969994659,75.33699107790744,183.6832943213661,26.3,30.1,28.7,29.2,29.7,22.5,24.1,24.1,25.2,23.8,24.6,24.8,Arid,rice
85.2051251642464,51.317458855277366,43.56772029439828,7.3792270977976475,87.25048183376083,239.54839777661044,17.5,21.4,26.6,34.8,34.0,34.4,32.2,31.1,33.2,27.5,21.4,18.8,Alluvial,maize
66.0604694526764,54.063512291378004,45.022832963936736,7.470146764561653,73.61499800711555,275.37910361956733,2.6,5.7,8.1,10.9,15.2,16.9,14.6,15.3,14.9,11.1,6.9,0.8,Alluvial,jute
75.07315176858137,62.66967882852543,35.92309827054239,6.873172317702434,91.19707102380958,275.47803270916506,28.7,28.9,28.0,30.1,34.0,26.0,25.1,22.1,26.9,28.2,24.2,25.3,Alluvial,cotton
21.442236649753966,32.967309237804194,10.043526781495478,5.977110819437453,95.44211399785245,111.29858503800357,16.9,20.0,28.7,30.9,37.4,31.5,30.0,29.1,28.3,26.0,22.6,17.9,Red,coconut
32.549293887895054,17.067289709466728,34.24765305569725,7.087580533176174,89.9265370856657,104.83546033077465,16.8,20.6,30.7,36.2,36.0,34.6,28.8,30.4,31.9,25.8,26.4,18.1,Alluvial,papaya
20.81193405700305,9.290280399385342,9.988500186307622,6.46334772622798,82.03928209320905,83.27046283675186,3.0,0.3,4.4,11.6,19.6,10.4,11.3,14.6,13.1,10.0,8.0,-1.4,Black,orange
111.41834320252288,109.53494598861391,214.83577909813283,6.364452845499919,61.95486751455639,110.16339493191671,17.5,22.4,25.6,33.0,34.1,31.0,28.7,30.3,32.5,25.7,26.2,17.0,Arid,apple
86.01408146240499,22.716881730895622,56.296133398365235,5.31728235677835,20.272931197689907,48.287663044392794,27.7,26.9,27.6,31.1,33.0,27.4,26.3,23.0,24.2,22.1,21.9,27.3,Black,muskmelon
105.59336745902317,13.348668160886906,53.52576717525801,7.387142211926438,27.10313952710891,47.66751853891159,19.8,23.6,25.3,35.6,39.0,33.0,29.5,32.0,26.1,26.3,26.5,16.8,Red,watermelon
74.4414602600349,13.532982649374631,43.59164037452656,6.162977621175623,71.09135820059062,63.0245175832497,18.6,18.3,26.3,31.5,34.2,33.5,28.6,29.0,29.0,27.3,23.7,19.3,Black,grapes
8.675832098735427,9.428981798101429,15.119006629331581,5.9118405236608,62.89143511022803,156.7904377564303,15.6,19.4,25.4,32.0,34.8,32.1,27.5,31.0,30.2,26.2,24.3,17.4,Forest,mango
87.97825159843038,84.35766720566778,48.96329043715959,5.6333371955546525,84.79128226657309,107.75914114468705,22.5,25.6,25.9,27.6,28.5,24.6,20.7,26.0,24.7,21.1,23.6,21.4,Alluvial,banana
19.771170730153965,19.889626601295195,36.24225795878553,6.190598609280329,19.164051444331772,71.57184759800359,24.9,30.6,28.7,35.4,28.6,24.5,24.8,25.0,26.9,25.1,23.5,27.4,Arid,pomegranate
21.24007653268127,72.72218162163065,73.27763232655565,6.729947757915198,22.173633508146594,91.8365407661044,16.7,18.2,27.3,31.2,34.0,34.3,30.7,28.0,28.3,22.7,21.5,14.9,Arid,lentil
44.65469081844864,55.713259095248766,91.10097697754469,7.022693239617167,62.54329011605556,87.23825934350545,4.4,0.2,6.8,10.7,14.0,13.9,15.9,15.6,13.0,13.4,5.5,1.4,Forest,blackgram
17.32308599350464,46.09088425084645,21.198665846767252,7.8228713676760595,44.85881051188008,47.42113608653328,17.0,20.7,26.0,34.9,37.1,32.9,30.0,33.8,29.3,24.2,23.4,17.8,Black,mungbean
21.88368471626965,39.82483845438961,20.675424729381593,6.771336755722281,52.002741658919824,52.49680113789657,26.3,25.1,32.0,27.6,32.2,29.8,23.3,25.2,21.7,27.5,22.8,26.6,Laterite,mothbeans
18.423279278958525,62.394118621832476,80.74536219131367,6.498358135215823,79.1723711850644,170.06347021854202,25.3,29.2,27.9,29.9,27.9,25.9,25.2,22.7,23.7,21.7,23.8,24.7,Arid,pigeonpeas
17.75102449556411,64.36105171838321,72.01239490309278,5.284633645107316,71.15873543930468,91.14167615738893,25.3,29.4,29.6,28.4,27.3,26.8,29.3,22.2,25.4,26.5,23.7,27.2,Red,kidneybeans
20.860241778965033,70.68750302225637,82.15517095824106,5.488545017483499,18.36067107200775,87.84024832079247,16.3,15.3,25.3,36.6,37.7,30.8,29.9,28.3,31.0,28.5,18.3,17.9,Laterite,chickpea
101.66707478488055,38.18358707929221,19.45212536158982,7.38830509849598,68.29755137351725,137.4868134044738,21.9,27.9,28.9,31.5,29.2,30.8,26.3,26.3,25.9,25.0,26.6,26.9,Arid,coffee
79.99441498239598,39.07641794610948,41.36042139121077,6.811805217709371,78.57962101972355,202.9801413191715,21.8,20.1,27.3,34.0,34.3,32.9,32.1,32.3,29.8,30.1,25.7,18.6,Alluvial,rice
88.72432145806538,52.6603818193078,39.67603842473492,7.966169677160145,71.55096343347844,242.308791215685,17.3,20.1,24.8,31.3,32.7,32.5,30.1,26.1,27.7,20.0,22.2,18.0,Red,maize
54.66784210120924,55.95303339298681,43.538918077969655,7.538621330984282,92.63244067133891,275.8206150904862,28.1,26.9,27.3,27.1,26.4,23.4,23.6,23.8,24.8,23.3,24.1,23.7,Red,jute
69.80364702147266,54.95769633166149,33.31373806542941,7.132373923662056,83.8608941345805,275.6650842954036,16.0,23.9,24.7,33.0,37.0,31.5,31.7,29.8,30.2,29.2,22.2,17.1,Arid,cotton
18.180509912713852,27.30102288924264,9.001449877159793,5.739491902846242,86.12337383082598,113.68645915950874,26.7,26.0,29.8,29.6,29.8,25.5,23.1,24.6,25.7,25.5,22.8,27.5,Arid,coconut
28.196378103613903,15.845946020565934,32.53075114824351,7.696985600214598,81.79044945567358,112.89254610011456,24.4,27.3,27.0,29.4,26.2,23.6,22.0,23.4,28.2,25.7,26.5,23.6,Black,papaya
21.38403568437643,9.383309676796861,9.053553226588937,6.839290851123696,78.75063654702595,77.47165802689196,17.1,22.2,22.8,33.6,39.1,30.5,28.0,28.0,30.9,26.7,22.8,18.2,Black,orange
108.79651404403823,137.30646268752375,189.6547619915621,5.685567100223148,68.03256277116836,95.38893114239555,24.7,25.8,27.0,27.1,33.0,28.8,27.9,26.7,24.7,29.7,25.2,24.7,Red,apple
110.01658766888002,22.273572359500307,53.2962291074911,6.0191668866440615,18.419807561811446,43.028333225866014,25.6,20.5,30.1,29.1,30.5,26.3,25.6,23.4,27.0,26.5,26.6,23.0,Arid,muskmelon
89.90878034178024,15.445295628108077,43.91160289676051,6.904936471298858,26.84817833681956,47.437781275159566,22.2,28.9,29.5,31.1,28.9,24.1,26.7,21.1,27.1,23.0,24.5,24.5,Black,watermelon
73.11736274328578,14.539822474228114,45.860715480988176,5.9042341990210945,73.02562861125448,62.41821384636866,0.5,1.6,6.5,9.1,13.6,18.0,17.8,15.6,13.9,6.4,4.1,1.4,Black,grapes
9.033684475638388,9.016542680508849,13.164989183924874,6.187705705344454,52.988023453767994,154.9939862002466,16.1,18.3,26.6,35.6,37.4,33.6,30.1,30.1,26.9,24.3,20.8,14.2,Forest,mango
88.128310051516,83.07134702390555,56.57341823199389,5.636002061960123,86.00505258875441,107.98850908194409,16.7,22.7,24.8,31.2,37.1,33.8,28.8,28.6,27.2,30.1,24.4,17.4,Red,banana
22.493321298072914,19.15647168423398,45.06630909464399,5.9876467767211,20.409882026997266,76.78818798358972,17.7,19.8,21.8,29.7,33.9,29.5,27.2,31.8,27.0,25.2,23.9,14.6,Forest,pomegranate
17.27424968985124,65.0646392364085,68.94261197841527,5.685752361232174,18.89090107883113,106.47730270513713,16.8,23.0,25.3,33.8,34.5,33.9,28.6,30.0,31.0,29.2,21.4,21.7,Laterite,lentil
35.15129189256239,66.37562251809787,69.83580330174287,5.930951623343442,67.94268141558044,94.39309445997682,23.7,25.7,27.2,29.4,31.1,27.2,22.9,24.2,22.1,27.9,24.1,25.8,Forest,blackgram
20.368414115263874,50.49173473946813,22.505886604503864,7.213968933360311,42.9960561140538,44.818232982631315,20.6,24.2,26.6,27.3,30.5,21.7,25.4,22.8,25.8,22.7,22.8,21.8,Arid,mungbean
17.600737759926794,41.05183477599695,18.55725542511463,6.136427101353425,49.50518918452451,43.52171227554552,20.5,28.1,29.4,25.9,29.3,23.3,18.9,20.9,29.3,22.5,21.3,22.4,Laterite,mothbeans
22.71159267907717,64.4474572930081,86.91766074278193,5.688780117098786,71.52134384172953,147.58340714480616,18.9,16.7,26.8,32.8,33.3,29.8,29.3,28.1,27.0,26.7,21.6,20.5,Laterite,pigeonpeas
21.924027264784684,63.73543256400497,86.56839179434203,5.488649690876093,72.43893689245189,73.71945039905833,3.1,1.5,5.8,9.6,14.9,16.8,14.6,12.8,14.1,9.9,7.8,1.8,Red,kidneybeans
20.501850499994944,72.56849918226779,85.88459115332215,5.812045096178518,18.543832702041723,69.08775230157954,23.1,25.2,24.6,27.3,26.3,22.9,21.9,20.5,24.1,21.2,22.8,22.6,Black,chickpea
105.37381587979502,43.60826812157265,22.12697252431527,6.878354392278008,58.62450256550483,134.83380234797875,16.4,18.7,24.0,30.9,36.3,28.9,27.1,30.1,24.1,25.2,21.6,17.8,Alluvial,coffee
91.38239285156146,45.858837784809694,42.11336438398672,6.286307360941474,86.03007424337345,228.01522219334524,24.1,25.6,28.4,28.1,25.5,23.3,20.5,24.5,22.9,22.0,24.3,22.7,Forest,rice
86.81936408610672,51.11331638634584,41.1669776881212,7.697389716917034,78.90006492615956,235.148681003551,-0.6,1.9,8.3,7.9,15.7,15.2,13.9,12.4,11.9,7.3,5.9,-0.5,Black,maize
55.06511096215428,53.94367267022064,39.79469018552754,6.969210852635519,74.5773287007579,245.36691784635852,28.2,26.9,27.2,31.8,29.8,26.4,24.5,21.0,26.1,25.9,21.8,25.8,Red,jute
74.88316342345118,52.84070105577467,38.25493821269725,7.527279610935888,69.47213240421584,224.07027991334516,17.1,19.4,26.5,32.3,31.6,30.8,22.9,26.8,26.6,26.0,22.5,17.1,Black,cotton
22.034421831698996,29.427475524518748,8.909198829783481,6.802678192110904,74.3108217628819,89.34097770870484,21.9,26.8,29.1,27.6,26.7,23.9,18.7,24.8,24.8,24.0,23.9,25.3,Forest,coconut
30.827193860677127,14.346189316931216,32.7187327662304,7.641873216354192,78.10238548450953,117.97945017724325,14.0,19.6,23.9,32.1,33.8,33.2,28.7,26.8,26.9,23.5,23.8,17.3,Forest,papaya
22.273270299409454,11.245721980242731,10.630879412005772,6.7298189019730446,89.37474562707635,86.65171878088297,15.5,19.3,25.0,31.3,35.0,29.0,31.3,28.6,31.6,26.1,20.5,17.1,Black,orange
118.56095125628103,126.08352677493632,203.12688182874587,7.281154890287203,57.593910969292,90.05887478360253,21.6,20.0,23.1,29.0,36.5,29.9,30.1,29.8,27.1,26.2,21.5,15.4,Red,apple
92.5770513563214,18.010795171493804,50.30442785987673,6.005546150043306,21.945278059849866,46.94573124976278,18.4,19.0,25.5,28.5,36.5,31.5,30.9,31.3,27.1,24.1,23.5,16.9,Forest,muskmelon
96.740423493164,15.082329091582872,46.591072181081024,5.841391474774979,27.132838512295887,56.270659694734505,23.2,25.2,30.4,28.8,29.6,27.2,21.8,28.3,26.0,25.6,24.3,24.9,Black,watermelon
65.05285741429019,16.18789050884489,42.181209212529446,5.689101266514507,72.92326588327899,71.80301912463611,-2.7,3.9,7.7,8.6,12.2,13.8,19.3,14.6,15.3,12.0,7.3,5.0,Laterite,grapes
10.343955784554968,9.787977129921996,13.958063968298983,5.894699194301987,52.827413431393616,164.01824554115825,19.9,24.9,27.9,27.5,30.4,23.7,25.2,23.2,25.7,27.5,24.7,28.3,Forest,mango
92.29883812309178,85.34163212490549,49.113162442624244,6.273741377318746,84.67843497480713,102.52065727729305,-3.7,1.0,8.1,13.0,14.9,17.4,15.5,13.4,10.2,4.0,2.8,5.0,Forest,banana
18.96238083042833,20.838910967243457,44.17029007736588,6.823133055461964,21.215119489840156,63.69337992180642,18.5,24.6,22.1,33.3,31.1,30.7,31.8,28.4,28.7,29.6,23.6,14.6,Red,pomegranate
19.149149216805476,60.95011180693878,83.53435886546485,5.665679465455492,20.44162590875594,102.05649076880383,25.1,25.4,27.8,30.5,30.8,21.4,23.5,23.8,20.7,23.8,26.7,27.1,Alluvial,lentil
37.465445067068764,53.44489769678278,88.51903299683059,5.885408858438326,52.235761593195036,99.57823846970541,19.6,19.7,28.0,31.7,37.9,32.1,30.3,34.7,25.4,24.2,23.3,11.1,Forest,blackgram
21.771061408619325,46.89858515385086,22.60995760245673,6.752291593947943,39.93551467766955,55.67567146659881,19.0,23.0,27.3,30.3,34.4,32.0,31.0,29.0,28.3,24.3,23.2,17.7,Arid,mungbean
21.609818406653964,35.03726041447891,18.047769687907127,7.062223977355905,55.32573349248223,54.92856093190014,14.3,20.4,24.8,30.7,32.5,29.9,28.6,29.1,26.4,24.3,24.3,16.3,Black,mothbeans
19.466585733678127,72.09402824277713,76.38045705014255,6.297072565487179,74.75386394279357,166.48229415363664,24.1,24.3,29.3,29.2,30.3,28.8,23.7,28.3,24.1,26.8,27.8,29.3,Alluvial,pigeonpeas
22.350095994510188,69.52543091881887,70.1517228844467,6.260137526672668,70.40117835400687,78.23487250160244,28.1,25.2,27.7,30.1,27.9,25.2,26.0,23.5,22.5,24.9,27.4,23.8,Forest,kidneybeans
20.430299090511383,78.09680527760722,80.79636375566716,5.847768987234484,17.45730176352716,75.34878693196438,26.9,27.2,28.0,30.3,28.8,23.6,23.5,21.4,28.3,26.0,24.4,24.3,Black,chickpea
109.51007467986089,43.45038554037154,17.317409478064143,6.989197184270359,65.37025747210225,132.49709963312202,3.3,4.1,4.2,9.9,13.9,16.9,15.3,13.6,11.7,12.8,7.5,3.9,Forest,coffee
86.38078849152865,39.2531425824236,44.71745136177537,7.368339408523809,89.083105101954,175.39346890603602,26.6,26.3,31.3,31.4,34.4,23.7,27.2,27.5,29.0,27.6,28.1,26.3,Laterite,rice
79.1193047255888,60.08260964248041,45.4407695229009,7.348718048700216,78.55798360478492,196.0124081952251,18.0,22.3,30.1,35.4,42.2,35.2,28.9,32.6,35.0,31.7,25.4,16.4,Forest,maize
52.93274260634646,57.98657531780722,45.066188329229746,7.731975831487166,90.84894662492451,294.51349187839037,25.4,28.1,28.6,25.9,34.3,24.3,26.2,26.7,24.5,26.5,24.5,22.8,Laterite,jute
80.3385953185655,61.72964704288577,41.31133070795678,7.069662101252057,72.70503724228435,269.34567117801896,4.7,2.2,7.1,11.4,11.2,19.0,15.6,15.7,14.7,14.1,4.8,3.7,Laterite,cotton
22.454205228670922,26.965948132977562,8.759385495125425,5.603567759280347,85.2509511721418,88.54638542400593,19.3,19.4,31.9,31.4,37.3,35.9,32.8,31.1,30.1,31.2,26.0,18.1,Alluvial,coconut
28.052099186922362,13.2898794181657,36.51874269632293,7.126652704541697,98.09188410171232,123.34143098123505,13.5,22.9,26.3,27.7,34.0,31.2,26.6,24.5,26.4,25.4,19.6,19.1,Black,papaya
19.796117533805994,10.925690438229001,9.847164385633766,7.152717395628429,85.88294319046342,84.97937089381468,16.9,22.4,26.2,32.9,36.4,29.4,31.3,28.9,31.5,28.5,23.8,24.1,Alluvial,orange
127.03617738390494,138.09981546965386,176.9358802369648,7.317164285420695,65.2487308863716,99.06024360496083,17.0,22.0,28.1,32.1,34.6,31.1,28.0,26.6,27.4,25.0,22.4,13.6,Forest,apple
100.89536915159749,22.646459845294473,45.93251980424284,6.110192940431695,20.259046749382883,47.616611883708785,18.9,20.1,20.2,27.9,33.7,31.8,25.9,29.6,26.5,26.5,21.1,14.4,Laterite,muskmelon
106.62840321142748,14.25059148618466,44.15357204782313,7.061566601007403,27.21631593253726,44.162822808927956,19.7,18.1,26.8,31.7,34.7,32.2,25.4,28.0,29.2,24.3,23.1,21.1,Arid,watermelon
77.20717329810822,17.004274119307418,42.22605427216115,5.949072626091615,59.918548634424596,63.07051207308602,20.2,21.0,26.2,31.6,34.0,31.7,29.6,26.5,27.7,28.1,25.2,18.5,Alluvial,grapes
9.802524610507607,11.382085568770236,15.625015673644347,6.580691314184872,64.77323750372081,169.79812519031847,23.6,22.4,30.1,34.6,39.7,32.7,34.1,29.7,31.0,26.6,23.0,15.7,Arid,mango
90.5472527658742,71.23523104393728,49.63091557685176,5.616360663120933,82.9278904481036,112.39985847997258,2.3,3.4,6.1,11.0,11.2,16.9,15.7,14.8,15.2,7.5,4.1,2.7,Laterite,banana
20.281619567998952,21.96880737567255,39.14464652693173,5.233984695474456,22.236631303366543,63.23666695692436,19.2,17.0,26.5,31.2,35.8,35.0,30.0,27.2,25.6,26.6,23.0,20.6,Alluvial,pomegranate
17.799809227553283,73.78266591695336,77.71552849347073,5.961106207915985,18.912558234203885,92.88268763604373,13.1,17.9,24.7,31.0,31.0,33.7,28.0,31.5,25.7,26.7,24.2,18.3,Red,lentil
35.03396317554904,60.99967642815849,83.16402731461179,6.002143216819008,68.03690572878656,105.10156613363986,1.1,1.8,3.0,14.0,13.6,16.2,16.4,16.8,12.9,12.6,8.6,6.1,Forest,blackgram
19.901408200633877,44.14285673848113,21.515297749587923,7.650453577750645,36.54997610770933,52.78248162735076,18.2,18.8,28.1,33.7,36.2,33.1,31.6,30.6,31.8,31.1,23.9,20.7,Alluvial,mungbean
19.736737061137724,41.013004090259656,19.822036233479096,6.354902603780108,51.19572439166156,47.772795360698076,18.1,21.4,26.7,30.9,35.5,29.9,30.4,27.9,30.4,24.3,22.3,17.0,Alluvial,mothbeans
18.683992587009772,62.29756658048022,80.35737891931846,5.755355656198313,60.6036023010526,132.51257537354354,17.0,21.7,29.2,34.4,35.1,34.3,31.6,31.7,29.5,25.6,26.0,18.8,Forest,pigeonpeas
17.61126197497244,67.22842542990875,69.89665551044615,5.964941336255727,56.08384926428888,74.56760014778688,15.6,22.1,24.3,29.3,39.0,32.7,27.1,31.0,24.2,27.6,24.6,21.5,Black,kidneybeans
17.33617037082235,72.42044621315816,74.70046861222049,5.164622299378677,20.676496813033292,80.99717403248434,25.1,26.9,29.9,26.4,27.9,21.3,21.7,23.8,24.8,26.5,24.8,24.8,Arid,chickpea
90.65147883232017,45.4267783672511,22.745381574840376,6.659873461088312,65.17944716427425,138.17361965794188,24.7,25.9,26.9,32.4,31.6,26.0,24.3,25.2,27.9,29.2,25.2,26.6,Red,coffee
94.07182682920764,38.69707600692751,48.81152781627493,6.805332587844516,88.9909189342688,203.2436580632301,14.9,22.9,25.1,35.7,36.1,32.4,31.4,30.0,29.2,27.0,23.8,19.0,Red,rice
77.4150629481181,60.47535260849819,42.00474686629889,7.474744739997947,76.60510108895514,210.28014051685264,16.9,21.0,27.5,30.4,36.0,33.8,28.3,32.8,29.0,28.8,24.2,17.1,Red,maize
57.503990399247606,55.265146935995745,234.63867385768782,2.228832478610436,17.185543885273074,279.7286723145983,27.9,26.2,29.1,28.2,31.7,24.0,23.8,20.7,24.9,20.6,27.4,23.8,Laterite,jute
67.94215868401936,56.35617882106978,40.81510097374125,7.801342557850415,77.76596408318973,233.91862265158466,17.7,23.4,24.1,31.1,37.7,33.4,30.0,27.1,32.9,26.4,23.4,19.9,Red,cotton
19.75099549820573,27.379633614904122,10.82500387115563,6.8166451507392605,94.21535849067246,98.97802872628822,17.1,20.3,25.9,32.5,31.5,33.5,27.2,28.9,26.7,24.2,21.5,17.3,Forest,coconut
30.40087054176755,16.465063731944753,39.6011067938239,6.437297139549576,82.13594694740378,124.9818866172352,20.5,23.0,26.7,31.9,37.6,33.7,31.9,34.6,30.3,28.1,23.3,19.2,Black,papaya
20.45430282773838,10.911363857675873,10.342742836001698,7.008043774275336,77.39944257283257,74.41102799522712,24.3,20.8,29.3,27.6,28.6,24.6,23.3,24.2,23.4,24.2,21.3,22.8,Alluvial,orange
106.00263635157785,109.84002621969833,173.56933327005095,5.800640628299316,65.7441769936572,108.7042865252011,18.1,23.3,31.4,34.1,39.8,35.0,33.0,32.5,31.4,24.5,23.7,17.4,Red,apple
98.09904530526458,19.3923470447638,48.618517970382214,6.07176349072831,20.77559669690507,55.612911581577904,23.3,24.3,26.5,29.5,29.5,22.6,23.4,21.3,24.0,24.3,23.5,28.1,Black,muskmelon
100.79091737634317,15.162673371909058,44.01464839009072,5.957625445165506,23.410215537885687,54.29318622199069,2.2,1.5,3.0,8.4,15.0,16.4,13.6,12.6,13.1,9.1,9.5,5.0,Red,watermelon
62.64900147406696,13.472601598265818,50.27529346266461,5.775246639779836,63.39253952401613,73.86210299468108,23.1,26.4,26.6,28.5,30.4,27.0,22.4,25.1,24.2,26.0,22.3,29.3,Red,grapes
9.888419621582532,11.30874058222932,16.06947055665743,5.6933899551999385,62.06967534784364,138.9936816761976,22.0,18.4,22.5,32.5,36.9,27.4,26.8,25.2,32.0,27.1,24.2,18.9,Black,mango
98.54310975052677,87.13941840873566,48.60707826470871,5.725991256462555,74.24871817078532,111.7842325467036,12.6,19.8,26.5,33.6,32.8,30.4,28.7,30.2,28.1,25.0,24.4,17.0,Alluvial,banana
19.183726701475894,21.29362489500775,43.4420560888434,5.467477274168025,17.878185858649704,66.39576336324048,5.0,4.5,3.3,11.7,17.3,19.9,16.4,16.3,13.2,10.7,5.8,7.2,Red,pomegranate
19.437471698852466,76.82863792909382,79.41925362247204,7.073108178308161,19.923288551557018,86.22302532356355,16.8,24.3,25.9,35.1,36.7,32.6,30.4,30.8,34.3,27.6,27.1,21.3,Forest,lentil
42.00473517487452,56.84078635622744,78.91420846250625,6.667717386905425,59.36382142017588,102.95382289568118,17.7,23.0,27.1,32.3,37.9,32.0,28.9,31.4,31.9,25.0,25.1,18.6,Red,blackgram
20.178439927918067,43.91714001193145,20.083461191768034,1.6793813500784167,40.05389329931408,43.22852200291135,16.2,17.0,26.1,32.7,33.3,32.4,30.6,26.8,26.0,29.0,23.5,15.7,Laterite,mungbean
22.014086123505656,41.24885054859753,18.117803053538903,6.69945730168736,56.59781305909565,48.82298179646969,24.4,25.7,30.7,28.8,30.5,26.3,23.5,22.0,26.7,23.6,22.5,25.3,Arid,mothbeans
22.495551648949625,68.28696126776131,85.98913677589614,5.823581090697514,68.32525660285118,136.25138090937588,17.2,23.8,24.1,33.7,30.0,31.0,27.6,28.1,29.1,23.6,22.3,15.6,Alluvial,pigeonpeas
17.47889441867905,63.16849693101685,78.0916240376382,6.035365562902451,64.00496018219941,80.24968439505008,17.8,19.5,26.6,35.5,33.7,32.4,30.4,32.3,21.8,25.2,21.1,16.0,Alluvial,kidneybeans
20.86276710492687,62.88835600906616,83.30328274909814,5.120931328626378,19.08921732233571,84.75056013661295,20.4,26.5,29.0,24.3,28.5,25.3,24.0,19.8,20.7,22.8,26.2,20.6,Black,chickpea
106.8485804625621,43.12059411559929,21.399150555983397,5.875202652743123,57.22706002156462,133.64766966951754,16.6,19.2,25.4,31.9,39.2,28.6,29.3,33.0,28.0,26.1,23.7,17.7,Alluvial,coffee
87.52543572268682,47.17233557585101,40.69082020925389,6.787118501275438,76.82677006284568,218.3629746392275,25.3,22.8,26.8,27.4,27.3,22.9,18.7,22.8,22.4,25.2,21.8,23.1,Black,rice
77.00788263568579,50.711107234163734,45.91378314169068,6.764996474818237,76.47523113731228,223.84950460033434,25.1,23.4,26.2,25.6,26.7,28.0,21.6,24.3,21.8,21.1,25.1,27.8,Arid,maize
52.76819553573076,50.44968452004519,42.647551793217715,7.121927895742791,72.2108983722446,275.7062785397868,25.5,25.6,26.7,30.4,26.8,23.9,22.8,22.5,23.9,24.0,22.2,25.7,Arid,jute
80.5492598296779,53.746234048611406,32.84034576786871,7.621743540598713,70.02836361868547,250.02096490736434,26.6,27.6,26.9,28.2,32.9,26.1,22.7,27.3,29.1,25.4,26.1,25.2,Laterite,cotton
18.56573332330444,30.32217366012511,10.190910389549568,6.522067137759503,81.22710943165966,103.44696200772907,16.1,20.3,24.3,30.3,30.8,29.5,27.4,25.9,29.7,26.4,23.6,21.4,Laterite,coconut
26.72738443437805,14.3648236161297,38.247122621343834,7.29950034803084,100.95449192187742,112.58392387821972,19.5,18.2,25.7,36.8,37.0,31.7,27.7,28.1,27.9,24.2,25.5,17.7,Forest,papaya
20.262734110195225,9.114725355277017,11.104132185200461,6.267701451737888,80.06404974534773,75.1878823427011,13.9,21.8,25.0,33.6,36.4,31.4,30.7,27.8,29.0,27.3,23.1,15.9,Alluvial,orange
136.05424913451884,133.3905384241538,222.01184543446882,6.912146755613572,55.29049057531013,96.14568032077838,16.6,18.7,26.5,32.4,37.6,30.4,26.1,30.3,26.7,27.8,20.9,14.6,Red,apple
102.51930194844827,18.50854818273685,49.2219305167265,5.783764025529966,22.15240045355994,50.066284273052105,18.1,20.6,28.8,31.4,37.7,36.0,32.7,32.6,33.0,26.7,24.9,19.3,Arid,muskmelon
101.63891948805835,16.46558796837607,54.27550652140525,5.616917828418404,26.111240056350827,54.24047141459136,27.4,24.9,25.0,28.2,26.3,23.9,22.2,21.0,25.3,22.6,24.5,25.1,Arid,watermelon
76.28401898003321,13.528982023801206,44.57325069416289,5.4032521412229535,61.66781208219559,74.19558936610599,25.9,26.5,27.4,29.7,27.1,24.5,24.3,23.5,23.5,24.1,26.5,25.4,Red,grapes
9.726587403140758,9.252704760234302,14.193713260688291,5.721591885900933,53.278945878207,157.34557372100227,25.2,23.5,27.4,28.4,29.8,26.6,23.5,27.0,22.8,20.6,21.8,27.6,Arid,mango
99.8721812655854,80.6319154963393,44.956369313801666,5.7148434729331825,86.69082707608743,112.9549706658865,16.2,24.1,27.9,30.4,38.8,28.9,30.2,31.2,30.8,29.5,24.9,16.9,Black,banana
21.075729956997108,19.249015964201707,44.749970080836746,5.972250482717722,17.52804793853288,62.747678255372875,17.8,21.6,23.2,33.9,30.1,34.7,28.1,27.5,33.0,27.1,17.2,15.8,Black,pomegranate
19.5342086898505,70.9820000387324,89.60235172940904,6.544493881394943,21.549422658934382,106.97434813260742,17.3,21.0,25.7,30.1,33.9,32.2,29.4,28.6,28.9,25.5,21.2,18.6,Arid,lentil
41.41136586995042,54.71025396534021,85.93571021126155,5.860897471881346,65.35428167690078,109.1591124577233,26.8,27.3,27.8,25.0,29.3,25.6,24.1,28.4,20.6,23.8,25.3,24.7,Red,blackgram
21.93390917415039,51.96044561009143,20.565546397437053,7.926635951305835,42.607222315568016,46.68682550009112,21.3,20.2,26.8,37.2,41.2,34.0,28.7,28.5,30.1,29.0,24.4,21.3,Arid,mungbean
19.854253827187488,41.1794266177565,17.495098879065,6.179197274682495,55.01679845276921,50.85698545460342,15.6,20.7,25.5,32.2,33.9,28.1,25.5,30.5,31.5,28.6,25.8,16.3,Arid,mothbeans
20.47018212626024,74.79612309212999,72.69716921521828,6.10745586850972,78.65302483577732,147.1449261511593,26.4,25.6,29.3,33.0,30.5,26.0,26.1,25.7,22.6,26.8,26.6,25.3,Red,pigeonpeas
19.126933733180902,61.83398354947442,89.76117059753602,6.078081501364138,71.42286490426417,75.5550582843104,27.6,26.6,28.0,32.5,32.9,26.3,25.1,25.1,25.8,24.8,23.7,24.3,Laterite,kidneybeans
22.569754805980885,79.05755378216647,78.14933279726876,6.088111224562113,19.568229483025764,82.79845970481003,14.8,22.6,26.3,29.7,30.6,32.1,31.7,27.0,30.3,30.6,25.7,17.4,Black,chickpea
97.51673640373855,43.195047755296216,22.304557259698047,6.159518159509177,57.02462876771192,152.21953863233117,27.4,26.6,26.0,29.4,29.3,26.9,24.4,22.6,24.7,23.8,21.7,22.2,Red,coffee
99.29013317271519,44.70521467407024,44.88041092197532,5.729985531560872,87.08502908499833,204.61774885498662,-0.3,4.5,7.0,10.9,15.3,15.3,14.4,16.1,9.3,10.2,9.2,2.5,Arid,rice
86.5495911855777,56.17148922544238,42.1754510849468,6.209175905816084,82.27983463042666,244.633051647032,18.1,19.3,25.7,32.1,38.0,31.0,31.3,30.7,29.8,30.7,23.3,17.9,Laterite,maize
62.14484795362158,62.39301663186124,47.599458603001516,8.63173361634894,80.60227167653422,252.51248938900827,17.3,23.0,26.4,32.9,36.2,30.9,32.5,28.1,28.3,29.9,24.0,17.5,Alluvial,jute
78.76242516143168,60.93583156625872,42.717180223433985,6.137351623252522,86.65348169150438,234.17958273580754,18.3,20.7,27.5,30.1,35.0,30.4,29.4,28.0,29.1,29.4,25.4,17.8,Red,cotton
17.4655092099797,33.649701076784865,10.264627638788353,5.39751075905875,85.98721879047903,102.05802889354806,19.8,22.8,24.8,34.5,40.8,34.2,32.2,33.2,31.8,26.2,25.4,13.6,Red,coconut
29.702711632826684,16.064578905922787,39.52906854351915,6.950115687974469,85.47680135108433,110.32039344201483,23.5,28.8,29.9,23.9,29.5,24.9,26.2,21.1,24.0,27.4,25.3,24.0,Forest,papaya
17.5413818293893,9.365381616534767,8.861435802902616,6.787720264346186,84.15838167395084,78.05357097184782,18.1,20.6,27.6,31.1,34.1,32.2,29.1,30.2,25.4,26.5,23.8,17.8,Laterite,orange
133.14798566439455,130.36159601425967,223.67568721172404,6.979526568856381,60.88997968730145,104.54053330202446,23.6,25.1,27.8,28.2,29.7,26.9,25.4,24.0,24.8,27.0,23.1,23.3,Forest,apple
98.76979683552206,18.128295902377012,53.03810290552522,5.171578998385074,20.956005644493068,48.03265458314099,16.9,22.4,28.7,31.9,36.7,30.5,27.2,29.1,27.7,26.9,22.5,19.9,Alluvial,muskmelon
96.86277009252294,16.963998528174713,45.320357783138576,6.378134396173301,27.225621416096907,51.045484608686294,17.3,22.6,28.7,35.8,35.9,35.3,28.2,32.4,26.7,24.1,27.4,19.3,Alluvial,watermelon
69.18222738160581,16.255057784542487,49.47624374585299,5.630705597667403,62.474050508714974,72.04641999926349,17.5,19.7,20.0,28.0,36.2,30.5,27.6,29.5,27.4,26.5,26.2,17.8,Alluvial,grapes
10.356469145219204,9.178072218979212,14.270144770828079,6.3385711034545995,52.68056227460337,154.4991741316563,19.6,22.6,27.9,35.6,35.8,32.5,31.0,30.4,32.6,28.0,26.0,18.7,Laterite,mango
93.91263931758807,90.6272632058294,50.53390369194916,5.846821728997968,76.36457113790884,88.17301120746698,18.4,21.7,29.2,31.5,33.6,31.2,29.2,29.2,27.1,28.3,21.5,15.8,Black,banana
20.670562669842276,19.17983554387294,45.106802944154566,6.171221877194055,21.281422873462684,75.30141150049292,25.8,27.6,27.6,30.9,26.5,25.3,28.6,26.1,25.0,25.7,25.2,24.2,Arid,pomegranate
18.05426071970462,78.73593135899482,88.64470262577527,5.674929392134792,18.698886983340774,109.28355602018853,0.6,2.0,5.5,8.7,13.1,16.0,15.6,15.4,11.9,13.1,5.4,5.6,Arid,lentil
42.70452696273193,64.18160627485462,77.07740675631955,5.825842760140351,67.84794769021708,91.88892159288227,15.0,20.4,27.4,34.3,35.3,31.7,27.7,28.5,28.4,25.0,22.4,17.2,Red,blackgram
21.649770436136503,47.99256045192895,21.16556926592309,6.4787880362117924,35.126419177993654,55.52156791363237,25.7,28.0,30.3,29.5,36.1,24.6,26.4,24.2,26.4,28.7,25.5,27.9,Black,mungbean
20.53257830961612,37.989614544046745,22.537580697710666,6.867871570286889,44.617182266712526,48.07994477652296,17.5,14.6,25.3,34.0,37.0,29.3,26.9,30.5,26.9,27.3,26.0,14.9,Black,mothbeans
17.282832519275736,63.32591989981406,83.40243097779927,6.713392655547956,68.45697365840917,158.31751087344182,18.2,20.8,25.6,33.7,34.7,30.2,28.9,26.5,29.6,28.5,25.0,18.3,Alluvial,pigeonpeas
17.9206880035547,65.52161387896305,80.25814212150442,4.834383379020496,67.93280585977921,73.33242427920091,15.2,22.0,26.5,33.3,36.7,35.5,28.2,28.2,30.4,26.3,23.1,18.4,Arid,kidneybeans
20.373124580570607,72.61831428481001,90.24809186160991,5.891467926296708,22.79792239252088,71.56001729219699,20.2,17.2,22.0,31.3,33.8,30.9,25.6,26.9,28.9,25.7,22.7,17.5,Forest,chickpea
96.34060650646205,42.20684185684513,19.907622455706367,7.0308971554497735,64.84705660639494,141.49055181555025,16.8,20.7,24.6,30.0,35.2,32.1,31.5,30.6,31.4,26.3,20.7,19.7,Black,coffee
101.44435404436992,36.602554395865056,38.61813494414563,6.699885923216909,93.48162062744616,213.2944321131027,18.5,20.6,25.8,27.7,31.8,28.9,28.6,30.3,29.9,26.4,21.2,15.9,Red,rice
75.65512607274026,61.70203688310448,44.80714344643658,6.3199924306282265,79.23797998591333,203.86519418748614,16.1,17.3,30.0,33.4,36.8,30.6,30.0,29.8,28.3,25.9,24.6,18.7,Red,maize
64.76004254421298,56.94488733859014,44.896045456564714,8.013810546152257,76.07150050092687,243.21882856372403,19.0,21.6,29.8,34.5,40.1,34.0,33.9,28.1,30.0,28.4,26.0,22.9,Alluvial,jute
75.91723445750615,50.45093252695708,33.93929359032756,7.212505053886541,76.48596947240468,251.14700986978116,21.6,26.4,25.3,28.0,27.1,21.9,20.1,25.3,23.8,23.8,23.6,25.3,Black,cotton
20.213494536745852,25.98823097984924,10.904342963683263,6.438724076356531,82.92542410634836,104.88477642088831,22.7,22.5,26.2,35.3,35.1,32.8,32.6,29.6,32.3,30.3,25.8,18.5,Red,coconut
27.81956740500151,15.639430921240283,35.644123153540264,6.1985557164793095,81.07454228964251,107.53948001114104,20.3,21.5,26.0,33.5,36.4,30.8,31.4,27.5,30.7,25.2,22.7,14.5,Alluvial,papaya
20.931950717129006,10.219613043727813,9.129268771695907,5.423439092085914,86.85216955539521,70.42668552008364,16.8,20.0,26.8,34.0,34.1,30.9,30.1,28.4,33.3,24.5,22.7,19.7,Black,orange
109.78512341545766,115.98366134620599,196.06325595677086,7.160888816181881,57.722056318706,91.15894361641563,1.4,6.3,7.6,14.1,14.5,17.6,13.3,20.1,14.7,9.1,7.6,6.0,Red,apple
113.68573455631956,17.405658513753067,51.53380561694837,6.2208935953689775,20.293213245371767,52.40453318542011,21.9,19.4,29.6,34.2,35.7,31.7,28.0,28.8,30.1,29.5,22.7,20.1,Red,muskmelon
91.13816730049508,15.543136444961373,49.04920316207324,6.997283466482632,27.238792341685546,49.097473310338614,28.0,24.2,32.8,31.2,27.5,26.1,21.9,22.1,27.8,26.8,27.9,24.6,Forest,watermelon
68.8608530613491,13.486059451496844,42.89619464020878,5.43949533987252,64.13836072795408,71.40791594751727,0.0,1.3,7.2,12.2,13.2,14.3,12.7,16.1,8.3,10.3,8.7,2.9,Laterite,grapes
10.18061709890933,9.043019827464745,14.907948459802423,6.036455433556392,59.9469291610209,170.99199736091276,3.1,4.8,5.4,10.2,16.1,16.6,15.8,15.2,12.4,8.0,7.2,-1.0,Laterite,mango
103.4468640751901,73.47875644155506,53.179449288288325,5.984243330805653,76.69770838172414,112.07951370968736,14.8,19.5,22.9,29.9,31.9,28.4,25.3,26.2,27.3,22.4,20.6,20.5,Arid,banana
17.348474398501047,21.41123897595734,45.33975486227013,6.722054853872807,21.04802579480181,70.00004820969656,26.5,25.7,27.4,29.4,27.8,24.0,22.6,22.4,26.9,22.9,26.6,25.5,Black,pomegranate
22.376034435714086,70.64377084609694,76.768651978129,6.682648244652491,21.708875568256815,100.8072230990768,22.3,23.7,34.1,30.1,27.9,22.9,27.1,26.4,24.2,26.1,24.9,23.4,Black,lentil
40.68220683929832,67.72659014953854,72.48405395580421,7.023464424005479,65.69532366667129,97.19651665420325,27.0,26.9,28.1,32.0,32.6,25.5,27.6,26.8,27.5,30.0,27.7,28.4,Black,blackgram
20.23449921607678,52.50736347244984,22.387847053883554,7.56489306311034,43.93927544515266,47.33930444462409,15.5,18.7,24.0,30.2,31.4,31.5,29.1,29.5,26.7,26.5,23.9,16.2,Laterite,mungbean
19.9521633267147,41.90805753464336,21.42175035910269,5.777360439092429,43.700994642265975,46.24108645215327,1.3,6.0,11.6,8.3,14.8,14.1,9.5,11.0,10.6,10.6,4.3,6.0,Alluvial,mothbeans
18.575791136134896,73.18211589302751,72.9465456134779,5.297390959587254,65.32016145954061,131.45852955050668,2.7,3.7,7.5,13.7,12.0,11.2,19.5,15.2,11.1,6.4,7.4,4.0,Forest,pigeonpeas
19.658102094260574,75.04901740055573,80.15678312616512,5.721205336347953,70.60275713044865,78.53960782393612,19.9,19.6,23.0,30.8,39.0,35.8,32.0,31.7,31.5,29.8,25.8,22.3,Forest,kidneybeans
21.479939660493066,70.9537861796188,84.24594352139677,4.77156940172248,19.415887535028524,75.76691036706207,1.0,4.2,5.9,13.6,17.5,19.0,16.0,15.2,11.5,10.9,6.2,5.0,Alluvial,chickpea
103.6276143142657,44.990727668081504,18.68223364664574,7.398411089626027,60.23187231074483,155.4803362725875,28.3,25.2,26.0,31.9,29.3,28.3,22.5,21.6,28.8,23.8,23.5,23.1,Red,coffee
91.55925462162648,41.76590318006183,40.12826273098194,6.18281393808603,73.53116010304495,210.7029540818645,28.0,28.5,27.3,30.7,30.5,25.7,27.2,19.6,26.1,28.0,26.0,23.3,Arid,rice
80.0837400643749,56.06207972950976,39.63918809959409,6.714892316613798,81.68985492885709,209.25884294854967,27.2,29.7,27.4,30.3,27.4,31.1,22.2,26.6,21.3,28.5,23.8,27.0,Arid,maize
59.72541726837743,57.11826262407921,49.35813715123624,8.187348764791256,84.61731542310851,277.1336447561238,16.8,21.7,30.4,34.1,33.7,33.6,29.8,28.9,29.7,26.5,26.9,15.3,Forest,jute
67.352346300919,50.33927382194815,34.847604338216605,7.643989185365777,88.5577688434138,249.8921579364408,28.4,24.3,27.7,30.7,28.7,22.3,25.3,22.2,25.5,22.4,23.6,23.3,Black,cotton
17.885761028033205,32.258533411640286,8.817189200232761,5.749698471010552,82.5980733104348,88.0566295835915,4.9,4.1,10.6,10.2,17.1,16.2,17.3,15.7,16.8,9.2,3.7,0.2,Alluvial,coconut
33.043759685042694,13.284079541180372,38.096633839484326,7.187324065101133,96.41545474378826,113.06566082077501,20.5,21.4,28.7,32.1,37.7,30.7,31.2,31.8,29.9,30.7,25.4,20.0,Black,papaya
21.459718254131523,10.152277034329204,10.14451577369793,6.950797319535485,81.12874020206883,85.73827200567112,25.1,23.3,27.5,28.8,30.1,28.9,24.7,23.4,26.4,22.7,24.1,27.9,Forest,orange
122.38383673077797,120.4270491835083,220.86358731476574,6.443589136050458,52.37402902448038,90.23421622700675,16.4,24.3,26.8,36.5,33.5,34.1,30.6,29.9,27.3,27.6,22.2,18.8,Laterite,apple
110.16388630804192,22.3507924047216,47.08197597826469,6.091879616101199,18.416817966817916,44.121270519003915,18.3,18.2,24.3,30.6,35.9,30.3,26.3,30.5,30.7,25.3,20.2,19.9,Black,muskmelon
113.40283796032888,14.899553357621356,46.49914873225272,6.6571284904319095,26.201172317754697,53.28548838294073,17.2,19.4,28.0,33.0,36.0,30.2,29.8,30.6,30.9,26.5,22.6,14.8,Forest,watermelon
65.96632451266159,17.04739091366449,43.64083085433052,6.2904343362392305,61.64318549329467,61.58152151970579,19.8,20.9,24.9,32.7,38.0,33.7,28.8,32.3,31.9,24.6,24.7,16.4,Arid,grapes
9.5649178823785,11.256302343414287,14.828840037856535,6.592580254033101,57.082077197733156,144.87790667169048,19.1,20.2,28.9,34.5,33.4,31.0,28.0,30.3,32.9,24.9,21.8,20.5,Forest,mango
95.21315622921598,71.29807001580565,49.55602311763078,6.730164354764571,80.11656768877201,88.10800601174027,19.7,16.4,28.6,30.9,34.0,31.5,30.7,27.7,28.8,24.7,22.8,16.8,Laterite,banana
18.07837871412505,21.389891689051556,43.488293758226476,6.503804245032843,17.392808789339313,65.57077968262773,17.7,21.6,27.2,34.4,34.7,35.8,29.6,29.7,31.0,24.5,25.2,17.9,Forest,pomegranate
22.79524545504988,72.39365206532958,85.35790421672944,6.577539449405003,19.548720757161917,93.9469449996319,27.1,26.0,27.0,31.6,31.1,27.0,26.4,21.8,26.5,26.4,26.3,26.5,Forest,lentil
41.625573311244295,63.772787513145865,79.46279373074589,6.745378711036508,57.03898347718153,113.40986636253653,22.5,23.7,26.3,30.6,29.8,25.6,24.5,23.6,25.5,23.7,27.0,24.9,Laterite,blackgram
19.285220135858744,56.81521471419765,19.23595310106032,6.734256054537495,36.350160543281916,44.260533581575956,-2.0,3.2,8.3,9.3,12.4,17.5,11.4,15.1,14.4,7.9,5.1,1.7,Black,mungbean
20.280415558588587,42.200900551722434,20.39329506718371,7.235165350738947,49.28954939929122,53.32047979589735,26.0,24.3,25.4,30.8,29.7,17.8,23.0,18.2,26.6,23.4,21.5,22.1,Laterite,mothbeans
22.547004207196146,69.80641596220873,79.63369498579175,5.464970313668147,70.56749665777089,139.66051062684537,15.6,14.8,24.4,31.3,34.6,30.4,28.2,28.8,30.8,31.0,21.1,18.7,Laterite,pigeonpeas
22.06463081150385,71.48589022661382,85.75987017033044,6.015311397995298,62.494404771374775,78.76112869438532,22.6,20.7,31.6,32.5,38.1,37.0,29.5,30.7,30.2,25.3,26.8,17.6,Red,kidneybeans
20.450368186818896,78.21884174341093,80.41038686913694,4.924733855745145,21.688107143412832,84.00895299811907,28.2,24.7,26.8,30.1,27.5,25.3,21.0,25.3,20.3,24.9,22.5,23.3,Forest,chickpea
97.15842628190231,42.326551163749414,20.757033335120312,7.1615873495392774,59.24976589976999,161.55387863418662,17.2,16.8,25.2,33.4,36.8,29.4,30.2,27.2,29.7,24.9,26.0,19.3,Arid,coffee
102.55063436148478,44.33012905807953,41.025500149787256,6.908784728629398,83.74898705135936,179.36295822337127,27.3,29.1,30.4,31.0,32.8,25.9,24.8,23.4,25.1,28.2,26.7,27.5,Alluvial,rice
81.47552830083322,58.62427291063337,40.52282263552591,7.054507235012793,89.92789850891266,199.15024096815077,0.0,6.2,9.3,12.6,17.0,16.6,15.7,12.8,14.5,13.0,4.6,3.1,Red,maize
64.89472026559712,61.570893740210465,49.27795709683593,7.889490274891879,77.3155647859783,279.8077460521701,23.1,24.7,28.5,27.4,28.9,22.3,24.4,19.2,22.3,22.2,21.0,21.6,Forest,jute
72.51047909454606,59.05387594233267,34.14856535407964,7.333742601239462,79.15466894657642,217.75148164371177,23.4,26.5,28.4,28.8,34.0,27.7,26.6,20.5,24.8,27.0,18.8,25.1,Red,cotton
19.184146046883377,27.04478819601461,10.01819047814063,6.17114596475264,86.6621317584904,91.04151200832365,15.2,18.7,27.7,33.4,31.8,30.4,26.0,27.9,29.8,24.9,22.3,16.5,Forest,coconut
28.9879288736834,12.937800935917267,33.4248071205917,7.379320366305696,96.72192262858853,106.08293900302887,28.4,28.1,32.0,28.6,30.0,26.1,21.0,23.9,26.9,23.0,25.7,23.8,Laterite,papaya
19.00671384203147,11.36122726297974,11.270910960479268,6.122878547684222,80.28062289528533,78.96174115830286,16.9,19.4,25.6,29.8,32.4,33.9,29.1,27.9,31.0,28.5,21.4,15.7,Forest,orange
110.8821493330772,138.91448511870672,199.38403432243248,5.980983160361267,55.45170885680249,101.22910505969769,16.4,20.1,24.2,27.3,30.0,30.3,29.2,30.7,22.8,24.6,22.2,20.5,Black,apple
86.69305292928149,19.705677099207985,52.1651963011141,6.193518103412275,22.614914780430368,45.3623495141609,20.4,22.8,26.1,37.0,36.9,33.7,25.8,31.1,31.8,26.2,27.4,17.6,Black,muskmelon
104.98828304422054,14.819293187317504,53.11095873818924,6.846054174016597,25.929076614303398,46.32605338611946,24.9,22.0,29.0,29.7,27.9,23.8,27.5,25.7,24.3,24.4,26.2,27.6,Arid,watermelon
71.70334916042269,13.209560694013819,45.73642986352906,6.011331681318881,71.68441381807783,69.2403070427095,19.6,23.6,26.5,33.0,36.2,36.9,28.5,31.5,29.4,27.6,27.6,16.8,Arid,grapes
11.247759768054832,10.733208750964604,13.373185966922156,6.8189707604433725,65.1800237858865,146.06350509257928,19.7,22.4,24.6,35.0,35.9,36.1,29.0,33.2,30.6,28.1,26.3,14.2,Forest,mango
95.27737013738584,86.6300184879013,48.68147189354539,5.765806378804484,77.79504145779482,96.96886090677303,0.2,5.9,8.0,12.7,12.7,14.6,12.8,14.7,14.3,9.5,2.7,2.3,Black,banana
19.357962707230442,19.14699628614742,39.69550723886327,5.507642896016735,19.60544512360439,70.33722299891052,23.8,29.7,29.7,31.7,33.1,25.9,26.1,24.8,24.3,23.6,26.2,26.4,Black,pomegranate
17.661818673305063,69.47464573459045,84.56644096561072,6.176174227203936,17.581779774776752,101.79856413114395,0.2,7.6,9.0,14.1,15.2,17.0,17.9,15.1,14.2,8.4,4.7,5.8,Forest,lentil
40.37986512795961,54.744006466456476,74.51330280467322,7.3706055019732055,52.66398957904031,110.66686247636592,-1.0,3.4,3.8,11.7,16.6,19.0,12.9,14.9,11.8,12.5,3.8,6.0,Forest,blackgram
21.493868087624172,55.748418294606104,18.108984522259522,6.075374975015572,34.697065382556474,49.33974544658526,3.9,4.6,6.1,12.8,15.1,16.5,13.4,14.6,12.2,7.2,7.4,-1.3,Alluvial,mungbean
21.75346214231878,45.591488682508995,19.34569249107461,6.246839137328025,45.53408256326557,53.2120264449652,19.8,23.1,26.9,33.6,39.5,34.9,31.7,28.6,33.3,32.6,24.5,17.9,Black,mothbeans
21.873002792394015,76.32304944128738,72.33172789860616,5.772520212519334,79.16289168770525,151.8158384841311,18.2,21.5,30.7,29.5,38.3,31.9,31.1,32.7,31.5,24.2,22.4,18.6,Alluvial,pigeonpeas
17.66577893126544,69.59800294978926,75.2076521690171,5.68864487687683,58.38324308668967,81.38248211205106,15.5,17.8,26.2,27.3,35.7,34.0,26.2,27.8,31.0,26.7,23.3,17.3,Laterite,kidneybeans
19.798080643915476,62.032137843296525,89.81306850452505,6.1065396241326,20.646089344545558,70.73181893995917,23.5,26.3,25.5,28.3,32.6,23.7,22.4,24.0,24.7,21.2,21.0,25.1,Forest,chickpea
105.04634116123175,35.10187470113923,17.494910652054333,5.634177158102911,62.179827182963464,154.11249523643698,24.0,28.9,30.5,30.8,29.0,21.0,25.2,21.4,26.7,23.3,24.3,23.9,Forest,coffee
84.3184426257154,43.112094801614305,42.431585181036496,7.03808306259484,71.65113379467128,227.21183362109994,17.7,22.9,25.2,32.4,34.7,28.2,30.2,30.4,28.8,25.8,24.6,14.7,Alluvial,rice
74.97688273856363,62.08081446828032,40.96426917620238,6.212227148520408,72.52267819107826,253.85823022992614,20.6,23.7,29.3,26.2,29.5,22.4,22.6,23.2,21.0,22.1,22.3,24.3,Alluvial,maize
52.00334978222866,62.616945518466736,38.274093878900175,7.360999480538423,73.4069980447213,252.3604647603766,19.0,19.8,27.8,35.9,36.0,35.4,27.0,28.0,28.8,25.9,23.7,18.7,Alluvial,jute
73.22201513286993,60.8456749601171,41.098385624606706,7.811087607608693,84.9129919742498,235.17965344368073,26.7,26.6,23.9,32.5,29.4,28.8,23.1,25.0,24.1,23.5,27.4,27.0,Forest,cotton
21.109634463508364,32.839332379146775,8.946000614350188,6.643073243865752,90.33829720981427,96.79820133945275,18.4,22.2,23.5,35.0,36.6,33.2,26.2,27.4,29.6,24.8,25.4,17.4,Red,coconut
32.64105725155414,13.732808371619232,37.120490458937184,7.580371089639431,89.62041412963431,108.2513957908258,16.3,24.8,28.6,33.4,41.4,35.1,32.6,31.4,30.6,29.1,21.2,16.5,Laterite,papaya
19.696506706323298,11.059696809842878,8.892506777521943,6.750612019191051,82.02716860208612,78.05150379231549,2.2,4.7,2.8,11.7,7.3,15.8,13.1,10.9,9.9,8.7,4.2,5.0,Laterite,orange
117.02790973521121,112.52693382535911,212.94798659547462,7.405978116342954,66.25762490437045,91.51769109504494,17.3,19.1,28.8,35.7,37.0,35.3,30.9,30.2,29.3,24.2,29.0,19.2,Laterite,apple
111.80139260687807,17.449968288278747,53.87211426264699,6.091285525030134,22.360579077490918,45.957062831816295,19.0,21.1,29.3,37.4,37.8,33.5,29.0,27.1,33.7,26.0,23.5,16.7,Alluvial,muskmelon
100.38341401650537,16.738132330318603,51.61298083390113,7.120167967910423,21.533818349379207,51.68269341143484,16.5,17.9,26.3,32.1,32.2,31.6,24.3,30.1,31.6,25.7,23.2,20.7,Alluvial,watermelon
75.0045972628497,15.596451352988682,41.177755811722086,6.369194022117461,56.42244835434668,78.38116614218754,18.8,17.4,26.8,35.3,32.8,33.3,30.9,27.7,30.6,25.3,24.9,19.1,Laterite,grapes
8.946153148149296,9.678167278827086,14.61275988183698,5.8257437932144205,68.38506241924173,167.2912113344843,18.6,21.8,24.4,31.5,33.6,30.4,26.1,24.8,25.4,24.9,21.0,16.1,Forest,mango
92.51732940396619,91.13274826914734,43.734944723765736,6.130582032232374,71.9916636660132,101.95650825385736,1.7,-0.4,8.4,10.3,13.2,16.7,12.3,12.4,14.6,13.3,11.3,1.7,Black,banana
18.901745680567068,17.52489736434021,40.543302648028074,5.491478138451912,18.90354051997168,76.05861487642487,15.1,18.4,26.8,33.6,36.9,30.7,29.1,27.1,26.5,24.3,23.5,18.4,Forest,pomegranate
18.79596448569149,68.75470585260729,71.5783528344182,7.398170577298975,20.38987629641143,107.0163265880441,13.3,18.7,21.7,35.2,32.0,32.9,29.0,25.2,24.3,21.2,23.2,16.1,Alluvial,lentil
37.758195627877235,62.42559722514885,74.77654747452762,6.054463848581847,62.299151548365636,98.56968777555277,0.5,-1.3,5.5,6.7,16.2,14.5,16.6,12.3,13.9,10.5,5.6,4.4,Red,blackgram
19.323804022063392,46.775845416844035,22.028534935587736,7.311156430716303,43.55798992360136,50.27587080974486,15.0,19.6,30.0,34.9,36.0,32.3,33.9,28.4,26.6,28.8,26.7,22.3,Laterite,mungbean
17.65818683947828,38.65976677310429,19.430732122862437,6.611974254320803,44.042766677623796,51.467226245061916,15.0,18.5,25.9,30.5,35.5,32.2,35.2,27.6,28.7,25.1,21.6,13.8,Red,mothbeans
20.212530461140993,63.92751591002843,86.25133107861001,6.684958352882459,73.54655634590847,160.87352713835006,20.3,20.2,25.7,32.7,34.1,31.8,30.5,26.5,29.2,26.8,21.4,20.0,Red,pigeonpeas
18.638200956069944,78.25611397472892,70.7565316017307,6.0465545047805955,59.25732034812123,81.09063248461437,25.2,26.3,23.9,28.6,30.1,23.3,21.4,20.6,21.1,24.9,22.1,20.2,Forest,kidneybeans
22.49918406770986,77.08813145727056,79.44393337239477,5.258046576947144,18.6685208147856,73.97844258644963,16.8,20.6,27.4,31.6,33.7,34.8,29.4,32.4,28.9,29.5,22.3,20.6,Red,chickpea
107.30022183902584,42.82359567585132,17.504678117513816,6.106459965250322,52.21148974548571,135.24610927796056,19.9,21.2,27.7,29.9,39.1,32.1,30.3,28.1,31.0,26.3,25.7,20.8,Forest,coffee
101.67113082344488,37.73412873219924,39.6573880286448,7.386754085494203,85.96395688231686,218.24617652352774,0.1,1.5,7.2,11.0,16.6,18.5,15.0,12.3,9.7,7.7,8.6,1.0,Forest,rice
82.23600443200407,52.527835100677436,38.560298162800436,7.111759245213483,86.70183447348259,245.38169730775888,15.7,21.2,29.8,31.5,32.6,33.1,31.8,27.2,32.4,26.7,22.7,17.5,Alluvial,maize
64.48033848587745,61.35763700854507,40.474109558030726,7.755764359655323,78.46568918763502,287.96491191292614,22.7,20.4,29.3,31.7,35.8,36.4,30.1,32.0,32.8,24.7,25.3,18.5,Red,jute
70.13160122254742,63.627610125440924,37.24015603521628,7.933542919089381,69.50408580564168,265.63621340604243,17.6,21.7,23.5,32.1,32.6,32.5,26.2,27.5,27.5,25.4,20.0,19.7,Black,cotton
18.036694876986413,26.191658911200847,10.399887280016651,6.790490129713256,82.22745084692366,108.96414458842068,0.0,3.8,5.4,10.6,10.9,10.3,12.0,9.8,10.0,7.4,5.4,6.0,Laterite,coconut
29.057452674494023,16.660982087924967,38.79555268103659,7.618555059434798,78.2431382333903,114.57678934489965,13.8,19.5,26.0,31.5,33.3,32.0,26.5,28.5,29.7,25.6,23.9,14.9,Arid,papaya
20.9930876782669,10.014871891547443,10.73718632632743,6.696983880100888,82.60137780920593,77.66574032082724,15.0,24.6,28.2,34.4,34.2,33.4,29.7,32.1,30.6,25.1,24.5,18.5,Arid,orange
116.15897341230331,121.82316175060032,213.70614110584089,5.813145394825356,56.188502308533366,111.9771279777857,16.0,20.8,26.4,29.3,35.3,28.5,29.1,30.2,29.5,26.5,23.2,16.7,Alluvial,apple
98.43813014776471,19.2375912274724,56.47191094515903,6.690171781947705,21.096972730224262,56.41781993842334,-0.7,5.9,8.5,13.8,14.3,14.1,14.7,18.2,11.7,9.2,8.1,2.9,Arid,muskmelon
91.38947139801607,13.013644931072758,48.179382293947334,6.620846732355476,28.459660239958207,45.65701884494763,24.2,25.1,32.3,27.0,27.1,23.8,25.6,24.4,25.3,26.2,22.8,25.4,Black,watermelon
70.89506974318874,14.685448966051158,43.459530011360435,5.266882777544396,68.76135223682702,68.32921118464516,27.3,26.2,29.3,27.6,29.4,25.0,25.5,22.6,26.0,26.2,27.0,27.8,Alluvial,grapes
10.519970979399716,9.262190086631131,14.020152927169615,6.68658568510973,57.04326672394786,159.04919224840543,23.4,25.1,26.9,26.6,26.1,24.4,19.8,24.7,22.6,21.7,25.1,28.3,Red,mango
91.09809637742036,85.00141263393503,49.34477337559836,6.369405601820251,72.2147014279249,106.91035855956703,17.6,18.9,25.9,31.9,34.6,30.8,31.9,26.4,30.3,27.9,24.3,18.1,Alluvial,banana
17.634334345993313,19.26706512395627,38.67102933170634,5.27761223889798,21.363073762442454,64.43611663771931,18.3,17.6,30.8,31.2,34.7,33.3,28.4,28.4,29.9,28.3,22.7,18.2,Arid,pomegranate
17.44390569889091,71.24973391278614,69.76966646827414,6.1244260894765965,17.624699538540682,107.48061837079081,22.4,26.5,30.9,27.9,23.8,27.3,23.9,23.8,23.8,22.5,24.0,23.0,Arid,lentil
38.12244898447767,62.990346788777856,78.2684660518726,5.69547245066023,65.9667455170403,94.66818180112814,17.1,21.8,28.6,31.8,36.6,28.8,31.8,29.4,26.4,28.5,21.9,18.5,Forest,blackgram
22.37302696371583,48.74523602366602,20.47208313620842,6.6750623052636024,34.79082321537726,52.20958198750721,16.6,18.9,28.7,34.0,37.8,33.3,31.8,30.1,32.6,28.5,24.3,16.1,Forest,mungbean
18.99994563843285,40.51091906797132,22.06017587230603,6.221539815608722,52.49014164134411,44.7139181218776,19.0,21.3,27.8,31.6,35.9,30.8,30.0,29.1,28.6,23.3,22.8,16.8,Laterite,mothbeans
19.045767689120577,78.15168258681575,85.16323254674269,6.108775415940311,65.26329769356325,155.64409437775848,17.4,21.2,28.9,33.2,36.5,32.1,29.5,30.5,30.7,25.9,25.3,12.1,Laterite,pigeonpeas
17.82324565136326,79.40304598282327,77.68435336576117,6.062274179733567,68.5644085717416,81.71435977956405,25.1,26.4,28.7,27.8,29.7,24.4,24.5,24.4,28.1,25.9,26.1,25.2,Arid,kidneybeans
21.430514890419676,73.73057418737804,76.53414713811895,4.89004994927972,21.207699012383323,73.5249785052172,23.4,23.8,27.5,23.5,29.5,22.1,21.8,20.6,25.6,27.3,21.3,25.8,Arid,chickpea
112.04674903717533,34.76337093629817,21.261622726060374,6.341683067862059,61.43375935488461,139.9607485448827,14.7,19.9,23.1,29.7,29.9,30.7,28.6,30.2,28.7,27.4,23.1,13.1,Laterite,coffee
82.54508016318368,44.62000955415753,45.9936484651974,6.307983571376104,72.3001614292258,184.68168545660038,25.0,27.7,27.5,29.7,30.3,26.5,20.8,23.4,24.6,29.9,22.7,25.0,Alluvial,rice
76.91598395432901,50.14837779653213,35.834832566447346,6.592492889187669,88.78659587107856,238.41210566634376,26.2,26.2,30.4,29.7,28.1,22.6,22.5,21.6,21.3,24.9,29.3,24.1,Red,maize
51.815361825471506,54.908739116647844,44.063578768805606,6.882349484621052,74.72752013827,272.08068407037183,18.6,25.3,28.1,33.5,35.8,28.4,28.6,31.0,30.1,24.8,25.8,14.8,Black,jute
80.12240550803509,58.68665932909028,32.80412945158262,6.824701467994954,85.5325679610415,260.4964787694853,19.3,20.2,29.7,34.1,35.3,32.6,30.3,29.2,28.3,27.1,26.5,17.7,Forest,cotton
17.396129537630515,33.37613261007577,10.494637374549619,6.229131841561953,97.19460512148588,88.53932621393733,19.4,22.3,28.4,35.7,37.0,36.4,35.2,35.2,32.4,27.8,24.2,20.9,Black,coconut
27.586932362315142,15.360654138056981,38.11180860920076,6.510210002937397,100.01012133598509,98.76849078302136,4.9,6.0,6.1,10.8,18.5,18.8,15.0,17.7,12.7,11.4,8.9,2.1,Forest,papaya
21.081638043802066,9.512628289595407,8.797628709451917,7.0577426591266725,82.99262532358871,86.35652087045531,18.4,22.1,29.6,36.5,38.6,33.4,25.9,30.7,30.0,27.9,24.9,15.9,Arid,orange
115.26836722740828,134.30800538524085,224.15558423966786,6.725786763991571,61.62697559878337,112.77800031212743,27.2,24.8,28.4,30.3,26.3,23.9,24.4,25.3,26.5,24.1,26.3,24.8,Red,apple
113.62135998061997,17.49341157741107,47.45835109138598,5.781905697030391,21.165412389790852,52.68340092604904,0.4,3.0,2.9,12.6,17.3,14.9,16.3,12.2,11.5,10.3,7.9,1.7,Arid,muskmelon
110.12139845802619,16.187805072409255,47.57388001577628,7.073278387375866,27.910075392929823,55.348841050201095,22.9,27.5,29.2,31.4,32.0,26.5,22.7,24.1,26.5,27.3,25.3,23.9,Arid,watermelon
72.70936983510059,14.450578682670262,50.005229217816606,5.964359494029885,61.459866794439904,74.29829238871102,12.6,19.1,28.5,30.9,34.5,32.0,26.9,29.7,28.8,23.7,22.5,15.1,Black,grapes
10.926445357043342,9.725681570405499,17.055882913915376,5.475050473753985,58.825743248134906,138.86468996807096,15.4,18.3,25.5,34.2,32.6,29.7,26.9,28.0,31.1,23.7,22.7,18.1,Arid,mango
105.74669161591692,89.33082109360127,48.663969483202415,5.750163374177129,78.70692483529895,91.90163726219211,4.5,3.3,11.3,10.1,16.2,17.0,16.1,10.8,14.0,8.8,2.9,7.0,Arid,banana
20.44338490442349,21.22104240471135,40.28180869318021,5.279674534606713,19.000791080494334,66.02007829227847,14.9,22.1,25.8,32.3,35.7,31.1,30.9,27.1,34.0,28.2,20.0,14.7,Arid,pomegranate
17.886847937688955,75.9466286640326,76.37689799602126,5.813400798878271,22.581911573515754,89.630868953236,-0.9,2.5,4.6,14.2,14.5,16.8,15.5,11.6,12.8,10.5,7.4,2.1,Forest,lentil
38.77656433910914,67.84973237144207,69.13765139251427,5.592111145865847,66.43066860792248,97.27512769436245,18.1,20.4,23.4,35.7,35.7,32.5,30.6,28.8,29.3,29.2,22.8,17.6,Red,blackgram
21.574551052368037,45.55619355653945,21.359737533949797,6.9229563566785,41.57632776722646,55.02886961894225,26.8,24.6,33.3,29.4,26.3,26.8,25.6,24.5,22.8,24.2,26.2,27.7,Arid,mungbean
17.476720161935674,43.012319925781966,21.83807450007503,7.218950528863501,48.090575506237336,48.89091797676103,18.9,23.8,26.0,38.0,38.3,32.6,26.2,30.7,30.7,24.4,23.8,18.0,Forest,mothbeans
22.54848921745949,65.5231410343126,70.97409253858966,6.19881500960017,64.3538442602656,148.22722899368713,27.7,26.8,28.8,27.2,29.3,24.6,21.6,21.2,27.9,22.7,26.6,25.3,Alluvial,pigeonpeas
19.141736027534044,68.05000001250782,83.95599435408829,5.800440295134381,57.925997141426,86.0781142240786,15.4,20.3,26.7,31.1,38.7,30.0,28.2,29.7,32.5,29.5,24.6,15.3,Forest,kidneybeans
22.595877464822753,74.03761972776284,81.96709681649966,5.1851674431793064,17.67342546073521,80.00698966529605,24.7,23.3,28.6,28.6,24.4,21.1,25.2,24.7,21.0,24.4,25.5,24.3,Forest,chickpea
107.19794790562243,37.679039419198304,20.578425306216225,7.022614955309594,51.87869982846854,144.19972704996852,13.9,17.7,25.8,33.9,31.5,33.1,28.0,27.4,30.6,27.7,20.9,17.4,Alluvial,coffee
101.31179560763714,41.43034401179346,47.899475889518285,5.8783632493006275,82.65894669800295,202.18814320443593,21.6,23.5,25.4,34.2,38.0,33.9,32.1,31.9,30.3,27.9,25.0,21.0,Black,rice
86.12069271564916,55.47196522460937,46.35949211157937,7.25445262531146,72.92853026552994,217.9007695345104,22.3,29.7,29.3,30.7,29.7,27.7,23.8,21.8,24.4,25.5,23.7,25.9,Arid,maize
62.0274934658594,58.63676037314078,40.14787341824695,7.934567962179673,89.56312717937277,230.19606474140312,27.6,26.0,26.4,25.4,28.3,23.5,22.3,23.6,27.7,27.7,27.4,24.0,Alluvial,jute
67.74105425485625,63.97870354982066,38.8591922261029,6.545523844114367,77.689785904987,215.31805741388183,21.1,18.9,25.7,31.9,37.1,34.5,27.1,25.4,27.4,27.3,26.3,17.0,Forest,cotton
21.836288008572296,27.848776852451564,8.958892348486172,5.940404039381418,82.6011002545611,87.9773485556143,24.1,22.6,24.8,24.9,28.2,26.1,22.0,24.5,22.1,22.3,23.4,21.3,Alluvial,coconut
29.482849184326547,14.117050446268298,38.66752952914161,6.0646832375460615,85.13335961223842,125.4767994342778,2.7,0.2,6.4,14.7,14.9,14.0,16.0,14.1,14.7,11.2,7.9,7.7,Black,papaya
17.442669457629474,10.128433398867394,10.180649011962952,7.058343019578393,77.88391784971519,84.26820953474727,17.2,23.7,28.4,37.4,38.4,38.1,28.8,31.4,32.9,28.4,27.6,18.4,Forest,orange
119.60380643836788,115.80223953031728,200.70646203532928,6.192097121904352,66.7671743458654,93.00526256141642,18.5,19.9,25.9,35.5,34.6,33.3,29.7,26.7,30.3,24.3,25.9,15.7,Laterite,apple
89.99934832151808,21.822541638288264,43.115236578922804,5.29521049781013,19.570473442674555,49.06656447886314,16.8,21.1,28.5,34.1,34.5,33.2,34.7,34.7,30.6,27.1,26.7,16.4,Laterite,muskmelon
105.40818546330499,15.711921657102888,43.54587595590141,7.258130674489472,24.89707402428317,48.67753522993256,18.3,19.4,28.6,32.2,33.9,33.6,25.9,27.7,28.7,25.7,24.5,19.3,Arid,watermelon
74.53903245136743,13.785467445610648,50.50039416726561,6.526108248991285,61.589238797547885,74.71237164496162,22.9,25.9,26.9,28.7,26.4,25.1,22.0,22.3,20.5,20.2,21.0,27.4,Arid,grapes
10.48824639888424,10.816751594138328,14.75905507573064,5.785519031934556,55.63673132782883,132.15799610069098,17.8,20.6,30.8,34.4,35.6,32.4,31.3,32.0,29.8,31.1,23.2,18.0,Black,mango
110.8715126040401,77.45328226809222,48.151522725421856,5.636417953267272,87.37990719307271,92.93831623485453,20.5,29.9,25.9,29.6,29.4,25.3,23.0,22.8,21.8,24.5,24.2,26.6,Arid,banana
19.658047811060374,22.592085680724363,40.75970717169258,5.846895139880017,19.153709752862657,65.30185005959243,15.2,19.3,30.4,31.6,36.5,33.0,31.1,27.6,26.3,29.7,25.4,20.4,Alluvial,pomegranate
18.907774041113203,66.47744184161033,76.73876014534335,6.892337225072463,20.48909475251603,94.18197960429072,3.6,0.4,1.2,11.8,10.0,15.0,11.2,11.9,15.6,5.1,6.1,3.3,Forest,lentil
37.087481070800635,53.92549911200231,90.49933582697376,5.604304399216967,56.56475700888293,87.65887668040324,16.9,20.3,26.5,31.8,31.6,30.1,28.5,32.9,27.1,27.0,22.5,13.4,Black,blackgram
22.154504276253526,44.407550626566845,22.76946648346493,6.560032917178838,38.903481419556336,49.29073134288655,27.3,27.2,30.0,29.0,33.5,28.4,23.9,22.2,23.0,29.2,26.1,25.1,Laterite,mungbean
19.647668781917588,40.03674207973005,20.949530893470172,6.69171783020847,47.498380996485835,53.582547827333336,22.5,26.3,28.7,25.5,25.9,25.0,22.2,22.8,25.9,25.4,27.9,24.3,Alluvial,mothbeans
17.32128484374754,64.59540001058,71.04104149316441,6.116213149268374,76.69722431946948,170.1487760199689,17.8,23.5,29.0,33.9,37.0,36.4,30.5,33.4,32.2,27.0,25.0,16.3,Forest,pigeonpeas
22.61734308587183,75.16480086081981,75.51109949588634,5.610675712308976,60.52175652363485,83.28604385094528,18.3,21.7,25.1,33.6,37.8,33.2,24.9,28.2,28.4,26.5,23.5,18.6,Alluvial,kidneybeans
18.026698639091894,66.6949232425875,90.59851094898266,4.8304166204499195,18.736624228852705,73.57786258923912,14.8,19.9,25.2,31.6,35.4,27.0,32.5,28.7,29.6,24.5,22.4,17.2,Forest,chickpea
111.3341140333088,45.48303158159209,20.679615049334494,6.197523278835412,61.11923402093818,155.3774378986549,18.4,19.6,24.2,33.9,33.9,26.9,26.1,30.5,26.3,26.7,22.4,14.8,Arid,coffee
79.45758361897417,46.67706109823839,44.06865061852305,6.889321013332431,88.80009466379991,216.74808516298742,23.5,27.3,27.3,28.8,26.0,25.7,22.9,24.7,26.3,24.3,24.4,23.1,Alluvial,rice
84.10944415507656,55.91450442343928,40.90991733368075,7.629448212154631,82.77331054069388,237.20020758524024,26.2,21.1,23.0,29.1,28.2,25.2,21.3,23.5,20.8,24.8,24.9,21.5,Red,maize
62.82894606454802,56.30249949666593,38.473202375246366,7.335254103364537,86.41218075650767,248.54359181583632,16.2,20.8,24.5,32.8,34.8,33.0,29.6,33.6,28.7,29.0,25.6,17.1,Alluvial,jute
83.11775665952582,53.3387864604966,38.101910171590376,6.47427634353578,81.64278231473686,271.86249289962586,22.3,27.6,25.4,28.2,27.3,23.9,22.2,24.4,22.2,22.7,21.4,22.2,Black,cotton
18.26673724024158,27.48265270262853,11.358761031820253,6.006732253378379,79.05622151089678,92.87640103262858,14.5,22.4,27.2,33.3,33.4,32.9,28.9,28.9,29.4,26.4,24.6,17.4,Laterite,coconut
27.615926789278976,16.07157814897542,36.9201261225277,6.300401954666997,101.57628603400252,123.3262202046182,18.7,20.0,29.9,29.4,33.5,32.7,27.2,28.6,30.0,27.8,23.1,20.5,Red,papaya
21.59644509620778,9.040808956805925,10.604975323359564,6.773646146271281,77.17923798343841,91.47360979528499,22.5,25.3,26.8,29.9,25.8,25.9,24.1,20.9,23.5,25.8,27.7,23.2,Black,orange
118.13041807268576,118.52825756234415,198.85139243482732,5.844905739276274,58.432132897426115,113.16550210961036,17.4,20.1,27.9,33.9,38.2,35.7,27.8,29.2,28.4,26.0,22.0,15.9,Forest,apple
108.0834960287923,18.523191939199677,49.521205609658004,5.187861329839133,18.61702400384375,50.78684373176961,18.7,20.0,23.0,30.2,36.8,29.8,28.8,30.2,31.2,24.1,21.5,19.1,Forest,muskmelon
109.22232242211716,14.321489409421913,56.64372118556044,5.970007281117041,28.47152368793271,48.91213638748194,24.5,25.6,28.1,26.7,28.3,31.7,24.3,23.0,24.7,25.8,22.5,23.3,Red,watermelon
70.42710729067501,14.728479422887272,43.16030985592832,6.365419396313799,71.4478522097711,78.37886081841336,25.4,27.4,28.6,31.2,29.4,22.5,21.7,26.1,26.5,29.1,23.6,27.9,Laterite,grapes
9.350181019263546,10.48725784470844,13.462170719749423,6.462540930625066,62.95079956397949,151.54457200907018,0.9,2.5,7.2,12.9,15.9,18.2,16.1,16.7,13.1,8.6,5.6,4.5,Alluvial,mango
106.611053953571,81.20657393278518,45.182673822109166,5.7250426392171825,71.4232679720514,91.31747807139709,18.2,22.5,27.0,33.0,32.0,29.6,28.2,30.6,27.9,24.6,21.8,18.8,Red,banana
21.151507239725532,21.23142020551071,38.806319739993185,5.483588943817276,19.465996468370808,72.3105144467229,20.6,23.8,27.8,35.5,36.6,34.2,34.9,31.5,30.5,28.2,23.8,19.6,Forest,pomegranate
19.449126438918384,79.7793806017472,73.79086473402842,5.949503767501718,22.46538035623189,91.63498918409074,24.9,23.8,31.6,28.2,30.8,26.1,24.7,23.0,24.3,24.8,27.2,26.3,Red,lentil
43.70340703627364,58.959469538542756,81.88983448727839,6.567198597732879,65.67328894471694,87.47889732715622,17.3,18.3,26.9,29.0,33.5,32.5,32.1,29.0,33.9,30.3,20.8,19.1,Laterite,blackgram
17.888005008468266,50.41970960567529,21.045075992370748,7.171298462981499,36.8777923030748,51.747923950948326,22.4,22.4,20.9,32.1,27.4,24.3,23.6,22.1,27.1,24.5,21.2,24.3,Black,mungbean
22.470059845706487,43.64973188468886,18.2190325507672,7.360400320366176,53.209595893780595,47.84533676744883,15.4,23.5,23.2,29.5,36.2,32.4,29.7,27.1,28.1,23.2,23.9,21.4,Alluvial,mothbeans
22.649232755832898,63.59091942004755,86.75056305266281,5.445245865548321,64.11655365240503,151.14442305950178,19.7,20.7,27.9,34.2,35.7,32.0,29.5,30.6,30.9,24.2,25.8,19.8,Laterite,pigeonpeas
19.295752198145067,73.09681758193808,80.16342518202256,5.029854853550442,59.89608544095455,78.34838639938822,20.3,21.4,27.6,36.2,37.6,32.2,30.8,32.1,33.5,27.9,27.9,19.8,Laterite,kidneybeans
19.85272634403628,79.5292448569543,83.80892069453795,5.1296981357316636,17.989379983530753,83.34788389798896,4.1,-0.3,5.6,9.9,13.1,13.4,17.4,11.6,11.9,10.3,7.8,3.7,Black,chickpea
107.60664970900874,34.76623263362958,22.704279857586933,5.940075822359435,64.35866113498375,132.77311270994173,19.3,19.2,30.3,38.2,34.1,35.3,28.5,29.3,32.0,28.2,25.5,20.8,Arid,coffee
101.23140462795541,39.07353731653762,41.720422307008725,6.313131374295306,93.08676093233272,226.9916081458511,17.1,20.4,29.5,35.7,37.6,37.7,31.8,31.4,29.6,28.0,23.5,19.2,Forest,rice
80.8509704209729,64.68405449987169,42.0114555105798,6.768264669125205,71.83432527398364,230.48217374439056,18.0,20.2,24.1,28.8,30.6,32.6,29.6,28.7,27.3,29.3,19.8,19.2,Arid,maize
63.94707679268136,55.243898505312174,44.29119667284873,7.120697215784342,87.40463548526702,298.5434699459479,21.2,27.0,29.8,32.9,30.4,25.0,21.9,25.5,25.9,28.4,25.8,25.0,Laterite,jute
85.04708371056199,52.95007873025415,39.025975400189836,7.708826674528579,86.19099262435908,215.52403943162145,16.5,21.0,24.5,33.4,36.6,31.1,29.4,28.0,32.9,28.6,23.5,17.7,Black,cotton
22.776721475591266,27.789759851429633,8.638468098536228,5.867976122173133,84.16068188317848,104.4235424595437,17.3,21.1,28.6,32.0,37.5,34.7,28.4,31.2,30.6,28.4,25.0,13.8,Laterite,coconut
32.003780618359926,16.82436404148768,32.34722188549625,6.446199295726806,85.23797843451564,101.82287017755044,-2.1,0.5,6.7,10.0,14.9,16.0,13.8,12.9,10.2,8.4,4.0,7.1,Alluvial,papaya
18.08489897391222,10.58095444257258,11.180286156575301,7.1358570895171285,75.96324983815865,75.03460508714093,17.2,20.1,29.9,28.7,35.6,31.3,29.7,29.9,30.6,26.5,23.2,19.4,Red,orange
110.7394671496463,129.2839092060695,203.04402350686718,6.824379067625255,61.507418083862994,91.08731450977085,3.7,6.0,5.9,9.0,12.8,14.1,13.4,13.2,11.1,7.5,6.3,3.8,Laterite,apple
92.43371223383159,17.961799053579263,49.98723652167093,6.4485399036850755,17.90128294998063,46.43415600831812,21.1,18.7,27.0,33.3,38.8,36.4,34.4,28.7,28.7,29.0,26.4,16.4,Alluvial,muskmelon
92.75984200804426,15.064951469961212,51.89459134301969,5.705586558723442,23.38944549455827,45.66638815832385,17.4,21.7,25.9,30.9,34.4,33.2,28.5,29.9,32.8,27.1,22.6,16.2,Alluvial,watermelon
64.8608274402989,16.557859136873436,43.07881982663992,6.0481316390107285,62.55005591310681,62.59049797800152,14.5,19.8,26.1,31.9,33.0,30.5,29.3,29.6,30.6,26.2,26.3,15.9,Laterite,grapes
10.161117364672059,10.235483464655907,15.030678683083856,5.813353458785871,53.851987051174135,164.84970546832156,27.6,25.3,30.0,28.7,27.4,21.8,22.5,26.3,25.5,26.4,22.7,25.0,Arid,mango
88.63471742121628,84.15176619927193,49.067031765735706,5.614462152878868,86.15120596388338,112.7376584020523,20.5,20.9,27.8,32.7,35.9,35.6,29.2,31.3,30.4,24.1,24.9,17.2,Laterite,banana
19.080325305506012,18.660775621351938,35.226917272014305,5.740156153640105,20.85389947284055,63.698511808779976,18.0,19.8,27.9,34.6,38.5,30.4,26.8,30.6,28.6,23.8,20.8,19.2,Red,pomegranate
21.788324727291773,79.1794729358871,78.13307436651614,7.062400694091423,17.959970491418733,105.7025015407288,17.2,22.3,26.9,31.9,36.0,28.8,29.4,30.5,23.5,24.8,22.9,16.6,Forest,lentil
37.14536751283637,66.70383320734842,71.39363345871863,5.665975555558771,60.454602521956865,112.6508397257277,16.4,23.3,25.8,29.1,35.9,32.7,30.4,26.5,31.9,29.4,25.0,16.1,Arid,blackgram
17.715739859823522,44.69792671162038,17.39535627430277,7.443601620135691,37.35530966252497,43.26015227650377,17.3,19.2,28.1,30.4,34.6,27.0,27.5,28.8,22.0,22.6,26.2,17.5,Laterite,mungbean
22.79338966678832,42.47645291637403,21.28131458782434,7.012293444643867,46.0564585404121,43.3737762064067,24.3,27.0,28.1,27.0,29.3,25.4,23.4,24.2,24.0,26.3,20.2,21.0,Arid,mothbeans
21.447562066379575,62.54717797278671,81.6859255650279,5.514482655629768,68.65453073133195,158.41872330411044,16.9,23.8,27.6,34.6,37.6,33.7,31.4,29.1,33.4,26.8,22.8,20.1,Laterite,pigeonpeas
18.017075009283882,71.49397371939801,84.98323718882865,5.5992654817333865,58.31708093685551,89.87761517891032,2.2,2.4,3.8,11.6,15.0,15.2,9.9,12.8,12.7,10.6,2.0,3.6,Forest,kidneybeans
18.09921119032072,67.68455887721579,80.06623137565984,5.096206804790078,22.24208451122232,73.0139275059227,19.5,17.7,27.0,37.5,37.6,37.1,32.7,34.1,34.4,27.8,26.5,17.3,Arid,chickpea
98.06812842904256,38.94573512729833,19.186465266966014,6.131751772292345,53.028343567971206,151.92545212324123,25.8,27.5,28.9,28.8,28.9,26.2,23.3,24.5,25.5,24.7,25.1,24.0,Forest,coffee
82.81779245385148,44.26209163237177,45.17504723784756,6.051000444581411,88.57504412386972,194.7462175794673,16.7,26.6,27.4,34.7,36.6,35.0,29.2,32.5,28.9,28.1,23.6,19.3,Red,rice
96.15490760709409,56.84914911430895,42.87184977009602,6.696126872845768,90.7593594825473,220.18406998687436,29.1,25.7,28.7,33.7,31.2,23.4,25.8,25.7,28.7,25.9,23.9,25.9,Laterite,maize
63.115393568894085,54.369208514665196,41.720122946950625,6.780460772992758,78.74704445000444,292.2792533530161,26.3,26.5,30.0,26.9,25.5,26.1,21.5,25.2,22.5,25.4,23.2,24.2,Arid,jute
71.03566764982821,60.54300191202816,36.36474343338755,7.633239649803864,71.33378410941489,256.1241587169048,1.7,3.1,8.8,10.8,10.9,17.1,15.8,19.7,13.5,7.1,3.8,5.4,Alluvial,cotton
18.17325986227314,26.55690675061012,9.576821658554701,6.580206515622552,83.05107009610829,102.95462346011361,19.6,17.6,24.1,29.3,33.5,29.8,28.4,26.1,26.4,29.2,22.4,14.6,Black,coconut
33.196843434485935,14.172866656628917,31.965006224847876,6.3618863220023645,90.60783228503746,105.24668211520066,20.7,21.5,29.5,35.9,36.4,33.1,30.5,29.3,31.5,24.8,28.1,16.8,Black,papaya
17.94649301771636,10.551587807614089,9.380373602154785,6.670327422700738,80.69292941567673,88.28470281115248,15.7,23.7,24.0,31.5,31.0,33.9,27.7,30.8,32.8,31.7,22.3,15.9,Alluvial,orange
104.56765004835782,108.74121241294698,216.50666124949774,6.320743092116406,59.81425851076302,94.25016357283495,0.5,2.5,9.7,10.1,18.4,19.3,16.8,15.3,14.0,12.7,6.4,7.7,Black,apple
109.27095716832345,22.38792083350774,43.005677910961325,5.523242108200484,19.15671625173705,43.310452585151424,19.1,20.1,22.3,33.1,36.2,30.0,26.6,27.8,26.0,25.7,25.7,18.0,Laterite,muskmelon
86.35046600002379,15.481109032591455,44.20394766137666,6.192044965993588,27.28916673581677,47.00120535403649,14.9,20.7,27.9,29.2,33.2,31.9,28.7,31.0,27.6,24.0,23.4,21.3,Alluvial,watermelon
66.17516128462759,13.76774610016535,47.03588346453851,6.047468286625676,73.99723662769802,75.50261396092574,23.5,28.3,26.4,27.9,26.4,23.6,24.8,27.1,25.2,27.2,26.1,24.4,Arid,grapes
10.682549975984406,9.692383868829067,14.740722590975833,5.916743087394492,60.318914560229274,135.13273017741344,18.2,22.4,32.4,32.5,34.2,30.7,27.4,28.3,28.4,28.2,24.1,17.6,Laterite,mango
93.84292816753882,77.13662401738132,50.81402936819565,5.410217202960913,70.7924419815078,111.05094104276874,16.2,20.0,27.2,35.9,35.2,36.3,27.6,30.5,29.9,29.2,26.8,19.2,Black,banana
22.644504541124128,19.28766852367572,39.011707617802344,6.32206563033154,19.24943713825176,68.44274539399889,30.0,26.5,28.2,30.2,31.1,25.1,28.2,22.4,25.4,29.1,27.1,25.9,Red,pomegranate
22.433345997274895,72.03126082651792,69.644298810628,6.52505036804439,21.40405801230205,93.2469649051836,21.2,24.6,29.7,33.9,36.4,34.4,31.2,29.9,25.0,27.7,25.1,18.8,Black,lentil
35.77757736427604,67.00598708410436,90.34583091877934,7.242115506746902,52.122324530294776,102.27447317419949,18.1,22.6,26.8,34.2,34.9,31.1,32.5,28.8,28.4,28.5,26.6,20.8,Forest,blackgram
19.7239740522656,52.96407648002789,17.341808502030357,6.8766576591884006,35.18183698487823,47.059078217166174,18.0,22.4,28.8,32.4,33.9,33.9,28.3,29.5,27.2,27.6,27.7,17.0,Arid,mungbean
21.292199972905518,42.78713752503592,19.646753236122567,6.892247210118287,47.36680478326138,45.78466577920943,29.5,26.4,29.9,29.4,32.5,25.4,25.4,27.3,28.3,28.4,27.0,27.5,Red,mothbeans
22.1880574653388,60.218211318533946,90.49076171040315,6.348933082350064,74.80123503470028,130.11570150283458,30.3,26.6,26.7,31.0,28.7,26.7,25.0,25.7,27.6,25.3,26.3,21.9,Alluvial,pigeonpeas
17.623733661545657,70.14199252019311,89.31346210274953,5.027484476295674,57.99025435937348,83.147760835362,-1.0,0.5,7.8,11.3,15.6,15.6,21.4,17.0,10.2,10.9,6.0,3.0,Red,kidneybeans
22.143415672979543,73.13830398147068,70.65736384920037,5.116607357638215,18.191122060196093,73.88234780392425,17.8,23.3,26.9,33.9,38.6,34.4,31.6,31.7,29.4,30.1,26.5,20.1,Black,chickpea
94.14993040969041,41.321916466255686,17.94566787796316,6.453112665315793,64.74291359621546,148.60121346006525,26.4,26.8,24.6,30.0,26.9,26.8,24.3,21.6,28.1,27.8,26.7,24.9,Arid,coffee
95.39000865274888,45.97552436767001,42.14919615702133,6.796103009690356,81.96535208689605,202.07513171030445,18.9,19.6,24.8,32.2,40.2,31.2,29.5,30.7,30.5,30.2,25.9,21.1,Red,rice
93.60280762609275,62.50058283142846,36.96928309628917,6.284503247143029,88.47489575656446,238.14758384366704,28.2,25.7,32.6,29.4,29.7,25.0,24.3,25.8,25.1,25.3,28.8,26.0,Forest,maize
61.852405117509186,52.246460710298045,43.03908823851928,6.855333381780825,86.5414879684428,234.82032233935692,15.7,19.8,29.3,33.4,33.8,28.0,29.1,29.4,28.9,24.1,21.2,16.1,Red,jute
83.44425789923034,58.45075747211257,36.60523043822461,7.395220082946476,80.39236206249295,221.2480404592151,18.9,17.5,29.8,29.7,37.7,34.1,30.8,28.3,25.3,29.9,24.2,21.6,Arid,cotton
17.435595610505843,29.48995233421326,10.539927900465415,6.591425169356995,83.18584151180856,93.84496851982415,20.8,19.5,29.2,32.1,39.6,33.4,30.4,31.0,27.6,26.2,25.3,21.3,Black,coconut
29.345390070465985,15.510927961745349,35.215773743059316,7.187182256786065,85.94663314786759,99.0086862074136,26.5,28.0,29.2,27.3,35.0,23.5,25.0,25.6,29.9,27.5,28.7,27.2,Forest,papaya
19.83070975405681,8.627628136585503,10.602494190491921,6.3400475860446734,71.26584988560907,75.45120035860445,17.1,19.6,24.9,31.4,32.6,32.9,28.8,31.5,29.7,24.2,26.0,15.8,Forest,orange
109.92774336249938,120.1603585740266,217.7085231183272,7.007422155549326,62.040572824655726,99.00605965131078,15.7,21.4,23.7,33.9,38.3,34.6,27.1,30.6,26.7,25.1,27.2,19.0,Alluvial,apple
111.5937961667127,18.498070453424557,56.59814408084196,5.996643129734203,19.376528081710344,53.548192737809686,17.7,20.0,28.7,36.0,35.5,35.2,28.2,30.2,35.5,28.2,22.8,17.5,Laterite,muskmelon
109.8178079839337,13.0125421846058,48.80902631165064,6.665235298619381,24.691841403820064,43.15998296899991,17.6,17.6,23.4,30.0,32.1,30.2,29.4,29.7,28.3,20.3,19.8,17.0,Arid,watermelon
76.44448636500283,13.308211518885601,43.63775180966767,5.8203489132673205,70.80102580739435,78.8040366692214,19.4,20.6,23.1,32.4,35.1,32.0,27.6,30.4,27.5,27.6,21.0,18.1,Laterite,grapes
8.758748552368715,8.637788773394366,14.755019437846345,6.380349163081652,52.173816951518425,143.39994896722575,16.6,22.9,26.9,35.9,41.1,30.5,27.7,32.5,30.9,26.1,25.4,19.9,Red,mango
109.05420387685652,82.55763020816785,52.56418151780888,5.5343825070700206,81.97532698861663,87.25783494091695,14.9,19.6,28.2,33.2,37.8,32.9,31.3,31.5,25.7,25.7,20.1,19.8,Alluvial,banana
19.792155595332716,20.434556024631174,41.577137656144544,5.273751098510695,21.018623807655324,67.22396497380862,21.8,21.5,27.2,34.6,37.2,37.5,31.4,33.5,34.2,26.7,23.5,17.2,Alluvial,pomegranate
21.403864020357886,61.10189102934004,74.9072277812683,5.714018340494624,21.010765419427756,90.13139903733503,28.7,25.3,28.8,30.9,28.8,25.8,21.6,27.3,27.9,22.3,25.8,24.2,Alluvial,lentil
39.532014448728845,62.86053190103649,86.50994950880434,6.938236141271729,57.0374717761814,99.80414054411484,2.3,-0.9,2.9,8.3,15.5,17.6,16.8,16.5,11.0,8.4,5.7,2.6,Red,blackgram
18.442659654835193,46.78038379348161,20.618752034177703,7.681754130056426,35.10680579100901,54.877918674149484,18.0,20.1,24.5,31.9,35.4,31.7,29.8,27.4,26.2,26.3,21.5,18.6,Alluvial,mungbean
19.864523903339805,41.45357379133431,20.700773616025465,5.642102043529735,48.48460176172582,52.14228875835993,25.7,26.4,29.0,21.8,28.3,24.3,20.3,20.2,26.3,25.5,23.1,27.5,Arid,mothbeans
18.799611277809444,65.68960187452227,81.69060112051599,5.331433880220511,63.47655655092412,152.77770081193313,18.6,21.9,24.8,34.7,39.6,31.8,29.5,32.2,29.6,31.1,19.2,23.1,Alluvial,pigeonpeas
17.834928312327207,70.40939308947043,72.98291422043724,5.285835666581053,69.90435848691259,81.63536351990831,17.7,20.6,26.4,30.2,38.8,33.9,29.5,26.8,30.2,28.4,19.3,19.7,Forest,kidneybeans
20.36025923170445,70.29560067886212,80.46569745552185,4.942412362358477,19.1836504433869,72.95758568454501,17.9,21.6,28.0,33.9,33.5,30.3,30.3,27.0,29.1,23.3,23.8,15.0,Red,chickpea
106.70282011001984,42.53508815680333,17.760175047287184,6.359897543731491,61.21301914642621,169.66095315788206,24.5,28.2,31.1,31.7,33.7,25.9,22.2,28.1,26.9,25.2,26.5,23.6,Arid,coffee
96.11154263478701,41.51102030241103,43.6536938761844,5.865286815320861,74.71161526440937,199.69757838154118,19.9,20.9,26.0,39.1,33.5,35.4,28.3,30.9,28.3,26.3,25.3,18.3,Black,rice
96.8831509083525,64.61145893827586,44.89275878690435,6.79526473353728,86.58422643216929,242.1887528618147,19.4,20.2,27.8,33.9,36.8,27.5,25.3,26.4,29.2,24.3,23.9,17.5,Alluvial,maize
54.10124824605001,51.330671262409304,49.11503170908192,7.93783392631093,73.4719056302097,296.04597287933626,14.6,20.7,26.0,36.1,34.2,31.1,26.8,29.0,29.2,25.7,26.3,17.4,Red,jute
82.7279449376626,63.714674056570736,40.99425818746702,7.076739962440529,80.48969871665129,254.9374459193389,2.3,0.2,5.0,10.5,15.7,13.2,13.5,17.7,9.7,8.5,5.8,3.9,Laterite,cotton
19.789286276460093,33.01262857116921,9.670278514446224,6.521141450334863,78.42133662555733,109.40021926578395,26.3,27.1,33.4,34.8,28.5,27.2,26.9,21.6,22.6,22.5,30.0,27.0,Forest,coconut
27.93080305388414,16.257027394278584,35.83821001725879,6.892399490517877,85.74603762211554,118.6797192297162,15.5,25.6,28.7,33.6,36.2,32.0,32.7,30.9,34.1,27.2,26.7,18.2,Forest,papaya
22.044475863245957,9.559482298240985,10.212610425969736,5.946473513351165,76.60072881090613,82.3659968553228,25.2,26.0,28.9,27.6,25.1,26.9,21.9,21.5,25.2,26.2,23.0,24.4,Black,orange
117.37832363229003,114.08558011139705,183.4296711497182,5.921347696056059,57.44562992372571,103.64567436256125,19.3,19.2,30.0,33.7,37.2,37.8,28.1,30.1,30.9,28.8,25.5,18.8,Forest,apple
99.7844694553536,19.066747757073717,49.197597938205355,6.522001961803286,17.293705242708292,54.71688391589555,12.9,19.1,27.5,33.5,36.3,31.8,30.1,32.1,27.7,27.2,26.9,20.4,Red,muskmelon
107.48673444662147,16.53074302748904,50.63190192774869,6.328454139810207,24.523018491620103,47.17065463154751,20.9,22.5,27.5,37.3,36.8,34.6,29.5,28.7,29.4,31.1,24.2,19.3,Forest,watermelon
63.83997707858049,13.205981884356307,49.70894757603132,5.9627413810165155,73.67326324518955,74.37329846823377,16.3,19.4,26.9,30.6,30.7,35.0,27.5,31.0,29.8,28.3,22.6,20.6,Arid,grapes
10.413375946480503,10.245319593586785,14.031770975811153,5.487863596903857,55.70282400380791,138.00738005826898,19.2,18.3,32.7,31.1,35.9,33.6,30.9,33.4,34.3,24.3,26.5,19.9,Alluvial,mango
97.71840572979018,76.22558973887004,49.5228276343132,6.793877690767648,80.79247307812501,109.28009806238333,18.2,16.9,27.0,34.6,37.8,35.4,31.3,33.8,31.9,27.8,23.9,18.4,Forest,banana
18.06361920776057,21.36375541068363,36.02108107943332,6.079443449679652,18.58917373849534,68.86229674469034,19.2,20.3,27.5,31.5,36.1,30.9,26.2,29.9,31.1,26.3,24.5,17.9,Red,pomegranate
21.619742368552764,75.64248852472144,83.69906595866006,5.941556831863759,19.80747872954617,107.36209548865374,18.2,17.5,27.2,29.9,30.5,33.7,28.4,28.3,27.3,22.6,24.6,18.7,Alluvial,lentil
44.30482247565455,56.6307423631323,70.88392768294791,6.814880221423651,56.9406633662583,110.26499342542617,2.0,1.2,4.6,11.1,14.3,15.1,9.1,17.6,13.1,7.9,5.2,0.9,Red,blackgram
20.267161142437736,43.38496793698908,18.744223649455922,7.218326906757968,40.28155282527777,55.201139010957014,2.0,3.2,7.3,11.4,12.6,18.8,15.9,20.4,15.8,13.0,10.8,3.5,Red,mungbean
19.19083177174899,38.62804382120415,17.572892310924875,7.10269480150311,46.176280710740045,52.689568524666484,29.8,29.3,29.5,32.2,29.7,27.9,17.4,23.5,25.5,28.0,26.0,23.9,Black,mothbeans
20.479689174301548,62.72874727918532,76.24146507627128,6.007263191130701,66.00606377466052,163.17579339898214,13.1,22.3,27.2,32.0,35.7,32.1,32.3,33.2,28.2,23.4,24.2,19.2,Arid,pigeonpeas
20.748076968831487,68.00098555602753,90.42718471706797,6.114919367899132,58.962196738901774,81.19775492958806,19.9,19.4,22.4,33.1,38.0,34.7,32.0,29.8,27.7,27.2,25.4,20.1,Black,kidneybeans
21.983419668185043,79.66947723696997,75.25032564386659,6.137413831370877,22.32843932512365,82.37885545211188,15.4,20.3,24.8,35.4,36.0,31.9,28.6,30.4,29.4,24.6,23.7,16.1,Black,chickpea
93.18505736457585,35.04164904144566,19.668915136728696,5.75033880976417,53.397515835792085,166.88950580065793,15.9,19.9,29.2,25.3,29.8,35.2,28.6,26.5,31.0,26.6,21.4,17.8,Forest,coffee
82.40898916995813,47.18924016308491,37.50743950080737,5.855735535164472,76.0493534676512,189.76022919105492,19.9,21.9,27.0,34.6,34.7,33.8,32.2,31.4,27.4,31.3,24.6,14.0,Red,rice
74.5914325221734,58.86783766016872,37.32324640027078,7.8508520559760715,74.99571440187161,212.14159669221587,14.1,18.1,26.0,33.1,29.5,31.4,30.7,27.9,28.0,22.1,21.9,22.7,Forest,maize
64.1055054204706,59.96637330607245,42.52600708688743,6.987660766395053,78.87980795119996,256.49594470742085,15.7,21.6,26.9,36.0,37.4,34.7,33.3,32.8,26.8,29.2,22.9,19.4,Arid,jute
81.1698348035985,52.61949556076814,36.49284586180129,7.426379079249126,70.52836717152775,269.4720613109325,15.4,21.8,26.3,36.0,35.4,36.8,32.6,30.6,32.7,30.7,23.9,19.2,Forest,cotton
18.163016056482128,30.06330287545248,10.479396594191986,5.454481828418961,77.08483801133893,91.0469635202412,-1.3,3.9,3.7,12.9,12.8,16.7,11.2,13.2,12.2,9.6,5.6,4.5,Black,coconut
28.308688869569348,14.83599047503129,34.264706038910155,7.6569093027199395,98.39047830795717,123.93280602954921,1.7,7.4,6.4,10.6,15.2,16.0,17.4,9.3,13.0,9.0,7.8,4.5,Forest,papaya
19.997091533266026,8.605535233263485,9.63312476869248,6.287787580071821,77.33459871476681,72.48394540601419,25.3,26.3,30.0,32.0,32.9,29.8,22.9,24.4,25.6,25.9,26.3,25.5,Black,orange
134.65919374843656,120.6095111540706,193.48335270287785,7.4030953890096125,56.167496161163704,87.88059719302568,26.9,29.9,31.3,33.7,28.4,24.1,24.4,22.6,22.9,28.8,29.2,25.8,Forest,apple
98.08584692677643,22.457979594353432,54.531586811076046,5.738185023987994,18.774424198588903,43.70483054997341,18.4,19.6,30.2,31.5,35.6,29.9,29.8,28.4,28.3,24.5,22.5,15.9,Forest,muskmelon
94.29501345946505,14.03819884566706,43.72514830100767,7.40520793931044,26.6575088696723,56.39165377280173,17.2,23.6,29.6,33.8,38.0,34.1,28.9,35.4,31.7,30.0,22.6,17.1,Laterite,watermelon
61.458124109158554,13.01508144797136,45.661300662291794,6.028388579780325,63.884949530241485,64.67081804882973,27.7,28.6,30.7,28.1,32.3,24.8,22.5,28.6,25.0,28.6,23.1,25.6,Laterite,grapes
10.043757800247592,11.120027244736201,14.605863407331295,6.514325794579466,59.87930782304441,132.50807984689018,17.3,21.3,23.7,34.5,35.6,34.9,29.6,29.7,25.5,25.7,26.6,16.8,Laterite,mango
103.62678562654554,76.46124024156866,49.375498607165966,5.918126565248526,79.67914742034097,104.37780574723061,18.6,19.9,24.5,33.2,32.6,29.5,25.0,28.2,30.1,22.7,22.2,20.3,Alluvial,banana
21.958256045586936,18.507565237205494,41.13549580735995,6.2536100018459475,18.117826346070338,69.9991323799763,18.0,22.3,27.2,30.6,38.4,28.8,30.4,31.3,29.7,27.5,18.9,17.9,Red,pomegranate
17.37102763154647,78.22910975015975,85.12509508585546,6.7571328664936665,19.28934805605506,110.25368376390927,19.2,23.1,22.4,28.5,28.7,26.4,23.2,18.1,25.5,23.0,18.9,22.6,Arid,lentil
41.09872457811591,53.769863996580746,75.0123971767054,5.849658033080582,52.54920478662177,90.07632943634468,20.8,24.9,26.1,34.7,37.1,33.9,26.7,29.1,31.9,31.6,25.3,16.4,Forest,blackgram
18.959589992585265,47.954461793978716,19.052547505732555,7.520571823237082,44.956541906843995,52.04061969357339,19.8,17.1,26.4,30.4,36.3,31.0,25.7,26.6,30.4,29.1,24.2,16.2,Alluvial,mungbean
20.844743903279053,40.05951701796387,19.344260266102843,5.957439460850544,47.63016843061914,43.427278379442534,16.4,20.4,27.9,35.7,35.9,34.4,30.2,24.6,34.2,29.3,24.8,22.5,Arid,mothbeans
20.442925675152512,77.0607812790537,81.21894491011217,6.295406716557303,78.55195219226094,157.24213948210442,18.1,20.4,29.6,32.2,34.1,30.6,30.8,32.4,29.1,25.2,24.8,20.0,Black,pigeonpeas
20.44164133356957,78.10075690465395,72.65334862915279,5.040737396993375,66.19680209846354,79.62752112062725,17.5,16.8,26.6,26.4,34.4,30.7,28.8,29.4,29.1,26.2,23.2,18.0,Alluvial,kidneybeans
17.79982870648625,61.88726053946818,78.26081860255509,5.954718978507736,20.017353015956097,87.21439957619555,17.5,21.3,26.3,34.7,38.2,33.7,31.8,33.0,34.6,24.4,27.2,15.7,Arid,chickpea
101.9030951031376,39.05936208746133,17.773413712355065,7.344453304218181,56.57541465495603,154.4752720150419,23.1,23.5,27.7,28.2,26.3,22.9,21.9,24.7,26.1,23.1,22.0,23.0,Forest,coffee
98.81862885063671,40.81374943270425,46.40732566444766,6.532251541730794,79.01070922008412,223.48264174595212,27.1,25.7,32.0,26.4,29.9,23.1,29.3,23.4,24.2,28.1,25.9,24.9,Alluvial,rice
95.87833981604963,57.701032497718906,45.36015605999106,7.616105303819535,75.16254525668644,210.28938221116348,28.2,27.5,26.1,28.9,28.8,27.3,22.4,25.9,23.1,26.7,26.3,23.9,Alluvial,maize
52.646591722446864,56.04441395916942,46.390170652692646,6.980306380773935,74.7093080436072,282.2583320860863,15.5,16.8,24.6,33.9,35.4,31.9,29.0,30.1,28.5,25.1,23.2,18.1,Alluvial,jute
81.95338025632395,58.36395035323852,37.54372889200951,6.580295885381068,87.58688896564311,270.94301764486556,17.9,21.7,29.5,32.2,40.8,37.5,32.4,28.5,30.8,22.4,24.9,18.6,Black,cotton
21.05978060844912,30.53484969769063,10.86911663139048,6.769423417409648,82.83916749788257,100.49072970396502,18.9,21.7,29.0,35.6,34.8,33.3,34.4,34.4,28.6,28.6,23.7,17.8,Black,coconut
33.962934308592445,15.735822800564245,31.708887837912215,7.462105781025119,91.33041158450318,114.58633403696918,22.4,26.2,26.4,24.1,31.2,29.2,25.1,27.5,27.7,27.5,26.4,24.8,Alluvial,papaya
17.31428946183569,8.928667800636523,10.81086346460959,6.593723502404368,74.7621843495599,78.84882167747247,16.6,16.9,29.4,34.2,37.9,34.3,30.9,33.5,33.6,26.2,25.9,15.6,Laterite,orange
109.30051935992233,114.0511767662066,181.84860464478413,6.554807813496284,57.591959594467006,98.60045549549392,21.3,18.9,27.2,29.4,33.9,29.2,27.4,31.5,28.1,25.1,24.6,14.0,Black,apple
105.67864452816167,21.339143199906758,53.67345619187209,6.236281523354589,17.80726760942629,48.51777612295788,23.4,26.5,27.6,29.9,29.4,25.1,24.7,22.0,23.6,24.0,25.3,26.8,Arid,muskmelon
96.42797190529167,16.076182664651476,47.78656636238362,7.111122268926472,24.140661759654847,47.85052001917921,25.3,25.5,28.6,29.4,27.4,21.3,23.0,25.1,21.1,22.3,18.9,27.8,Red,watermelon
67.93923381328567,14.226941216047646,45.14386940640093,6.429696209602555,73.88368891457773,72.11834047716899,-0.2,0.7,6.1,12.0,17.0,11.2,12.7,15.9,10.7,10.0,6.7,2.0,Alluvial,grapes
10.994696351785077,11.05419122585728,14.934351105270666,6.425869646297466,56.361051690922146,140.84231751296645,25.2,27.6,27.9,34.6,27.7,27.6,27.4,23.5,26.1,29.3,21.3,27.7,Forest,mango
97.23601693761228,91.10511713514695,54.53850545337945,5.762984371836053,76.0740671826126,94.50711854943987,15.9,18.7,23.3,30.8,35.1,31.1,29.6,29.2,27.4,26.8,23.5,16.4,Forest,banana
18.573970148802633,18.307429866486903,39.197888797348874,6.067240361314264,22.5277194805498,69.89628824566432,18.2,20.2,27.0,33.5,36.1,31.6,30.1,27.8,30.8,29.9,23.3,21.7,Arid,pomegranate
19.230706235272436,72.89065711380397,77.73319906870618,6.196291427393892,19.365742757735013,104.7500671267688,17.3,19.4,24.8,31.1,35.7,32.9,31.3,32.7,27.8,25.8,22.7,18.9,Forest,lentil
43.40882130119175,66.21441921704672,86.23249873584766,6.166813274201065,60.09799217049468,92.24905313709937,25.2,26.3,28.6,29.8,27.3,23.8,20.9,26.3,28.0,24.8,24.2,24.3,Black,blackgram
18.565127651046343,47.80666132744914,21.674033777205022,6.721579880109884,38.735974912717154,54.36234136315312,15.7,18.7,27.3,29.3,32.5,28.1,28.2,29.9,26.3,25.2,25.5,12.7,Alluvial,mungbean
22.494880197891902,42.400147040661935,22.269846737943226,6.126544017096606,48.422208500380734,44.53062871474852,24.1,29.3,26.2,32.0,29.2,23.1,24.6,26.2,22.0,25.1,26.8,26.8,Forest,mothbeans
22.131868978540744,61.08947929395759,76.30641763069762,5.617903747145195,71.08510890960383,161.56833997466472,19.1,18.5,24.6,35.2,39.3,35.5,30.0,31.1,32.0,25.3,23.1,19.3,Arid,pigeonpeas
18.12272056952108,78.52544930540701,90.69308902173017,5.963015786345451,63.68006800886681,77.93459651553532,1.0,5.1,8.3,6.5,10.5,14.3,11.5,14.2,10.1,8.9,7.0,4.9,Alluvial,kidneybeans
17.521126186288015,68.86909073060781,82.13370462780759,4.815060712437539,18.94070045049682,76.59326927688775,19.3,20.7,31.2,34.6,38.1,36.0,27.0,32.5,28.7,28.1,23.5,18.1,Arid,chickpea
90.68645358468109,36.64638146348701,21.49419073072304,6.6749392595423975,57.48945555107362,132.26836551523195,18.7,24.7,27.0,30.7,34.4,30.5,26.2,29.0,30.7,24.7,21.8,18.4,Red,coffee
86.14487697548748,45.08802044894038,38.84348251961111,6.572741310642968,78.32241077260898,214.08659810657204,15.4,22.7,25.0,30.0,31.2,28.7,27.6,29.4,29.0,26.7,22.3,17.2,Alluvial,rice
83.24254688552521,65.38970986025224,45.1980594278238,7.8492123547402075,77.74834354316808,198.4329859516868,14.6,22.7,24.6,33.0,36.1,32.0,30.1,31.7,31.5,29.3,22.2,16.9,Laterite,maize
52.27535085728463,54.42927889679189,41.169991333809115,7.608887717602508,87.02298511785173,228.55701097298086,15.3,21.4,26.9,32.0,31.4,30.1,29.5,30.8,24.9,29.1,24.9,15.1,Black,jute
70.63917663627518,59.1315596147099,40.58372909890904,7.847411609683149,84.68131218148943,231.68140007669115,15.9,20.1,23.6,34.5,36.7,34.3,29.1,32.4,31.4,26.4,24.7,20.4,Red,cotton
17.675301275741017,29.866449661872466,9.229775361827134,5.834097441246444,93.06913204125114,86.80706600527184,25.7,24.7,24.0,27.9,30.3,23.9,23.4,24.2,24.0,26.9,24.8,27.0,Laterite,coconut
32.67632107776025,13.760147666661638,32.37043617578527,7.235593493852159,98.06222792026803,115.08712668998669,26.5,29.5,29.6,29.4,27.2,30.4,21.7,25.1,24.5,24.1,25.3,26.9,Alluvial,papaya
19.707360298712093,10.947125497750953,10.37939385535687,6.300374753562336,82.21907255650412,79.83562672696087,19.5,19.0,24.7,32.4,31.8,29.3,30.2,33.3,30.4,27.3,25.5,17.7,Arid,orange
118.06905508826553,137.40531130934986,177.22385312864427,7.215279395857311,56.3182525760806,105.27997806562044,20.2,19.1,22.5,31.1,34.6,33.4,29.9,27.6,27.5,26.7,26.2,17.0,Red,apple
107.77590403160242,17.536629991315987,52.44786636174992,5.30254085050329,21.68915126849643,45.98627631978229,26.5,26.0,27.8,30.4,24.8,23.5,23.0,23.5,26.8,22.1,28.9,27.5,Arid,muskmelon
92.90916185864734,13.599996678743427,53.41063452773736,5.934827656438101,27.000791254620367,43.0385322324682,18.1,18.0,28.8,30.8,32.9,31.1,27.8,26.1,29.6,25.7,20.1,18.0,Forest,watermelon
76.13065713099392,16.782813541404625,49.61621260937359,5.362373240054374,65.37582926848295,70.39152900579818,16.5,23.4,30.0,37.0,33.4,32.1,30.6,30.2,30.7,28.5,19.9,19.7,Arid,grapes
10.827108832052431,10.644577642431459,14.539082806217403,5.496335918789621,60.74833722878667,167.4464650564388,24.9,28.0,29.1,28.9,30.4,23.7,26.5,24.6,23.0,28.1,23.2,26.4,Forest,mango
106.1288236735961,74.7208268933163,45.92349351883101,5.976173879490296,74.48158750931385,95.9859830473432,25.6,24.4,29.8,27.9,28.7,24.6,22.1,23.6,26.4,26.6,22.5,21.9,Laterite,banana
17.25834892317074,18.784234910341475,40.6928153995122,6.76521437434668,20.070037213945557,77.1837539101827,19.8,23.3,25.5,34.0,35.9,36.2,30.3,31.8,29.9,25.1,23.5,17.4,Black,pomegranate
19.828347175408908,78.57929156411737,81.9984231214478,6.978923837491996,22.21285482151737,113.71635185322562,24.1,26.7,24.9,30.0,25.6,27.2,21.4,23.5,21.1,25.6,24.9,23.3,Laterite,lentil
175.80451123457885,294.30821320281063,81.26380756489647,7.3651574792041945,10.634208712645218,102.37506702812453,15.7,20.9,25.3,32.2,36.1,32.6,25.8,27.8,31.0,24.0,25.8,17.9,Black,blackgram
18.780793036396737,47.194955010394125,20.263942468343096,6.548583849406608,37.63179048790747,45.28562763523081,23.4,25.4,26.6,27.3,26.5,24.2,19.5,23.5,23.7,25.7,22.6,25.8,Laterite,mungbean
18.887540036892364,35.03556746831924,18.68623121922107,5.607682439060466,54.68128801588152,47.070104064201075,17.3,22.1,24.7,32.1,36.1,29.3,24.0,27.7,26.3,24.2,18.7,17.7,Forest,mothbeans
22.12890302543876,68.18823600841566,71.72853612838045,6.236281489090667,73.89891683586815,168.60668483915663,19.8,19.1,30.8,34.1,38.7,33.5,29.1,31.1,32.7,27.2,25.7,18.9,Laterite,pigeonpeas
17.7770641238999,62.01934489242925,86.03168012142666,5.898120041810318,61.30193879673727,81.57213571296809,-3.9,4.2,8.8,11.7,15.8,15.5,15.1,13.5,13.3,5.2,7.8,1.6,Arid,kidneybeans
18.424694412123625,61.285343638418425,83.34209265496143,5.437506615350004,21.69740257467431,79.11071637933303,18.7,22.6,28.3,35.5,36.6,33.4,33.3,31.3,32.7,31.3,23.1,16.1,Alluvial,chickpea
112.34222000132806,37.02862381873783,21.419643733330595,5.988420185399803,53.05935689788672,161.56007211927883,14.6,18.7,25.2,32.7,33.8,29.4,28.8,26.8,27.3,22.9,21.0,17.4,Red,coffee
80.44130872737843,45.98512905958752,43.871805725888564,6.002017199686162,83.45337524060766,215.1321528466999,24.7,25.8,28.1,28.9,27.8,22.8,23.6,22.3,24.2,27.6,28.3,24.6,Alluvial,rice
89.75811761700695,53.68610720166613,41.74618041861415,6.373632384195614,70.61367911607256,215.95163836851273,17.8,19.4,28.6,33.1,32.6,31.4,29.8,27.9,26.3,26.1,23.9,19.1,Forest,maize
52.192076087513385,60.61425163080722,39.65436613207182,6.84418580691325,78.4739455791947,255.37062354573723,16.5,20.3,25.9,26.3,30.7,30.9,26.7,26.9,25.7,25.3,24.5,16.2,Black,jute
64.5431097834716,60.461959632159655,40.61910125832923,7.142237526269375,82.50202486944409,272.65415652834633,23.5,24.7,28.9,27.0,28.5,28.8,22.5,22.1,24.9,23.9,19.3,26.3,Black,cotton
21.17687357599742,32.11192246698282,8.908325929642478,6.202592425863909,82.0584631486151,113.12567582709642,25.0,28.7,25.2,31.6,26.4,21.5,23.1,23.6,23.5,24.8,25.3,23.5,Alluvial,coconut
31.699686883273518,17.09102241289976,30.282198000902415,6.539011055692042,85.14321686703984,102.31474277276224,-0.8,2.4,5.4,13.6,13.0,16.7,12.5,15.8,12.9,8.0,4.7,1.5,Red,papaya
22.654230757650428,9.998571557670209,11.381313268266279,6.39456276314863,70.12251051518182,82.11399321446763,19.7,22.0,28.3,33.7,39.3,37.9,31.7,28.3,30.3,27.2,20.8,14.6,Arid,orange
125.11798102128098,121.2356826077131,218.97369888829212,6.656118306633775,67.98344578829833,108.84063252461019,-0.4,3.0,1.0,14.9,10.2,13.8,11.4,14.2,12.0,10.5,5.7,-0.3,Red,apple
101.88030528631748,22.096014848648743,49.004562259028525,6.264627853720036,21.992638139308678,46.830365761802156,24.4,26.4,28.8,28.4,31.9,25.5,27.6,26.7,27.4,28.3,26.2,25.6,Red,muskmelon
103.2406675267252,13.225899657622838,55.165582567066664,6.2482517393786585,25.991833196147233,52.86855233542595,2.6,6.2,5.8,10.2,16.1,16.2,14.0,18.1,16.7,9.8,5.7,4.5,Arid,watermelon
62.370633957408764,15.973742723905021,45.30951685166837,5.196747018185171,68.95904861395104,76.34994412368202,16.4,19.0,23.1,32.0,38.0,26.7,27.0,27.8,28.6,25.3,20.4,17.7,Red,grapes
10.31503701819291,10.223041582484436,13.963786401448242,5.85981257794142,53.99395256832212,141.59699784373606,26.3,26.6,30.1,32.6,30.3,24.7,23.7,21.6,23.8,25.1,24.4,27.2,Laterite,mango
103.73960768676214,72.7437260368112,49.73016802400861,5.4131155556622765,73.3701571733219,105.39487186918821,21.3,18.6,25.8,29.1,35.7,36.2,30.0,30.7,31.0,30.2,21.5,18.2,Arid,banana
17.33974385063846,20.269107338346064,40.51844434989231,5.200330671331036,18.744784915633275,70.57577246914694,17.9,23.1,24.6,31.2,32.3,29.6,25.9,26.1,28.0,24.2,21.2,18.7,Red,pomegranate
20.84865793339434,61.40965841872843,72.43611957016243,6.588304884127464,17.666466615787538,86.69663115482841,14.8,17.5,26.4,29.1,37.1,33.4,29.3,31.2,27.4,23.3,20.7,19.9,Arid,lentil
42.23471856097099,53.02192831876008,69.8375012971155,5.851202823770948,55.69346320670943,95.6101570191237,18.2,21.6,28.4,34.3,35.6,33.3,30.8,32.5,29.8,25.6,28.0,23.0,Arid,blackgram
19.33163504426862,50.360673058061955,19.028626592537098,7.081696073541831,38.82906842759651,45.90009857919536,27.5,24.9,26.2,30.8,30.3,25.3,20.3,27.9,22.7,24.1,27.6,24.5,Alluvial,mungbean
18.409212930694206,43.06817566504013,20.525707402639476,6.439530325643482,55.738416212748795,53.78464673202398,18.8,22.8,28.8,33.3,38.3,35.0,31.5,31.7,34.0,27.9,25.8,20.9,Alluvial,mothbeans
21.80508243129385,73.49351093494484,81.87050452770805,6.676565196727588,62.44444191133019,135.4906271632509,1.2,4.7,6.3,13.8,12.8,13.8,12.6,13.3,15.6,5.8,4.7,4.1,Laterite,pigeonpeas
17.89643151435103,75.60271645513464,78.99128615464663,4.978696878543386,62.54451525983915,73.05503897846766,14.9,18.7,26.8,34.0,31.6,30.3,29.4,29.0,28.7,24.5,22.1,15.1,Black,kidneybeans
21.74183032961807,60.906044475359025,77.24068869616258,5.638963392973023,19.313980717320007,72.48715789636304,2.9,4.8,5.8,16.1,16.4,21.5,16.0,17.8,10.8,7.3,6.0,-0.6,Forest,chickpea
103.43530029812595,37.248016266219274,20.056138526597174,5.8532086876493095,59.07708099864608,159.80913969646903,0.6,4.5,6.8,13.5,12.4,14.4,11.8,12.4,12.8,8.5,6.8,3.3,Black,coffee
80.25994832837821,40.4368556217329,103.7749041800098,12.998281515621406,17.155423610489514,445.5803159537388,17.4,22.8,26.6,33.6,35.2,31.4,30.7,28.4,28.8,27.0,23.1,17.3,Red,rice
79.33322670249541,55.8987916511791,35.51391263749827,7.224521410065826,74.71164767994098,245.79599730256172,20.7,19.5,24.8,31.0,34.4,31.2,26.6,28.1,28.0,24.2,21.3,15.9,Alluvial,maize
67.80728674470977,57.845521377997876,39.9236226005369,8.886983124285491,73.20740974279086,278.32974015299214,23.2,29.1,27.6,28.4,29.1,22.5,25.0,25.6,26.0,22.7,21.8,22.7,Red,jute
79.63066959991242,63.97648404036323,36.34125405389379,7.558523677453928,79.2402856541573,243.02655378573036,27.1,27.4,27.0,31.3,28.2,28.0,23.0,22.0,25.8,29.0,25.5,26.4,Laterite,cotton
21.32363229039585,31.286213180879674,9.27164091303185,5.657037935495007,97.26312885130028,104.75507885683615,17.6,21.7,26.9,36.2,33.6,32.6,31.3,31.1,27.6,28.8,23.6,15.5,Arid,coconut
32.32163141666384,16.795393184332482,38.530048076061945,6.624550794197503,102.46468326436873,113.72318997957635,19.8,24.2,24.2,28.8,34.7,30.7,35.9,29.5,26.5,26.4,26.3,20.9,Alluvial,papaya
17.640162286328128,10.55209870790919,10.740680887400336,6.737528996441057,90.31722536168131,80.0167448688904,17.3,22.5,25.9,32.7,32.2,33.2,25.8,30.5,29.7,28.0,22.3,15.7,Laterite,orange
108.69508577254636,129.67997460669505,213.84310230066026,5.8899342704322875,52.30457693204345,113.75759701476072,19.7,22.3,30.7,35.1,35.3,36.2,30.2,29.6,30.2,28.0,26.3,18.7,Forest,apple
105.12259337058407,19.538016811391522,52.2097446312945,5.5291101095012545,21.198660764089226,54.031580536568654,22.6,22.5,26.4,25.6,27.6,26.4,20.3,20.7,17.9,24.1,21.3,23.7,Arid,muskmelon
95.51894426825321,16.074282866373395,46.671843388416754,5.811799421016849,27.056941012798063,52.770971021171064,2.5,5.4,6.2,14.2,17.1,15.8,16.1,12.9,12.0,8.6,4.6,6.2,Black,watermelon
66.74181530345088,13.251449793623097,47.19614391556786,5.437791607084673,58.69040077503239,60.27077481382142,18.0,21.1,26.7,31.5,39.1,33.5,32.8,28.9,31.1,27.0,28.6,15.2,Forest,grapes
11.208184030663533,9.944781109830487,13.7027400547909,6.626102014740223,54.73320825235283,154.32012094980362,20.2,18.9,26.6,30.8,37.8,34.3,29.9,30.2,27.4,24.5,23.3,23.1,Laterite,mango
104.26303138262254,82.69124350590637,50.043464558398384,6.083702702047114,77.18504684864466,91.11583423202376,19.3,21.9,25.5,30.0,35.7,32.4,31.4,30.9,26.2,25.5,24.4,19.1,Black,banana
18.85665335225267,20.301411740114755,34.77676479919463,5.596831205446296,20.931154692955328,64.35080232108237,24.3,29.5,24.3,27.9,31.4,24.4,23.7,22.9,24.8,27.8,24.6,27.2,Alluvial,pomegranate
22.548777987082282,64.04867563417321,73.71924091736278,7.087901896806728,18.681425647565014,108.00176872636303,20.4,21.1,25.7,32.1,36.8,34.2,31.4,29.4,29.5,23.3,23.9,21.1,Red,lentil
45.06256331187596,65.01646070818076,88.08098862169035,6.8956601447377395,67.9339350735279,94.32089811427106,19.4,19.8,24.8,33.1,35.3,32.0,30.1,28.4,31.1,29.5,25.3,14.7,Red,blackgram
21.098487563895954,44.89191907162684,22.090709127511325,6.957361644458102,34.98418627158077,51.118659300150036,18.7,20.8,26.3,28.9,35.5,33.2,31.6,29.5,28.8,26.8,25.0,21.0,Black,mungbean
17.47951698517611,37.652066608201245,21.562521690080153,6.120830198328618,54.467218877957244,44.683965181226945,24.7,26.4,29.0,29.8,28.9,23.9,24.4,27.8,21.0,23.8,23.1,25.3,Arid,mothbeans
20.182045725588033,73.45580921368034,88.15995876968502,5.750315701840547,66.89750976014086,162.30182284484138,0.9,7.2,7.4,9.3,16.4,15.7,12.7,16.2,13.9,11.7,8.8,3.4,Alluvial,pigeonpeas
21.071114052341542,70.66904099579276,87.56607060914915,6.07922619981255,57.61420795800315,85.42362160188345,14.8,18.5,29.4,35.8,35.7,31.2,32.5,29.7,32.8,26.8,25.3,19.4,Black,kidneybeans
22.293546600247254,77.63030231709624,82.97930598991502,5.161490341264938,21.51278517945135,90.75751342801738,23.6,28.3,24.3,28.1,26.9,27.3,24.4,24.2,28.3,18.9,27.6,23.5,Alluvial,chickpea
95.78402847109525,45.068735746317145,22.761366172145927,6.095328241533363,53.77585739975538,159.06297459722717,19.8,23.1,28.8,33.6,30.9,33.6,29.2,30.8,31.5,25.1,22.4,16.3,Alluvial,coffee
87.31115898772579,47.57460466298735,38.99420927437519,7.061703995806092,82.90653674765808,200.0137737598544,15.1,20.4,27.6,30.6,39.2,30.0,28.8,28.7,27.1,31.4,21.0,16.8,Arid,rice
80.3078523472279,64.70111751761975,46.71553681087381,6.197260661334346,84.19082734034934,215.10763372574235,18.5,19.6,27.2,30.2,31.6,33.0,27.6,25.1,31.3,23.5,22.0,20.1,Laterite,maize
52.97646508109958,47.38801348289939,42.109974623421216,8.367892543347397,87.17985643477056,245.0172368687073,18.1,16.9,22.0,28.7,34.2,29.8,26.6,27.0,27.6,23.9,19.9,16.2,Red,jute
78.91073465562776,64.31508256829508,32.82973919063483,7.111788561592044,90.55919402010686,218.1292200093893,20.7,23.4,25.6,28.0,33.3,33.5,28.4,31.0,28.0,26.3,21.4,17.3,Arid,cotton
22.76271455078943,33.46594325510645,9.097904004865418,5.6806259548247535,96.41603391390723,101.3877336584745,19.4,18.2,27.5,31.5,34.3,33.6,25.3,28.7,29.1,24.1,22.4,20.1,Arid,coconut
27.914020811872856,14.118619011179147,37.47592012813188,7.244209857933272,80.16840434843316,119.19814182754814,25.6,24.6,25.2,29.9,30.6,25.3,26.1,24.4,25.6,20.7,24.9,20.5,Black,papaya
18.93589511527412,11.08613610112484,10.10916698340875,6.706352426951545,85.45270369232033,73.71637038291352,16.2,20.7,26.1,31.9,31.2,33.9,28.5,28.7,26.6,25.6,24.2,17.0,Laterite,orange
132.58055156388696,131.33557856492718,192.87779126988175,5.792148112702802,65.13988765266178,89.42700053635858,20.0,24.4,30.5,29.2,40.3,32.8,29.4,29.0,28.1,28.3,26.2,16.4,Black,apple
113.03281726177414,19.9097112739021,44.73756074637619,6.17077029567211,19.556644718358786,51.07841978136525,4.7,3.0,7.7,6.4,12.4,13.0,15.7,11.7,11.3,7.0,6.9,3.8,Arid,muskmelon
111.71605617428986,16.53222336508328,44.651377127454104,5.889666066051456,28.48111696654575,50.24913976678298,12.8,21.7,27.4,30.7,37.5,36.7,27.9,28.9,31.7,28.0,23.8,17.0,Forest,watermelon
62.05058300018326,16.824734702662077,48.453754046840544,5.791776398067707,68.80732810503177,75.8669236180512,21.3,18.3,31.7,33.2,36.9,30.9,30.9,30.7,29.1,21.9,23.4,18.1,Red,grapes
8.676396974810107,10.91941523884217,15.352187969668332,6.4703825780203905,55.11662068559077,152.92441166334262,25.3,29.3,27.7,27.9,28.3,25.4,25.7,23.5,26.9,29.2,24.7,26.3,Forest,mango
101.24222746131161,71.37157867798504,46.139216056554766,5.486833252670789,84.5572412079713,92.52135025329338,25.3,25.2,28.3,29.2,31.4,23.2,21.3,25.7,25.0,24.8,21.9,25.6,Forest,banana
21.575461976342474,18.386102944786266,34.4828212889456,6.578371347452106,21.055367114942037,69.95096184720687,1.8,5.1,9.0,11.9,11.6,12.6,10.1,14.6,10.5,7.8,6.4,1.2,Alluvial,pomegranate
18.657259798423492,67.27731852022876,84.67324375504845,6.259803511746424,20.49291489581822,89.14984904132439,27.7,28.3,28.1,32.8,29.0,22.1,24.0,20.5,26.3,24.2,27.0,24.4,Arid,lentil
35.10325771343662,67.49756903243657,78.90042982597002,6.470372620102001,65.19842455588173,101.33649181076653,15.3,18.0,25.3,29.5,34.4,29.3,30.2,27.1,27.6,26.6,23.1,14.9,Red,blackgram
20.670713252097286,46.1843428476144,91.76762850692349,1.649876659117081,7.082839393087498,260.58039323693293,19.5,22.6,26.3,32.1,35.6,31.8,26.4,27.9,30.6,26.6,21.5,17.7,Laterite,mungbean
18.416717780037274,35.949578184702744,19.21531613562562,6.16094801502504,49.51533248656828,50.94797248737047,15.9,21.5,24.5,33.1,35.9,33.1,27.6,27.5,33.6,25.9,26.3,18.6,Arid,mothbeans
21.770052748123025,69.03998318332714,85.97313862484698,5.419522738052761,64.17289078791357,166.44622126071005,23.2,25.4,25.4,28.6,26.1,26.8,22.6,21.8,23.6,23.9,23.8,26.2,Black,pigeonpeas
18.232881848294436,67.89578208983825,78.46110455908578,6.044380776872148,70.06155671523571,77.34645713098435,18.2,19.0,27.3,31.3,40.1,37.8,32.1,27.4,34.4,29.0,25.3,16.3,Alluvial,kidneybeans
19.095981239037894,63.08049295597503,88.29985565075933,6.093561279890569,18.218010750158008,78.50041087631698,16.3,15.2,24.9,33.2,31.5,31.5,25.5,28.1,29.3,25.3,25.2,15.5,Alluvial,chickpea
109.47446481287824,39.06160458884428,22.1278111948831,5.79101387998579,58.724820809041354,157.4073228831113,23.6,28.0,29.7,27.5,25.1,26.8,19.0,21.2,24.1,23.7,21.8,27.7,Arid,coffee
84.77786949645814,40.215643847851055,46.848851602044654,5.6423904468692525,91.677207771115,208.87210993280166,1.3,4.1,8.3,12.8,17.1,18.1,14.3,16.3,11.8,10.8,6.6,2.5,Laterite,rice
85.50065241353734,60.365234891834994,39.64845380302475,6.775934253639975,72.3346881194189,227.52114852611695,24.7,24.5,26.3,30.2,32.6,20.3,21.5,22.7,24.5,23.4,21.6,22.1,Alluvial,maize
62.48284420260893,50.983584273170656,44.95419260922415,7.938691326452641,72.7819052177951,295.77610647341777,15.1,21.4,28.3,37.2,38.5,32.6,30.9,31.2,26.7,26.0,25.0,15.8,Laterite,jute
83.78937852747549,59.90750311882354,36.060550435851965,7.92094894519788,84.44755859094396,276.0685152290335,21.5,20.9,25.9,34.4,35.5,33.6,26.8,34.2,28.5,25.8,22.5,20.8,Laterite,cotton
18.04128722188273,26.977896650530813,9.525342360560224,6.135628205845684,75.55389034293688,95.79154756451213,15.2,23.5,29.8,33.0,33.2,32.1,31.9,28.2,33.1,26.7,24.9,16.7,Laterite,coconut
27.922819981592802,14.554557662567047,38.64884390636357,6.293891032610182,86.73975431668181,118.42894290523576,22.5,22.2,27.0,24.3,22.8,25.0,22.8,21.6,25.5,26.2,23.9,22.7,Laterite,papaya
20.10018857693169,9.66492705855326,10.719336071796711,5.965661180038995,78.41306718583421,79.3875020171177,19.1,18.1,29.1,34.7,36.6,32.1,29.8,32.6,28.4,27.1,23.5,16.1,Black,orange
108.89464840747713,126.35280290490269,196.5145857857262,6.364496417305471,64.65676136408486,87.27707342801216,21.2,20.6,21.1,32.2,31.6,33.6,30.2,29.9,28.6,25.5,21.1,12.7,Black,apple
92.76245680105828,20.135553553717926,43.34429849462695,6.266297989752093,21.75583044231715,53.13699122230242,23.7,24.9,28.8,31.6,30.9,25.5,23.1,20.0,22.3,24.4,22.6,23.9,Red,muskmelon
433.6457200090499,59.40195408905091,46.40409685799332,7.035003156667526,4.755812013529407,175.9835486185172,2.5,-0.1,3.9,11.3,12.0,18.2,14.3,16.8,11.5,6.9,6.9,2.0,Alluvial,watermelon
72.91040410065045,14.33121641549875,51.2613929997192,5.173985874507559,67.1609150550539,78.40018232440411,1.6,0.2,7.9,6.9,12.3,17.3,15.0,12.3,10.4,8.8,2.7,1.9,Red,grapes
8.824230823203811,8.738401400875334,13.368332947025516,5.212907640406405,60.49105073242266,151.6863725764498,20.3,19.6,27.5,32.2,40.1,30.8,27.9,25.9,30.7,25.1,25.9,20.0,Arid,mango
106.83895364603072,81.8234291696563,50.65392021819438,6.692515728403507,74.3837751420717,94.48844789176025,11.8,19.8,28.5,32.5,34.4,34.0,29.8,30.6,27.2,24.0,22.7,13.4,Arid,banana
19.302908773203907,20.868919570186236,41.454088660072614,5.529818717425879,18.157472904651733,74.56603080685412,17.6,16.5,25.5,32.5,38.9,34.5,31.8,32.9,32.5,31.5,25.5,19.4,Alluvial,pomegranate
18.935493695487228,70.91584947736911,71.97470253623754,7.222435942496999,17.804788262054753,92.10355719354675,22.6,28.0,30.3,28.2,30.4,26.6,22.7,22.4,25.5,22.4,25.3,25.1,Laterite,lentil
38.7121242067323,60.620959514079125,75.74969070552386,5.958596892189453,62.50972032517252,112.26613927507717,19.2,21.6,28.4,32.9,35.3,34.6,28.6,28.7,26.1,24.6,23.6,18.3,Arid,blackgram
20.594900618403457,43.487548599279044,19.032076707261023,7.158903279884736,42.99461901988057,47.045935401577616,25.1,24.8,31.0,27.0,30.5,29.4,23.3,26.4,26.3,27.0,29.9,23.6,Laterite,mungbean
19.047406990593306,42.747919069961775,22.46626352216785,6.084411001120421,55.56365715742633,53.70527914114033,25.8,31.6,26.3,34.3,30.4,25.6,22.3,28.4,29.1,26.5,31.0,32.6,Forest,mothbeans
20.291745771806976,61.08834883622208,84.14247732324795,5.790145169263341,63.009956206916684,145.3046248868068,1.0,3.8,9.4,10.2,15.9,13.9,15.6,11.2,13.8,8.4,3.9,-1.2,Red,pigeonpeas
22.530282889139485,62.90602578614062,82.96250229552075,5.54449206722104,62.42327859202202,84.63879011794359,25.7,28.7,26.0,30.8,29.0,29.2,21.9,23.1,25.0,27.0,23.1,21.6,Alluvial,kidneybeans
17.70064242794013,66.97465043871905,89.71591628344848,4.9307301988888526,19.013786746340518,70.38672590448462,14.5,20.8,29.3,29.9,34.4,30.1,29.8,26.8,27.6,24.6,20.5,17.4,Alluvial,chickpea
93.34633264889409,39.502895806096255,17.85234990769264,7.347169194054468,64.60041316059944,131.2812015806021,22.2,26.4,29.2,30.6,29.5,27.9,24.9,25.0,27.4,28.3,28.2,23.5,Red,coffee
98.90357910542431,39.73173188315879,46.022697053878005,6.211823461964483,75.92132307631216,179.49701566398778,20.2,19.5,25.7,36.1,34.4,29.2,31.0,31.3,26.9,23.6,21.8,16.5,Arid,rice
85.60796014479942,50.28025736253675,44.10708596641118,7.261920703019107,91.31337717111407,214.73663628739504,24.7,28.5,26.1,28.8,23.7,23.2,23.3,20.9,24.8,24.1,21.6,23.7,Forest,maize
61.93603649551783,58.0475123488123,41.022294339347766,8.658689004556326,75.31336950156559,273.76054771522354,16.7,23.4,24.0,31.5,36.2,34.0,32.8,28.8,30.7,24.3,23.5,18.7,Black,jute
81.31732682766074,58.74837704476103,39.501620619742994,6.33251836788942,76.19067735293262,216.04307955810862,17.4,26.7,31.5,31.9,34.3,32.0,29.6,30.7,29.3,25.5,25.5,17.3,Forest,cotton
17.526551319420623,33.51805651711664,9.678428658614658,5.320080137212027,85.81834543849156,97.17226182740997,1.7,4.2,5.4,9.9,13.1,13.3,12.5,13.2,16.7,8.5,7.1,2.3,Red,coconut
29.212652869284746,16.65166124334651,38.31203715555541,6.861381789861365,94.4708641432733,106.58380673549597,20.0,18.9,24.1,32.9,37.4,33.8,33.6,30.1,30.9,25.7,24.9,21.9,Forest,papaya
18.832151666132084,8.911935896318692,8.725360715912164,6.150991119871132,86.56595702815505,82.68419900802,25.0,25.1,30.5,29.4,30.6,23.4,23.6,24.1,25.9,22.6,23.3,24.0,Red,orange
114.1791551684469,136.97732640713178,192.1355068614171,6.323644170638367,54.66990521607618,98.4729667136371,2.3,-0.1,10.0,15.3,12.6,16.0,13.4,12.7,11.3,9.6,6.2,4.5,Black,apple
102.734758500557,18.82032747193008,47.21020358405974,6.443545488769174,20.918908199198217,53.50249303204577,27.3,23.4,27.0,34.5,28.3,30.0,24.6,24.9,25.6,26.9,18.9,24.6,Black,muskmelon
108.93175691034689,13.167368194523325,44.22196131032048,6.443863005326963,23.994956006160454,53.14727361454467,26.7,24.9,25.9,31.2,28.4,26.6,26.6,25.9,24.6,25.6,23.5,27.0,Alluvial,watermelon
63.93594342131176,15.380707398168092,46.12386049088564,5.291151933618032,58.16841720411491,73.54342405854275,14.3,20.7,28.5,34.8,36.5,31.0,30.4,34.5,30.0,28.4,28.8,16.6,Alluvial,grapes
11.316891185226003,9.906030793162174,14.450274846907334,6.598515523947745,58.279773752075656,133.0996613520334,26.5,29.3,25.0,26.2,30.6,23.2,19.7,21.3,23.4,24.1,26.9,25.5,Black,mango
110.47201764958979,69.54894939551392,49.36948921529903,6.117006711297466,88.949153224078,91.54214321707013,15.7,22.5,28.7,30.8,36.4,32.8,29.3,31.9,26.4,25.4,24.7,19.7,Alluvial,banana
20.07217371343945,21.083793874080058,39.92363420342179,6.504052111739324,22.408665200154637,79.53917997464843,26.3,26.9,25.6,28.5,28.1,24.7,26.3,25.6,23.5,26.6,25.9,27.3,Black,pomegranate
38.78402067590701,136.07087710196075,192.35505099872788,1.4703501569499726,4.0639109782804,111.63156281569158,17.6,20.5,24.1,32.9,37.2,31.4,32.3,28.5,33.3,23.1,19.7,17.9,Laterite,lentil
34.48497069555121,64.58985698066331,69.38133299334291,6.548776675074963,53.98296658764709,86.23603943760811,19.0,20.2,24.6,30.7,32.9,27.0,26.2,25.9,27.7,25.8,22.4,16.7,Forest,blackgram
19.492394758849017,54.95661650272623,17.92517730015932,7.006972843443842,36.4887383305654,55.62260712508355,16.3,25.1,24.8,34.9,36.5,35.2,31.9,28.8,30.5,26.2,24.4,16.9,Forest,mungbean
21.259544755523958,37.318392236345275,19.533115153005042,6.454602785547946,48.75561556874033,49.85332426651634,19.2,22.2,26.7,28.9,35.5,33.1,25.3,30.3,30.1,25.4,19.5,18.1,Black,mothbeans
21.19142014528598,74.34266882973006,79.0240207537491,5.510240637669421,68.3916711498019,134.13690112598263,-0.4,5.2,8.4,8.5,17.8,15.3,12.7,16.4,13.6,8.3,6.0,4.3,Black,pigeonpeas
19.39234919001952,68.06874103144764,88.18219450544461,5.364341364738721,70.50511332184495,82.31166502241251,16.5,17.7,25.2,34.0,37.9,31.6,30.3,28.6,31.2,22.5,23.3,18.2,Laterite,kidneybeans
17.235031952888168,77.43838935138453,76.56605919664716,4.827671586577341,22.378850425492146,83.2462350822922,14.7,20.7,28.0,36.7,37.3,33.4,29.9,28.1,26.7,28.3,23.1,19.2,Arid,chickpea
99.31550466941388,36.48633939786376,19.901662586628333,5.866841041085778,56.42473065575315,162.6728215154028,19.3,18.1,25.8,29.0,32.4,34.4,28.5,27.4,27.0,25.5,22.5,20.5,Black,coffee
79.51560327090279,37.95751657140377,48.69908590657285,5.8620139701899845,91.64433743094628,193.45899488277777,0.5,4.7,3.6,11.7,14.2,13.5,13.3,13.9,12.0,10.4,8.8,5.4,Arid,rice
80.0525994282936,52.167780475659185,45.30017799682592,6.477156198324013,69.92796842288324,232.0113634300048,15.6,20.7,25.6,32.2,34.5,30.7,26.4,30.9,28.8,28.8,21.7,18.1,Black,maize
52.258408674592914,57.82998082040534,48.563579627054494,7.531855492657194,79.31461838597275,247.0952926895502,18.1,20.2,27.8,32.0,36.4,31.9,30.9,29.3,26.2,27.6,25.8,17.4,Black,jute
70.30823759210273,64.13378279465479,42.729422886822945,7.841311031378966,74.72622952223468,242.73039204684358,18.4,21.4,28.6,35.1,36.5,33.6,29.4,31.0,31.7,24.5,23.7,17.5,Alluvial,cotton
18.094267032791397,32.82336631607701,9.782915470258837,5.291981672529376,84.95770923364516,98.65872177628017,25.2,25.6,26.2,33.6,32.8,22.6,24.7,24.9,25.5,28.8,26.5,26.2,Black,coconut
31.083459086054766,14.419547473739167,34.24686699420036,6.9007873062457135,92.30444173973738,111.85715197845404,15.6,22.3,28.0,31.1,35.6,33.5,30.0,27.4,29.5,28.4,24.2,17.3,Forest,papaya
20.449345105583188,10.977835351288617,8.929092931169977,6.188910141055252,77.67398851607284,83.26636129022535,26.3,27.1,30.6,33.3,28.9,25.3,24.4,24.1,27.7,25.9,27.8,29.0,Forest,orange
114.46295767556241,136.5944476488908,199.1252974205235,7.0644632351157615,68.1965300812879,86.7233911620058,20.1,19.9,25.2,26.6,25.6,24.3,21.8,24.6,20.9,22.5,26.9,24.0,Forest,apple
94.2547687316542,19.69893908035351,50.24382154146425,6.3570906006913885,20.062243623113375,45.922587342639865,18.9,23.5,27.7,29.8,32.8,32.5,24.2,30.3,31.8,27.5,23.5,17.7,Alluvial,muskmelon
108.99566076616958,14.258597231800037,50.64624415369281,6.757198735677657,24.143509540198398,48.581286480656445,22.6,23.7,26.6,26.9,30.5,26.0,25.9,23.5,22.2,21.8,20.2,22.8,Forest,watermelon
62.20949922294111,13.202435631438322,46.16799786891756,6.264154485154243,65.31366621161409,64.83279669466195,17.7,24.2,25.3,35.9,37.3,35.4,31.3,32.8,30.7,26.9,29.0,17.4,Red,grapes
9.26198058551067,8.642105140317495,15.595819972545911,5.475455053468501,59.50101076329392,142.44965833997347,1.1,0.8,7.1,8.2,14.7,15.3,15.7,15.2,17.1,8.1,6.0,1.3,Laterite,mango
110.34595671914629,76.57144557324784,55.27405617624104,5.80585641325106,76.40615418974254,94.3507019487536,26.4,28.6,24.5,27.0,29.9,22.7,21.2,18.7,23.7,26.3,21.4,23.7,Alluvial,banana
19.805809657683813,18.829437730803303,34.43675898675884,5.250024171558266,21.379372542988925,69.82647770999507,23.4,28.8,26.1,32.1,25.6,24.9,20.4,25.6,24.9,21.4,27.2,27.9,Alluvial,pomegranate
20.079103526933917,73.5232286497537,70.26880918185044,5.696675124573462,21.68194111349254,94.64011500457113,17.8,18.8,26.1,29.2,34.8,34.5,24.1,27.8,27.3,28.0,21.0,19.0,Forest,lentil
37.75582687204664,61.323734895371445,83.22687525594907,6.669046661554366,58.86690629224971,107.1000531642178,14.3,20.9,26.5,30.7,33.7,30.7,28.4,30.6,28.0,25.6,20.0,17.0,Black,blackgram
20.519380306518848,51.71184310629433,21.523714910883108,7.493181068046415,37.65314273398682,53.685772198061585,18.9,20.5,28.5,34.5,36.9,35.1,30.1,26.7,36.0,30.7,22.9,19.4,Black,mungbean
17.985307978289285,40.610803913004986,19.07742880531839,6.772836122219758,50.18516163367036,46.77848794107863,23.3,27.8,25.5,25.6,28.2,21.8,19.6,23.1,25.9,23.4,22.0,24.6,Arid,mothbeans
21.024747632745758,71.82315012482107,90.16017255541055,6.388848876072448,73.41352872242412,169.0614735957468,27.9,28.5,27.6,27.3,31.2,19.3,21.4,25.2,24.6,27.9,24.6,26.0,Forest,pigeonpeas
20.48034899305144,70.11523246208183,74.3135124443973,5.135910461656863,56.23235589741366,73.09833614329932,15.3,20.0,24.7,33.4,32.4,32.0,31.8,28.3,27.4,25.7,23.8,19.3,Forest,kidneybeans
18.65229040455158,72.98489506209646,77.42475958009601,4.8205888596909094,19.502546240763195,82.90985177621715,13.9,23.1,27.0,33.5,32.8,33.0,33.7,33.2,30.3,27.4,21.8,20.4,Black,chickpea
92.4747393475538,39.789335963676876,20.47805701843252,6.995672735797866,53.46036814973949,170.82303584477464,27.7,23.1,24.7,27.0,32.2,27.4,21.5,24.6,26.0,26.8,23.2,27.4,Laterite,coffee
92.189305953596,39.30017472672481,45.407134731725094,5.7045484923210665,80.90394778450995,176.2575362958932,15.3,20.7,24.2,32.9,34.8,32.0,29.9,27.4,27.2,22.2,20.3,17.5,Arid,rice
90.79920982121585,58.47314773006112,46.66966263638369,6.523597161149647,74.89837362972874,246.64076125769265,-0.7,4.1,5.8,13.6,14.4,13.8,12.1,9.6,13.1,6.0,8.5,3.1,Forest,maize
52.184225884121986,60.90139718353675,46.04340400772188,6.758495883705834,76.10276914815226,230.89387316574098,16.0,21.2,28.3,35.2,35.9,32.8,30.4,28.1,30.2,27.0,24.9,17.0,Arid,jute
66.78403267627651,55.413465260769414,37.30989394215126,7.598656217327796,71.54951968025371,275.7346266377461,18.7,21.6,28.0,35.8,34.5,30.2,31.3,26.3,30.6,27.4,26.1,19.9,Arid,cotton
21.69124395437663,28.64850813549061,8.97520395777558,5.712786002467322,96.74027169336055,101.10424292212122,26.7,23.8,24.7,30.3,32.0,25.2,24.4,21.0,24.9,26.9,26.0,30.4,Arid,coconut
27.301297535525382,14.370956636700566,30.78221702772745,6.9747000113998805,97.33445723916415,100.356934672109,18.0,20.2,26.6,33.4,38.8,35.1,33.3,28.1,29.0,28.6,27.5,21.0,Laterite,papaya
18.595361022331026,10.603440049031645,10.338037300115335,6.156514142049756,86.99431300312536,77.05373617887032,16.0,16.9,28.4,31.3,32.3,30.2,27.1,27.4,26.5,23.1,18.9,14.5,Laterite,orange
111.11809066526614,108.75582952800926,185.99635917355263,5.894361220994437,61.77644202443205,107.54924898108789,23.5,26.6,29.4,27.8,26.4,21.0,22.8,20.3,21.9,27.5,23.2,26.0,Alluvial,apple
94.69673600851263,17.86614812038379,45.92371563241534,5.6473734382532275,18.978065552389545,43.860599526163625,22.6,26.7,25.2,28.0,27.3,22.2,22.5,20.8,23.8,28.5,22.4,25.4,Arid,muskmelon
105.70255275767902,13.907913147193002,54.09168214588153,7.295345428280285,26.277972760944813,45.9353880577155,17.9,23.5,26.8,32.0,35.3,33.1,27.9,28.8,31.4,26.5,23.0,17.8,Forest,watermelon
76.451193788828,14.74264270819056,43.51422133382385,5.859331373766091,69.42084942532112,78.08057487885122,19.4,21.6,27.9,34.2,35.0,32.9,28.6,32.8,28.8,24.0,20.5,19.8,Black,grapes
11.37094689551575,10.61460352992593,14.229329289617938,6.8114184284460055,64.08590322794706,155.99577729262586,20.7,21.3,24.8,32.1,32.9,30.0,32.5,30.2,29.0,27.2,21.2,19.3,Alluvial,mango
108.42908031589229,85.4947812642227,56.46936648195695,5.665375852947317,86.94428096568588,98.93931872590214,0.5,-0.5,6.2,6.6,11.2,15.4,13.2,15.3,12.0,6.0,6.8,4.9,Arid,banana
17.735778653854787,22.5202134104741,36.93957895544593,6.780242677637177,21.604079606341095,72.5609329580634,0.2,3.4,8.0,9.4,14.0,13.8,13.8,11.7,11.2,10.5,7.1,4.2,Black,pomegranate
20.49449100044526,73.24065058439386,77.02705157766215,6.056060899617123,19.227140027983296,100.0180662539974,16.6,16.8,28.8,30.8,33.1,32.8,29.1,31.9,27.5,30.8,19.9,16.1,Red,lentil
40.15115062180092,52.761329267657175,90.28290189201044,6.139576007785648,64.12201943616184,111.9231995380233,16.9,22.5,24.3,30.3,35.8,31.2,31.1,30.0,27.3,28.8,22.6,16.7,Arid,blackgram
22.146176633367574,50.530778919734075,19.717200221269067,6.602118543703692,44.127423199654686,53.52649010780085,16.8,23.2,28.0,35.3,36.0,35.6,33.6,31.0,31.3,28.7,24.9,18.9,Forest,mungbean
21.88217322483277,36.81370912933842,19.38793113126747,6.005932733253848,51.52036130244378,50.75167655129766,18.3,17.4,22.7,29.8,35.3,28.5,29.7,27.5,30.6,23.4,22.5,15.7,Red,mothbeans
18.80971906177556,73.83461331183798,83.12626839220738,6.2961111799932485,71.58166949270885,144.74444174264522,15.1,20.9,26.2,31.2,33.3,30.9,27.5,31.6,33.2,26.6,22.1,16.3,Arid,pigeonpeas
20.577852218109353,70.80146907166264,71.0369862158194,5.227846544760753,72.15066922375075,72.51703996362974,2.2,4.9,7.8,13.5,11.8,12.8,11.6,13.6,13.3,10.3,6.9,6.3,Laterite,kidneybeans
22.743061942642235,69.43733896892103,75.2019227031952,4.957417721783623,20.475120938609678,74.96175848933072,27.7,26.5,26.6,30.3,28.3,25.3,26.0,25.5,27.8,23.2,29.0,27.0,Forest,chickpea
94.921242410906,45.1205059915867,19.09950926856754,7.074317949608545,59.068334907030234,129.9051015343296,19.1,20.8,24.7,28.7,31.8,29.3,25.3,26.6,29.1,27.1,21.4,17.0,Arid,coffee
81.98919230071141,44.043912667752195,46.87873205594638,6.9058480132653095,75.86358565884129,208.04511094704617,19.5,17.1,23.1,39.6,34.2,35.5,28.4,33.3,28.2,26.3,24.4,18.9,Laterite,rice
94.58081589662433,56.554491532970324,43.17077046993137,6.948686689771389,84.0301472124081,208.92088718556604,25.4,25.3,26.3,29.4,30.6,23.8,21.3,23.7,25.6,25.1,23.5,21.1,Arid,maize
59.28749750908443,58.48357933268585,38.635490581602575,7.464482378563337,88.6441831848887,242.18541004359957,23.8,24.1,28.7,28.5,29.4,24.0,23.5,22.0,23.5,27.2,23.7,24.7,Forest,jute
69.25458090381407,51.4102031034055,42.110970859028505,7.7213336121917795,83.17176869986041,211.00600115906488,17.3,20.4,25.5,31.2,38.0,29.7,29.5,30.6,27.3,26.8,25.3,19.8,Red,cotton
21.849901130366977,31.702678307296438,8.672805690016025,5.291002318236668,79.62128278789237,109.63385444490184,21.8,25.3,29.0,26.7,28.4,22.9,21.5,21.9,29.1,24.5,24.4,23.4,Red,coconut
27.60754568669482,13.93666370509213,39.01127492817907,6.281032515549681,100.28135649097817,100.42660930183277,18.1,18.0,29.3,33.9,36.9,33.2,27.0,33.4,30.2,27.7,23.6,21.1,Forest,papaya
21.312664611105387,8.853922467147607,10.480920467216578,5.7372472998555075,79.29981809044747,75.48311440357675,17.1,18.0,29.5,31.4,33.6,29.0,24.8,28.9,31.7,26.0,22.1,19.4,Forest,orange
104.77693124326518,110.05282560471758,184.9285490612235,5.960442022735984,66.27410025595017,90.16946847797554,4.3,0.5,6.4,14.5,17.0,17.5,13.5,17.2,15.7,8.3,4.7,2.9,Arid,apple
100.05287840636095,21.4529888715,51.26921078743336,6.155644673674758,17.418213480547273,47.82139630373887,16.5,20.8,28.7,30.9,33.0,28.5,29.0,28.0,27.9,26.1,20.3,16.0,Laterite,muskmelon
89.40293400441483,13.853274115510493,48.02647900707089,5.609705225987858,23.781443326637046,53.663503609938736,28.4,27.8,28.1,28.8,31.6,22.6,23.9,22.6,23.9,25.4,23.2,23.3,Alluvial,watermelon
64.29283044343447,16.39705233952102,48.070743419841904,5.464389012693372,56.55890677563807,71.91327416348541,22.5,25.4,28.3,27.6,26.3,23.6,20.7,22.6,23.4,22.5,25.1,22.6,Black,grapes
9.117479786761084,9.58166351113458,16.367019304459426,5.173967531746079,60.825509174590536,152.0496528472655,19.4,20.6,26.4,32.9,37.1,32.7,30.9,31.6,24.8,25.1,23.2,15.6,Laterite,mango
112.66125970350038,89.03933093410626,54.88833623963688,6.078381856957311,76.52799332283762,98.17309137562724,16.1,18.7,25.2,31.1,33.5,29.0,30.4,27.0,29.5,25.8,22.2,19.4,Laterite,banana
21.438108302910145,19.746776726734893,34.776308778369646,6.074161024472492,21.994172352415553,77.40822472403723,16.3,22.4,24.0,31.4,34.6,37.0,31.7,30.4,31.1,33.0,21.9,16.5,Black,pomegranate
18.728791778013875,60.25271820311773,82.01718935300619,7.062388045271435,22.088063269326806,100.24899067172454,17.5,16.8,26.9,33.1,35.7,31.6,32.3,28.1,28.9,24.6,22.9,19.9,Laterite,lentil
44.7659303327965,57.26752859032074,78.53362063001745,5.8916422625394596,65.8606899194479,101.99451479760526,4.0,0.7,11.0,12.7,15.4,18.4,12.3,15.5,13.1,9.1,7.0,-1.1,Black,blackgram
21.534437227767466,43.31035806977058,17.65465885789266,6.812916661224914,36.70065124071333,50.69759427555317,18.2,22.0,29.8,32.8,37.3,34.5,29.6,27.4,31.8,27.2,24.3,18.0,Red,mungbean
20.58653340182072,36.16369562187246,19.697871178062126,6.103184375557193,48.93402001087038,47.68575554940269,24.9,23.1,28.9,28.0,28.4,24.8,20.0,24.4,24.1,23.2,27.3,23.0,Red,mothbeans
19.0989524593892,79.76835821321212,77.17200191927431,6.60154978485305,73.77105653716214,145.22646237093866,26.6,26.7,29.5,22.9,28.9,22.1,19.5,18.8,23.4,23.8,24.7,24.4,Arid,pigeonpeas
22.126247920047927,77.86322127069126,69.88178575674739,5.226670734399133,68.96127626925242,88.00261425259166,16.6,18.4,28.1,31.3,39.0,32.2,29.4,31.6,32.1,25.6,23.6,19.6,Forest,kidneybeans
20.51328225978073,62.24522186763363,76.04899965415325,4.877515052227008,19.42571390449443,88.0781505004189,22.0,23.8,23.9,26.8,27.4,23.6,25.7,23.7,21.5,23.1,23.3,20.7,Alluvial,chickpea
90.64974811823234,39.45940846842017,19.120812403185457,6.36974716086321,57.071150556615486,144.24557218772247,21.3,22.4,26.2,30.3,38.5,30.1,26.8,30.2,29.5,23.5,26.2,20.4,Alluvial,coffee
94.50153665520867,40.69534945923308,40.57642694423822,7.3842360601957235,81.2704032683535,178.34621628849675,17.5,23.3,28.6,33.9,33.2,34.4,35.6,27.4,29.1,23.4,23.5,17.2,Arid,rice
77.91218289503787,50.442510763529185,45.59873287785225,7.619228753957496,71.65350095842777,198.86602959836088,27.5,29.8,25.0,31.7,26.1,25.3,23.5,22.1,25.2,23.5,24.1,25.0,Forest,maize
56.10561225534403,51.98312245045358,43.20177897869368,8.349372776038722,71.56621753349486,258.46073628877485,0.6,4.7,5.8,13.1,13.3,17.4,13.7,18.0,8.9,10.0,8.1,2.8,Red,jute
82.29107860220842,59.75103715349043,43.0145477050178,7.944756208228962,73.22332915323568,217.1573499132452,14.9,18.9,25.7,25.4,35.8,30.6,28.3,26.2,27.9,25.5,21.1,17.6,Red,cotton
22.481667718197478,32.11934891788972,9.730024407063674,5.2837915661669195,86.95044537716099,92.65672748593798,20.1,23.2,26.1,32.8,33.8,35.9,26.1,35.4,32.2,28.7,21.4,19.7,Red,coconut
30.600568779555,14.974376472928395,34.599142396458625,6.485241817457395,79.29681312510687,117.99486399032999,22.0,20.3,26.7,31.0,36.3,33.8,28.4,30.8,31.1,26.3,26.4,16.6,Alluvial,papaya
20.72307465501032,10.58129439834714,9.371528345262153,6.608189123826174,84.50702640866137,77.42752078882899,17.2,22.1,27.3,35.4,40.0,33.4,30.4,28.4,28.3,23.8,24.3,16.9,Alluvial,orange
133.7398254018893,129.60376992175992,190.15759796710128,7.362748310560065,62.67598177364253,106.48236540742668,14.7,21.4,26.0,32.2,30.0,30.6,27.2,32.3,27.8,25.0,21.0,17.4,Black,apple
87.31711461741855,19.15200440379467,53.33360374267691,5.1880259449785555,18.95836794970624,44.69406354839586,13.1,24.4,26.6,29.6,36.1,30.8,29.7,30.2,29.2,27.1,25.2,15.5,Red,muskmelon
98.7361614603876,16.763296888707167,49.76058586667862,6.769284338481812,24.91128400265762,43.35116532930432,-0.1,-0.5,7.1,10.9,14.6,16.2,15.8,15.3,12.5,9.2,5.9,7.2,Alluvial,watermelon
77.5957720408752,14.07716760638637,40.41544046219657,6.337507731501326,61.85916501185372,69.45846033078558,22.8,23.0,26.1,31.6,24.4,24.9,22.3,21.4,23.4,25.2,22.1,24.1,Laterite,grapes
10.494030303843164,10.289955449101782,15.116428446027243,5.825257253362456,60.7262950879648,130.5377313242366,15.8,20.3,29.0,35.4,35.3,34.5,31.0,31.3,26.8,26.7,21.7,16.3,Forest,mango
91.19719465700886,70.19519774693714,43.97630540468872,6.3028398051194845,80.80296218134069,105.88058154864311,18.0,22.5,28.8,36.3,35.3,36.7,29.7,29.4,30.1,26.6,24.2,19.8,Red,banana
20.30963584236654,20.074000568021006,38.01931410001001,5.186682773708918,19.610462986565086,78.1943359923273,19.2,21.0,26.8,31.9,37.5,35.5,27.1,31.0,30.3,26.1,28.3,20.4,Laterite,pomegranate
22.27940918016236,66.99127323615836,87.12463840321138,6.612718905547959,21.377301726619855,111.5601378233145,19.1,22.1,28.6,33.6,38.6,34.3,33.2,34.7,31.0,26.5,23.0,20.8,Arid,lentil
43.123165689873446,56.63105984651151,84.5924671811393,6.703480815256092,61.81549540102181,113.80945385904381,18.5,24.9,28.9,34.9,36.3,34.6,34.0,30.9,31.5,26.6,20.9,21.9,Forest,blackgram
19.069352521384477,53.913241885587446,19.68714253605277,6.256412401649523,40.13281155338581,45.617354229319666,17.1,21.9,26.7,34.9,35.8,32.9,29.9,32.9,30.7,28.3,24.2,19.1,Black,mungbean
22.765002772871522,39.9396765437561,17.947248081187418,5.60152170857319,48.99102436830345,43.74790472455664,1.5,2.8,6.2,14.0,12.6,11.5,13.5,15.1,10.6,10.4,8.8,1.8,Arid,mothbeans
17.424226781386707,71.96087421870841,77.04949920389747,5.312261818270774,66.57226852274665,131.64660815837695,28.2,29.2,27.0,32.1,32.6,28.8,25.3,26.6,25.9,28.0,26.2,26.7,Forest,pigeonpeas
17.52243531382016,72.55430500024508,70.87115412248704,5.381061537501613,63.2978008953987,74.40763262045473,17.8,23.9,27.3,30.6,38.4,40.5,30.7,36.8,29.8,26.9,23.3,20.1,Forest,kidneybeans
21.490716038119288,70.31797210270557,77.92242614496784,5.372148046116003,19.06762938748595,80.85908466625344,18.5,24.3,25.8,30.1,36.0,31.4,29.8,28.1,32.1,24.9,21.6,16.4,Laterite,chickpea
100.4669543802972,38.10929233435023,18.78313232498083,6.5079251548170545,62.075252086184,139.1432253079522,25.0,26.9,27.6,30.6,29.2,25.0,20.6,26.7,24.3,27.4,25.0,28.9,Arid,coffee
98.90701771912693,47.59069971274617,47.06161622077059,6.419502317724554,74.02743270906615,177.55112481740025,18.2,22.5,24.0,29.3,29.6,31.1,29.5,29.8,25.4,24.0,21.0,17.4,Alluvial,rice
80.57371982481098,58.58013715350618,39.083566863767516,6.711131337351033,76.60534026253586,250.3330828001108,24.3,26.4,28.3,24.9,23.8,24.2,21.4,19.2,21.9,24.4,27.4,25.7,Red,maize
63.29879010837037,53.31777776109981,45.23304116589907,8.532841997089768,90.17765665804744,273.8972436422757,22.6,24.2,24.3,29.6,30.4,22.5,26.2,24.2,28.0,25.0,24.3,22.9,Black,jute
75.38606646239145,61.90395580139572,42.438907590879836,7.249848207493959,83.77436511522886,245.36004727663152,17.2,21.0,27.5,32.3,31.3,28.9,32.2,30.5,30.8,28.6,22.0,18.9,Alluvial,cotton
17.786292195701446,32.40039208758215,11.148460119868684,5.795169709044696,73.67579612997272,92.00271650101038,2.4,2.4,7.5,6.9,21.7,14.6,13.2,13.3,12.2,8.3,7.8,3.1,Red,coconut
32.565748678472715,14.848716286371861,38.822484219031246,6.93441009270877,86.19384614637771,103.9401250684437,25.6,24.2,26.1,28.7,28.2,27.4,22.7,22.4,24.4,24.1,26.4,22.2,Forest,papaya
20.62666579761327,10.005074465342002,8.935784312949245,6.536745322359587,85.71093842401443,90.87377202288089,27.7,30.6,26.7,28.8,30.3,26.8,27.2,23.4,24.1,28.3,24.6,28.8,Alluvial,orange
133.2430745690606,140.24261615292772,194.13535614482478,5.661549979373886,65.9975454408138,111.16453084635924,0.2,3.0,4.6,16.6,15.3,16.0,17.3,14.6,16.3,11.7,5.9,6.2,Arid,apple
107.21298446061165,21.436125977698374,54.20309373690926,6.818138579647033,17.508963717275215,46.812118356662076,28.2,27.0,26.6,29.2,31.0,25.0,22.9,20.3,24.1,25.2,22.8,26.1,Red,muskmelon
90.12463115569912,16.023422986194085,48.15933364718494,6.700722859207839,24.88860021784457,55.919313984264754,24.5,24.9,29.6,30.8,28.8,23.0,25.6,26.5,20.9,27.0,24.3,28.3,Laterite,watermelon
68.25552954242697,15.225417315661353,46.68790842394531,5.438209050613527,72.4560852024124,66.71003850085654,19.8,23.8,25.4,30.2,32.9,30.4,25.8,26.7,25.8,21.5,26.0,16.1,Laterite,grapes
9.153068884476703,9.081270796868319,14.80998266519551,6.734683484901703,67.37098093394032,152.65000594256702,-2.6,1.9,4.8,13.6,12.1,14.0,14.8,16.1,10.1,7.7,7.5,1.5,Arid,mango
99.09899586967067,77.2394009500857,54.56318329417809,5.333834514039882,72.98964077336578,88.73301384211435,0.2,2.3,5.8,8.6,15.0,13.9,16.0,15.8,10.5,10.2,8.1,5.3,Red,banana
19.745837508296983,19.459267558412826,34.545003880010356,6.632216003828894,17.397629762400936,79.6415272750775,21.2,21.4,25.9,30.9,35.9,36.8,33.3,27.8,30.6,26.6,27.1,19.9,Red,pomegranate
20.07007592370386,72.84048307397654,73.74540622267665,5.608966798746834,22.157870234710813,105.40561653597018,17.6,25.7,28.2,33.7,32.1,31.0,33.0,29.7,25.2,25.6,25.2,21.5,Arid,lentil
39.10602769506126,52.33094373476527,87.73604359097607,6.47334354826376,60.35491981339231,89.91524734028259,15.2,15.5,27.7,32.4,34.0,33.5,26.8,27.6,30.7,24.4,19.1,17.4,Black,blackgram
17.633540833663123,45.47805292311718,21.520160652768507,7.562105153089075,35.17432416333402,47.50345189649197,25.3,26.1,28.8,26.0,27.1,23.6,21.8,20.3,25.0,22.9,22.6,21.5,Alluvial,mungbean
21.79720540277721,42.35388049501766,22.095386914106527,6.281259953186506,53.725261715281725,46.43971656628079,15.0,21.2,25.7,34.3,33.2,34.0,34.7,28.3,32.6,26.0,23.0,17.2,Arid,mothbeans
19.1852363324791,68.79246531109328,76.61857688211722,6.112760386222612,64.47020360722868,146.20242241243434,20.0,24.4,29.7,30.3,32.7,26.1,24.8,20.7,25.6,24.6,25.0,25.0,Forest,pigeonpeas
20.0826550161079,71.06876329697519,82.28277066519522,5.02976111134707,68.59109508237968,75.6753370993558,20.4,22.1,22.9,34.7,37.0,32.4,31.9,29.1,28.8,26.0,20.0,18.7,Laterite,kidneybeans
22.396195802127853,63.135450446333635,86.58609550882869,5.527590096603132,20.612920037403185,77.5074595353935,25.9,26.7,28.9,30.1,30.5,25.7,24.6,24.0,26.7,26.6,29.0,25.1,Red,chickpea
86.92050608398287,39.041352765396674,17.814249517829754,5.927392989485925,68.35202678233284,152.38484803549386,23.5,25.7,26.9,27.8,30.7,23.0,24.8,27.2,24.6,25.0,25.0,25.7,Red,coffee
96.70118280337726,45.76269329137463,40.44845905273875,7.11624240318165,87.94513402651239,194.52377970294074,26.3,25.2,27.6,32.5,27.6,21.5,24.4,23.5,27.5,22.5,24.8,28.6,Arid,rice
86.208377994268,64.84411045903612,46.53777676432857,6.9968404912942255,82.20329010792445,252.94029733939203,18.8,19.8,27.7,35.4,37.5,31.7,29.7,30.4,26.2,27.9,26.5,19.7,Black,maize
58.91412728574206,49.77448617132937,47.3330795118871,7.844133566461223,75.21495833383565,297.33764313906613,19.3,23.1,29.1,36.2,38.6,36.4,34.2,28.2,29.1,26.3,24.8,19.1,Alluvial,jute
75.34402679160782,62.42869643318599,34.66592101215732,6.779068722823544,88.640709127609,263.5029544325042,4.4,3.9,2.3,12.1,15.2,17.2,12.1,13.6,11.1,8.6,5.6,3.2,Forest,cotton
18.112117420436814,29.267695816241783,9.523703162431234,6.434164104286293,96.20948452307246,99.07829304009402,16.8,20.4,26.2,31.8,32.5,32.0,26.3,24.2,31.8,22.0,20.0,17.5,Alluvial,coconut
32.49950563099159,16.147973194063837,37.44995043584037,6.001925275612072,86.8983160387174,110.87301427262108,21.7,20.8,26.9,28.4,36.7,32.1,30.4,27.8,32.2,28.3,24.6,19.8,Laterite,papaya
21.145414794505754,9.553641257943676,11.224958106393677,6.075231721294315,77.93285104662233,72.991953144573,19.6,24.6,24.7,31.1,27.2,24.0,26.0,19.6,18.4,27.0,24.5,24.0,Arid,orange
118.59642731092765,133.7405259630161,176.1017457902134,6.773437562822974,68.25196435128329,93.32957623381287,16.4,18.4,27.1,32.2,32.4,28.0,28.6,25.9,27.7,25.9,19.8,19.2,Arid,apple
113.56223412360713,18.24784128920477,53.23555140219184,6.739613459279628,18.84479375694725,47.187758913333944,14.8,17.7,29.5,30.7,38.7,31.0,25.5,25.2,26.9,26.1,25.2,15.2,Laterite,muskmelon
100.3321932340022,14.96311466233628,53.223038374008134,6.594246688765006,26.18180077435247,53.694434154797,17.3,19.9,26.1,32.4,38.7,32.8,29.3,33.1,26.9,27.8,21.0,18.7,Black,watermelon
77.17385848250295,13.515090858368918,43.645364976095465,5.659489645836189,71.91391436708905,75.67305460915335,17.4,22.0,26.2,30.0,31.2,32.4,30.5,25.0,31.7,25.3,23.8,14.8,Arid,grapes
10.980823485464457,8.955300287856153,16.07348657201136,5.8118416033013744,60.43037540283504,131.4770006266409,15.3,17.8,26.1,31.8,32.2,32.2,29.7,28.1,26.7,23.5,21.1,14.7,Alluvial,mango
110.54460899943273,77.38720069959632,50.389930533825364,5.34045324100952,69.91822535374814,112.30820054568014,20.7,21.2,25.0,32.2,32.9,29.3,28.4,29.5,26.6,25.8,22.3,17.6,Laterite,banana
20.7850801725618,17.90623921287168,39.78208290890235,6.255871653386389,17.770114769628627,65.86610265586263,24.7,27.7,30.9,30.9,27.2,25.6,23.3,24.5,26.4,22.3,28.1,26.0,Forest,pomegranate
21.62636093421106,68.7829867686262,70.86230984402192,5.859789820732118,18.954324296152,92.24802919199806,24.7,27.7,28.6,28.7,28.6,30.3,24.8,22.5,25.0,23.9,24.4,26.1,Forest,lentil
35.755468659896536,51.87275805504646,73.18123416183181,5.711528173832137,54.23951474766805,113.177133711132,20.6,20.8,28.0,30.7,34.2,35.3,27.6,29.0,25.5,30.1,24.0,15.7,Laterite,blackgram
20.512585644119117,45.22520644407029,17.636808840769046,6.5213741727098595,44.8905540970606,47.035446383095916,18.2,18.3,24.1,30.4,35.4,32.0,31.6,29.2,28.1,23.2,21.8,13.6,Alluvial,mungbean
18.587389960582676,38.35203233447428,17.641369208865036,7.304863055426974,46.74826401805653,53.03531670923992,21.3,24.7,29.2,35.2,32.1,35.2,32.6,30.4,28.6,28.9,26.3,19.6,Alluvial,mothbeans
18.28264032380923,75.09648804285659,78.08697237249285,5.66543197293427,66.26348088935437,154.0786114344002,21.9,17.4,25.4,36.8,37.8,34.6,29.3,29.4,26.8,30.7,23.5,17.7,Alluvial,pigeonpeas
22.38419880914138,66.23432907621348,83.23184075228055,5.59007960981277,65.08284191176237,89.9718882186435,26.4,26.3,25.8,27.9,28.2,19.9,20.8,23.0,24.7,24.6,23.6,20.7,Forest,kidneybeans
22.105470328347387,69.47025514606354,84.34339400455275,4.96831455494964,22.051270095345124,70.02539900106146,16.2,17.6,25.3,34.0,34.1,31.4,29.6,29.0,25.1,26.3,21.5,19.9,Laterite,chickpea
90.59389026026186,39.18398574381545,18.198366761555363,6.344973644759992,65.06384082399623,168.06623522587404,15.0,22.7,29.8,36.2,34.3,32.0,29.2,30.8,30.6,28.9,21.0,20.2,Alluvial,coffee
97.30461475027022,42.9051480627029,41.75765496674302,7.08338117156466,73.56961565779874,228.91486006246862,16.1,22.9,26.1,34.8,33.1,34.3,25.7,27.2,31.1,27.3,23.9,19.2,Forest,rice
93.26991903063383,56.47669755870023,41.76802102814252,7.3392153417155015,77.57534219535553,228.38510053845968,17.7,22.7,27.4,30.9,37.5,32.0,32.5,32.4,28.4,27.2,24.6,17.6,Arid,maize
53.245492906713956,57.94680794217352,43.753421315030835,8.379250501897461,87.94884512396735,247.65171894830303,18.2,15.5,23.9,32.0,31.5,29.8,24.6,30.9,30.5,22.0,23.7,17.1,Arid,jute
82.63059369252397,59.22151965654422,37.44051913002557,7.523577845050993,79.54115397145287,250.68879894640153,24.4,25.1,26.8,28.3,25.2,26.1,22.9,24.9,24.4,23.8,28.6,26.0,Laterite,cotton
17.559329511477173,30.020153430354426,9.461544229612027,6.34534770821959,78.74769538752695,110.37244768966376,12.3,21.3,26.9,31.9,33.3,33.0,27.8,27.8,30.2,26.5,26.2,17.6,Forest,coconut
26.26136901020579,16.65207397822742,33.030078636485435,6.580431377737504,86.12956228724819,123.85775844269718,19.6,19.3,32.9,35.4,34.6,34.0,30.9,29.8,28.8,27.5,20.5,18.5,Forest,papaya
20.615692562200046,9.673146988288238,10.72774583349676,5.724431970727562,75.63959980799706,76.60148769879765,16.7,23.9,23.4,35.4,30.5,31.8,28.6,26.8,33.1,25.6,25.4,15.9,Forest,orange
108.91589323956194,110.16751096518189,212.35887724499594,6.636271040846986,53.7484047205124,110.10630764098244,24.0,27.7,27.4,31.2,31.2,23.7,22.0,26.3,24.0,23.9,28.9,25.5,Alluvial,apple
90.33705380363025,17.804625093585585,48.758873848015725,6.4356801453983925,17.62528502498888,46.448741964875225,19.0,22.6,25.1,35.9,37.7,35.3,29.7,31.9,31.7,27.4,27.8,15.8,Alluvial,muskmelon
101.22703924776629,15.653172234345064,43.933108633453124,7.350798138062816,26.01430464449673,43.0005066656122,25.1,27.2,29.3,26.8,29.1,25.3,22.5,26.2,25.1,27.4,25.9,24.4,Red,watermelon
70.8089310309122,14.317154656577106,38.9383135586979,6.068333280287417,60.9049556276463,60.54466663651129,0.5,4.1,6.8,13.3,13.6,17.8,15.5,9.8,11.0,9.2,5.7,1.6,Red,grapes
8.686627352195831,8.980219786763698,13.041310023074193,6.80529205755209,57.52846621349539,132.69465159896507,20.4,21.5,21.5,35.6,39.0,36.9,34.4,34.5,30.9,25.6,24.8,17.7,Alluvial,mango
104.6093227407154,86.21414424100693,52.78908552133694,5.905757088895246,73.46027806148356,100.16418461271537,25.9,24.0,27.0,27.4,29.5,25.4,20.0,25.1,23.1,22.1,24.6,23.5,Forest,banana
17.674852750683925,18.828738111256836,41.257225061789086,6.435259639859869,22.41139444712456,65.4086662697583,23.7,22.6,27.2,29.0,23.2,22.8,21.2,19.9,22.4,23.9,20.8,24.8,Laterite,pomegranate
20.326278235713037,71.71441287590373,78.1185345968015,7.146788729985345,19.534673875080976,93.66392869591932,17.6,19.3,24.6,29.3,35.0,37.5,30.8,32.7,27.1,28.6,23.3,20.7,Arid,lentil
37.14395303115306,62.755756378019576,88.88947533398397,7.39626413123404,54.47687187099994,87.79349884595283,23.3,26.5,27.9,30.0,32.3,22.6,24.2,27.3,24.0,24.7,25.2,24.5,Laterite,blackgram
17.82405508458303,54.54861970902402,22.490849036256428,7.702012841307378,38.367121940395556,48.114315477015296,18.5,21.8,25.3,27.8,35.9,37.0,27.0,27.9,28.3,27.5,24.4,20.4,Black,mungbean
17.858463313759426,40.54331550263994,19.529656691377703,6.084691875139539,47.705885168934294,48.4404393623393,14.2,18.8,23.8,29.0,39.6,29.5,28.7,30.8,27.8,26.3,26.0,17.3,Red,mothbeans
19.87896690377566,70.20518674874793,84.36344613269273,5.783342662311954,77.21644634681716,142.38421530715428,25.8,24.6,21.9,23.0,26.4,22.4,23.8,26.7,23.5,25.7,25.5,25.5,Laterite,pigeonpeas
18.332033042856466,70.80633013703684,69.95580393954873,5.426208149694398,64.71918433559095,77.87841943027385,2.9,2.7,6.9,8.9,15.6,17.1,14.3,13.7,15.2,13.9,5.3,2.7,Arid,kidneybeans
17.333722953436382,60.671574633290994,81.35259362726175,5.360695766470618,18.20247702508475,88.91633144264631,17.5,17.6,28.0,27.6,33.2,32.8,28.2,26.4,27.9,24.4,22.2,16.8,Laterite,chickpea
111.7265774392951,35.98284863455059,17.637025108803627,7.0553495008341605,59.78701762963822,156.1208491758812,22.6,27.2,25.0,31.5,25.8,22.5,19.0,22.5,24.6,21.9,22.3,24.8,Alluvial,coffee
99.98097870856363,44.84848035368204,42.63585912499985,7.118599566871705,91.03507707555454,204.33160203380183,25.5,27.1,29.5,30.5,30.5,24.6,23.5,24.0,22.9,22.8,27.3,23.2,Black,rice
84.5305856777098,49.98294251479105,36.38099923377227,7.168208731722153,86.43474695355548,200.0757915158405,16.7,26.2,22.3,29.2,32.4,27.7,32.8,30.9,29.1,21.8,22.5,14.5,Laterite,maize
66.92281161665906,50.69740029428435,49.70796185133507,7.032534384775243,81.72875067328845,290.3888993592418,12.9,20.4,25.2,33.6,35.3,34.2,29.8,26.5,29.3,23.6,23.2,15.1,Black,jute
78.00537505245629,53.47726491331802,40.75506146781247,7.9337997103648075,72.39734963679244,217.78634158971474,0.3,3.0,4.3,10.2,11.0,10.0,11.2,12.6,9.4,7.5,7.8,4.3,Forest,cotton
21.126117600338652,32.48825622896492,10.703013907838297,6.750558903820446,93.65129899808983,92.9370463640342,15.9,19.6,26.3,30.7,35.1,32.0,26.1,28.4,30.3,25.6,26.5,18.1,Forest,coconut
32.11810881300126,15.5350255516045,37.137676124843836,6.8307845359797925,84.20550930194794,113.71415951011299,2.7,5.0,6.6,9.7,16.1,17.9,13.5,13.9,12.9,10.0,4.0,2.7,Forest,papaya
20.6571450178904,8.952207956029174,11.021670783670412,6.987791574968642,82.55798819080607,91.32570300815046,19.6,25.2,29.1,34.0,38.7,37.9,30.2,30.3,32.0,27.7,27.0,15.9,Red,orange
136.4007786457608,139.0518441494667,197.46619925579859,7.1105212223155,53.51523283984221,96.17435234668889,20.8,25.5,28.2,33.0,33.5,36.0,30.7,32.0,31.4,28.3,27.1,19.4,Red,apple
106.55366607590344,17.86846053347112,44.03081925520826,5.966143600405095,17.64299164524043,54.288867735694815,24.1,28.9,28.4,27.7,26.4,28.1,25.4,23.4,24.7,23.9,26.1,22.0,Laterite,muskmelon
113.04798976577007,16.027678600062355,49.61209531863823,6.71556520761085,27.639086551474062,56.81830488732875,0.4,6.3,4.8,11.6,16.2,17.2,17.8,15.4,15.6,8.5,7.9,2.9,Laterite,watermelon
70.51323287013949,60.26295791114761,201.964356213237,9.673355300149174,68.20855938177509,79.48946785492171,13.0,20.1,29.3,32.9,33.6,32.9,32.5,28.1,27.7,23.5,23.2,17.1,Alluvial,grapes
9.829482712051117,10.391358700687574,14.32966657996484,5.670980088587537,67.2468289939236,162.82105676378623,17.7,22.4,25.5,29.2,34.4,30.7,27.3,29.6,31.5,24.1,23.0,19.6,Forest,mango
88.01808713872241,72.9548380631128,52.90289006030457,5.901457959543737,78.24972128269556,109.57639776701562,24.0,26.7,26.9,28.8,24.6,24.4,26.2,22.4,25.4,25.8,24.0,26.6,Red,banana
17.583079783149444,20.320757716602987,41.482168096541734,6.311946236478371,18.556255136688815,75.39858070903382,19.9,19.1,29.8,33.2,37.1,30.9,29.8,32.0,34.6,26.3,21.3,16.3,Alluvial,pomegranate
18.300306620074917,78.64428835359121,90.1625386157942,6.523376372205874,18.54130957065363,94.66103281805897,17.1,20.6,25.8,32.4,34.5,34.2,30.3,29.3,31.7,26.6,26.3,17.1,Forest,lentil
41.040930044765034,56.48264950441267,79.56512663671606,6.589619146896043,51.75893832522573,97.06208715794567,27.3,27.4,25.4,30.5,35.1,25.6,27.1,21.8,27.0,26.6,27.4,26.7,Forest,blackgram
17.966314799106836,48.496942260276235,19.709789946314206,6.97373747006217,43.73529461570625,48.714675608291756,17.7,20.9,23.2,28.4,35.7,32.6,27.0,31.2,30.9,25.8,21.4,19.7,Laterite,mungbean
17.957069593469118,43.67727608666662,19.017020341823404,5.9980318888178985,44.82767503310795,47.93068901890942,14.1,22.0,24.5,30.2,33.1,34.9,26.1,27.5,26.6,25.8,22.3,18.0,Arid,mothbeans
20.411783380639882,74.82198160616483,76.02690931012455,5.498950696148814,66.87372187324988,130.20926177323935,19.2,21.4,26.8,33.3,35.3,32.3,30.0,24.9,29.5,28.7,25.6,15.7,Alluvial,pigeonpeas
22.093010242944374,77.55157175801665,73.71410738918614,4.894898493715377,60.68660055282706,76.67582600883895,25.8,23.7,24.4,26.3,28.3,26.6,22.5,21.7,24.0,25.8,28.2,23.8,Laterite,kidneybeans
19.699890646924402,67.65373091528552,78.17058105021124,6.122578141605134,20.539186087531725,85.0506348852975,17.4,20.5,28.0,38.0,39.1,31.1,27.6,33.1,27.1,27.7,26.9,15.8,Laterite,chickpea
86.65096734519723,44.752673610290245,22.76305610098958,5.8424446862520565,54.81653526137582,148.45037916930104,16.3,24.2,27.3,31.4,32.9,32.8,26.7,30.1,33.3,28.3,24.7,16.8,Arid,coffee
92.7485977873982,47.86139079236279,44.64717205589863,6.701424368928563,77.60449528569329,179.07547487120897,17.7,19.8,27.8,33.2,34.7,35.5,35.3,30.7,28.9,28.1,27.1,16.8,Black,rice
94.21680567154813,52.12979641056188,36.089170490274675,6.722080348348266,74.98003799537857,198.30886526565672,24.6,21.7,26.1,28.5,27.0,27.4,24.5,22.2,24.4,24.1,22.2,25.3,Alluvial,maize
65.96624953111846,61.7769452433332,43.16326471636831,7.050290010452374,71.20155270242972,258.67135521417975,23.8,34.4,29.7,27.8,29.6,24.5,22.9,25.2,27.9,26.2,25.1,28.6,Arid,jute
74.41466814163802,61.438733727782854,43.098280915584766,7.75340397570148,69.58397283490582,268.4876633396417,21.0,19.1,25.7,32.9,37.4,36.9,32.6,30.5,35.3,27.5,28.4,21.7,Forest,cotton
22.66278129078117,27.222974978903125,8.679049810708051,5.978547321618704,79.84162567246196,107.23888707403773,23.4,23.9,25.4,26.6,24.3,18.9,21.0,22.8,22.7,23.9,21.6,23.5,Black,coconut
29.89748522422828,17.042781823176345,31.097170994054018,6.022755979168054,90.72905294805133,100.79309738351458,5.2,-0.6,6.0,11.2,11.8,13.8,12.4,12.8,9.5,8.5,5.6,6.4,Black,papaya
20.567526049358133,10.324803580604305,10.86593329720635,7.037960721267192,69.55033955036485,81.45769314638405,14.2,20.8,27.3,32.3,34.8,33.8,28.8,28.6,30.1,22.1,24.8,21.5,Red,orange
107.11726282417533,127.50954383713575,184.94085350442876,6.411895333940577,54.75373967678661,105.13173521747046,23.5,25.9,25.1,30.0,30.7,26.2,22.9,26.6,23.4,24.2,24.4,20.6,Forest,apple
93.97407649707296,21.63272981751934,43.682788224483815,5.811866878343627,22.59352217895067,49.934378679954484,4.3,1.1,6.4,7.5,15.7,14.9,15.3,17.9,12.5,7.5,6.8,6.3,Laterite,muskmelon
98.57307008747154,13.229565876288959,48.077507776198495,6.608077432849816,24.87580521121932,45.67190214342368,18.4,21.3,25.0,33.3,35.6,36.1,28.6,30.6,29.5,27.2,23.9,19.9,Red,watermelon
72.94751589691654,14.701830437497877,47.25311860008054,6.335563036475531,70.60633128967471,68.04394729728742,17.9,20.1,26.6,28.8,35.9,32.3,26.9,28.0,27.3,29.1,24.0,21.1,Forest,grapes
10.597331390567884,9.754233989531645,13.91172423806348,6.153380394650187,68.12911229455833,163.93537956479085,17.9,18.1,27.7,32.7,36.0,29.8,34.0,31.2,32.1,29.0,20.5,16.0,Red,mango
109.69230223480426,85.40605479795163,54.92438779720268,5.491824643400056,75.87046296709437,91.93210888020693,15.7,22.1,19.6,28.1,35.0,31.2,28.2,30.1,31.7,25.5,25.4,14.5,Alluvial,banana
19.273104243701685,20.406695862134026,43.944100256832066,5.973433516170436,17.76685606320293,74.95759407364514,17.5,19.9,24.9,32.9,33.3,31.7,29.3,31.0,23.5,25.8,27.1,18.2,Red,pomegranate
22.06843129094939,65.45838552140059,82.08750012792436,6.835005484167411,22.59162212003908,104.13796319563357,16.7,15.9,27.1,33.5,31.5,28.6,26.3,27.3,30.1,22.0,20.9,15.6,Arid,lentil
36.967868413124926,62.914819680136404,73.93508041984339,5.814946181434757,56.129930534668574,101.01091390623363,24.0,25.6,28.7,29.7,26.6,28.7,25.6,24.0,21.1,27.9,22.8,23.4,Black,blackgram
19.06454557695237,43.195930776303,21.601826275487646,6.367593265200189,38.1543071605888,54.84564480777971,17.5,18.4,28.5,29.0,31.4,30.2,28.9,28.1,29.3,28.5,22.0,18.9,Forest,mungbean
21.522941214247425,45.38231963002869,19.232594251784324,5.860134207978802,43.268936282435845,48.48189061342508,16.6,19.6,24.2,30.5,35.1,26.0,30.5,26.6,26.7,23.4,22.5,16.7,Forest,mothbeans
20.553848426824153,71.8652322906804,73.65771567874842,6.125192885768428,75.06342409610241,139.98352580686057,17.7,16.8,26.5,30.6,35.2,32.0,29.5,30.6,28.0,22.4,23.1,19.1,Forest,pigeonpeas
20.53577178633061,69.79156666412267,84.44474474873823,5.698475012851704,60.615818191369804,76.38017660736506,3.6,2.0,7.9,10.9,16.8,17.3,14.0,14.9,18.1,9.7,10.3,2.8,Alluvial,kidneybeans
17.64660742031281,61.33991092347001,69.0711214699216,5.240992528544704,20.386769881574097,72.25878228600922,0.4,0.1,7.0,10.0,13.2,13.2,16.0,12.0,8.5,11.3,8.9,4.9,Red,chickpea
93.40692303553105,35.318698329486374,21.691317763244488,7.12376527484617,67.09743998837021,152.00446375487888,19.8,26.3,28.7,29.9,31.5,26.1,18.2,26.4,19.6,25.2,25.1,22.7,Red,coffee
